_id,content_reviewable_id,content_reviewable_type,content_field,content_reviewer_id
3,1,Procedure,common_complications,1
4,2,Procedure,name,1
5,2,Procedure,description,1
6,2,Procedure,common_complications,1
7,3,Procedure,name,1
8,3,Procedure,description,1
9,3,Procedure,common_complications,1
10,4,Procedure,name,1
11,4,Procedure,description,1
12,4,Procedure,common_complications,1
13,5,Procedure,name,1
14,5,Procedure,description,1
15,5,Procedure,common_complications,1
16,6,Procedure,name,1
17,6,Procedure,description,1
18,6,Procedure,common_complications,1
19,7,Procedure,name,1
20,7,Procedure,description,1
21,7,Procedure,common_complications,1
22,8,Procedure,name,1
23,8,Procedure,description,1
24,8,Procedure,common_complications,1
25,9,Procedure,name,1
26,9,Procedure,description,1
27,9,Procedure,common_complications,1
28,10,Procedure,name,1
29,10,Procedure,description,1
30,10,Procedure,common_complications,1
31,11,Procedure,name,1
32,11,Procedure,description,1
33,11,Procedure,common_complications,1
34,12,Procedure,name,1
35,12,Procedure,description,1
36,12,Procedure,common_complications,1
37,13,Procedure,name,1
38,13,Procedure,description,1
39,13,Procedure,common_complications,1
40,14,Procedure,name,1
41,14,Procedure,description,1
42,14,Procedure,common_complications,1
43,15,Procedure,name,1
44,15,Procedure,description,1
45,15,Procedure,common_complications,1
46,16,Procedure,name,1
47,16,Procedure,description,1
48,16,Procedure,common_complications,1
49,17,Procedure,name,1
50,17,Procedure,description,1
51,17,Procedure,common_complications,1
52,18,Procedure,name,1
53,18,Procedure,description,1
54,18,Procedure,common_complications,1
55,19,Procedure,name,1
56,19,Procedure,description,1
57,19,Procedure,common_complications,1
58,20,Procedure,name,1
59,20,Procedure,description,1
60,20,Procedure,common_complications,1
61,21,Procedure,name,1
62,21,Procedure,description,1
63,21,Procedure,common_complications,1
64,22,Procedure,name,1
65,22,Procedure,description,1
66,22,Procedure,common_complications,1
67,23,Procedure,name,1
68,23,Procedure,description,1
69,23,Procedure,common_complications,1
70,24,Procedure,name,1
71,24,Procedure,description,1
72,24,Procedure,common_complications,1
73,25,Procedure,name,1
74,25,Procedure,description,1
75,25,Procedure,common_complications,1
76,26,Procedure,name,1
77,26,Procedure,description,1
78,26,Procedure,common_complications,1
79,27,Procedure,name,1
80,27,Procedure,description,1
81,27,Procedure,common_complications,1
82,28,Procedure,name,1
83,28,Procedure,description,1
84,28,Procedure,common_complications,1
85,29,Procedure,name,1
86,29,Procedure,description,1
87,29,Procedure,common_complications,1
88,30,Procedure,name,1
89,30,Procedure,description,1
90,30,Procedure,common_complications,1
91,31,Procedure,name,1
92,31,Procedure,description,1
93,31,Procedure,common_complications,1
94,32,Procedure,name,1
95,32,Procedure,description,1
96,32,Procedure,common_complications,1
97,33,Procedure,name,1
98,33,Procedure,description,1
99,33,Procedure,common_complications,1
100,34,Procedure,name,1
101,34,Procedure,description,1
102,34,Procedure,common_complications,1
103,35,Procedure,name,1
104,35,Procedure,description,1
105,35,Procedure,common_complications,1
106,36,Procedure,name,1
107,36,Procedure,description,1
108,36,Procedure,common_complications,1
109,37,Procedure,name,1
110,37,Procedure,description,1
111,37,Procedure,common_complications,1
112,38,Procedure,name,1
113,38,Procedure,description,1
114,38,Procedure,common_complications,1
115,39,Procedure,name,1
116,39,Procedure,description,1
117,39,Procedure,common_complications,1
118,40,Procedure,name,1
119,40,Procedure,description,1
120,40,Procedure,common_complications,1
121,41,Procedure,name,1
122,41,Procedure,description,1
123,41,Procedure,common_complications,1
124,42,Procedure,name,1
125,42,Procedure,description,1
126,42,Procedure,common_complications,1
127,43,Procedure,name,1
128,43,Procedure,description,1
129,43,Procedure,common_complications,1
130,44,Procedure,name,1
131,44,Procedure,description,1
132,44,Procedure,common_complications,1
133,45,Procedure,name,1
134,45,Procedure,description,1
135,45,Procedure,common_complications,1
136,46,Procedure,name,1
137,46,Procedure,description,1
138,46,Procedure,common_complications,1
139,47,Procedure,name,1
140,47,Procedure,description,1
141,47,Procedure,common_complications,1
142,48,Procedure,name,1
143,48,Procedure,description,1
144,48,Procedure,common_complications,1
145,49,Procedure,name,1
146,49,Procedure,description,1
147,49,Procedure,common_complications,1
148,50,Procedure,name,1
149,50,Procedure,description,1
150,50,Procedure,common_complications,1
151,51,Procedure,name,1
152,51,Procedure,description,1
153,51,Procedure,common_complications,1
154,52,Procedure,name,1
155,52,Procedure,description,1
156,52,Procedure,common_complications,1
157,53,Procedure,name,1
158,53,Procedure,description,1
159,53,Procedure,common_complications,1
160,54,Procedure,name,1
161,54,Procedure,description,1
162,54,Procedure,common_complications,1
163,55,Procedure,name,1
164,55,Procedure,description,1
165,55,Procedure,common_complications,1
166,56,Procedure,name,1
167,56,Procedure,description,1
168,56,Procedure,common_complications,1
169,57,Procedure,name,1
170,57,Procedure,description,1
171,57,Procedure,common_complications,1
172,58,Procedure,name,1
173,58,Procedure,description,1
174,58,Procedure,common_complications,1
175,59,Procedure,name,1
176,59,Procedure,description,1
177,59,Procedure,common_complications,1
178,60,Procedure,name,1
179,60,Procedure,description,1
180,60,Procedure,common_complications,1
184,62,Procedure,name,1
185,62,Procedure,description,1
186,62,Procedure,common_complications,1
187,63,Procedure,name,1
188,63,Procedure,description,1
189,63,Procedure,common_complications,1
193,65,Procedure,name,1
194,65,Procedure,description,1
195,65,Procedure,common_complications,1
196,66,Procedure,name,1
197,66,Procedure,description,1
198,66,Procedure,common_complications,1
199,67,Procedure,name,1
200,67,Procedure,description,1
201,67,Procedure,common_complications,1
202,68,Procedure,name,1
203,68,Procedure,description,1
204,68,Procedure,common_complications,1
205,69,Procedure,name,1
206,69,Procedure,description,1
207,69,Procedure,common_complications,1
208,70,Procedure,name,1
209,70,Procedure,description,1
210,70,Procedure,common_complications,1
211,71,Procedure,name,1
212,71,Procedure,description,1
213,71,Procedure,common_complications,1
214,72,Procedure,name,1
215,72,Procedure,description,1
216,72,Procedure,common_complications,1
217,73,Procedure,name,1
218,73,Procedure,description,1
219,73,Procedure,common_complications,1
220,74,Procedure,name,1
221,74,Procedure,description,1
222,74,Procedure,common_complications,1
223,75,Procedure,name,1
224,75,Procedure,description,1
225,75,Procedure,common_complications,1
226,76,Procedure,name,1
227,76,Procedure,description,1
228,76,Procedure,common_complications,1
229,77,Procedure,name,1
230,77,Procedure,description,1
231,77,Procedure,common_complications,1
232,79,Procedure,name,1
233,79,Procedure,description,1
234,79,Procedure,common_complications,1
235,80,Procedure,name,1
236,80,Procedure,description,1
237,80,Procedure,common_complications,1
238,81,Procedure,name,1
239,81,Procedure,description,1
240,81,Procedure,common_complications,1
241,82,Procedure,name,1
242,82,Procedure,description,1
243,82,Procedure,common_complications,1
244,83,Procedure,name,1
245,83,Procedure,description,1
246,83,Procedure,common_complications,1
247,84,Procedure,name,1
248,84,Procedure,description,1
249,84,Procedure,common_complications,1
250,85,Procedure,name,1
251,85,Procedure,description,1
252,85,Procedure,common_complications,1
253,86,Procedure,name,1
254,86,Procedure,description,1
255,86,Procedure,common_complications,1
256,87,Procedure,name,1
257,87,Procedure,description,1
258,87,Procedure,common_complications,1
259,88,Procedure,name,1
260,88,Procedure,description,1
261,88,Procedure,common_complications,1
262,90,Procedure,name,1
263,90,Procedure,description,1
264,90,Procedure,common_complications,1
265,91,Procedure,name,1
266,91,Procedure,description,1
267,91,Procedure,common_complications,1
268,92,Procedure,name,1
269,92,Procedure,description,1
270,92,Procedure,common_complications,1
271,93,Procedure,name,1
272,93,Procedure,description,1
273,93,Procedure,common_complications,1
274,94,Procedure,name,1
275,94,Procedure,description,1
276,94,Procedure,common_complications,1
277,95,Procedure,name,1
278,95,Procedure,description,1
279,95,Procedure,common_complications,1
280,96,Procedure,name,1
281,96,Procedure,description,1
282,96,Procedure,common_complications,1
283,97,Procedure,name,1
284,97,Procedure,description,1
285,97,Procedure,common_complications,1
286,98,Procedure,name,1
287,98,Procedure,description,1
288,98,Procedure,common_complications,1
289,99,Procedure,name,1
290,99,Procedure,description,1
291,99,Procedure,common_complications,1
292,100,Procedure,name,1
293,100,Procedure,description,1
294,100,Procedure,common_complications,1
295,101,Procedure,name,1
296,101,Procedure,description,1
297,101,Procedure,common_complications,1
298,102,Procedure,name,1
299,102,Procedure,description,1
300,102,Procedure,common_complications,1
301,103,Procedure,name,1
302,103,Procedure,description,1
303,103,Procedure,common_complications,1
304,104,Procedure,name,1
305,104,Procedure,description,1
306,104,Procedure,common_complications,1
307,105,Procedure,name,1
308,105,Procedure,description,1
309,105,Procedure,common_complications,1
310,106,Procedure,name,1
311,106,Procedure,description,1
312,106,Procedure,common_complications,1
313,107,Procedure,name,1
314,107,Procedure,description,1
315,107,Procedure,common_complications,1
316,108,Procedure,name,1
317,108,Procedure,description,1
318,108,Procedure,common_complications,1
319,109,Procedure,name,1
320,109,Procedure,description,1
321,109,Procedure,common_complications,1
322,110,Procedure,name,1
323,110,Procedure,description,1
324,110,Procedure,common_complications,1
325,111,Procedure,name,1
326,111,Procedure,description,1
327,111,Procedure,common_complications,1
328,112,Procedure,name,1
329,112,Procedure,description,1
330,112,Procedure,common_complications,1
331,113,Procedure,name,1
332,113,Procedure,description,1
333,113,Procedure,common_complications,1
334,114,Procedure,name,1
335,114,Procedure,description,1
336,114,Procedure,common_complications,1
337,115,Procedure,name,1
338,115,Procedure,description,1
339,115,Procedure,common_complications,1
340,116,Procedure,name,1
341,116,Procedure,description,1
342,116,Procedure,common_complications,1
343,117,Procedure,name,1
344,117,Procedure,description,1
345,117,Procedure,common_complications,1
346,118,Procedure,name,1
347,118,Procedure,description,1
348,118,Procedure,common_complications,1
349,119,Procedure,name,1
350,119,Procedure,description,1
351,119,Procedure,common_complications,1
352,120,Procedure,name,1
353,120,Procedure,description,1
354,120,Procedure,common_complications,1
355,121,Procedure,name,1
356,121,Procedure,description,1
357,121,Procedure,common_complications,1
358,122,Procedure,name,1
359,122,Procedure,description,1
360,122,Procedure,common_complications,1
361,123,Procedure,name,1
362,123,Procedure,description,1
363,123,Procedure,common_complications,1
364,124,Procedure,name,1
365,124,Procedure,description,1
366,124,Procedure,common_complications,1
367,125,Procedure,name,1
368,125,Procedure,description,1
369,125,Procedure,common_complications,1
370,127,Procedure,name,1
371,127,Procedure,description,1
372,127,Procedure,common_complications,1
373,128,Procedure,name,1
374,128,Procedure,description,1
375,128,Procedure,common_complications,1
376,129,Procedure,name,1
377,129,Procedure,description,1
378,129,Procedure,common_complications,1
379,130,Procedure,name,1
380,130,Procedure,description,1
381,130,Procedure,common_complications,1
382,131,Procedure,name,1
383,131,Procedure,description,1
384,131,Procedure,common_complications,1
385,132,Procedure,name,1
386,132,Procedure,description,1
387,132,Procedure,common_complications,1
388,133,Procedure,name,1
389,133,Procedure,description,1
390,133,Procedure,common_complications,1
391,134,Procedure,name,1
392,134,Procedure,description,1
393,134,Procedure,common_complications,1
394,135,Procedure,name,1
395,135,Procedure,description,1
396,135,Procedure,common_complications,1
397,136,Procedure,name,1
398,136,Procedure,description,1
399,136,Procedure,common_complications,1
400,137,Procedure,name,1
401,137,Procedure,description,1
402,137,Procedure,common_complications,1
403,138,Procedure,name,1
404,138,Procedure,description,1
405,138,Procedure,common_complications,1
406,139,Procedure,name,1
407,139,Procedure,description,1
408,139,Procedure,common_complications,1
409,140,Procedure,name,1
410,140,Procedure,description,1
411,140,Procedure,common_complications,1
412,141,Procedure,name,1
413,141,Procedure,description,1
414,141,Procedure,common_complications,1
415,142,Procedure,name,1
416,142,Procedure,description,1
417,142,Procedure,common_complications,1
418,143,Procedure,name,1
419,143,Procedure,description,1
420,143,Procedure,common_complications,1
421,144,Procedure,name,1
422,144,Procedure,description,1
423,144,Procedure,common_complications,1
424,145,Procedure,name,1
425,145,Procedure,description,1
426,145,Procedure,common_complications,1
427,146,Procedure,name,1
428,146,Procedure,description,1
429,146,Procedure,common_complications,1
430,147,Procedure,name,1
431,147,Procedure,description,1
432,147,Procedure,common_complications,1
433,148,Procedure,name,1
434,148,Procedure,description,1
435,148,Procedure,common_complications,1
436,149,Procedure,name,1
437,149,Procedure,description,1
438,149,Procedure,common_complications,1
439,150,Procedure,name,1
440,150,Procedure,description,1
441,150,Procedure,common_complications,1
442,151,Procedure,name,1
443,151,Procedure,description,1
444,151,Procedure,common_complications,1
445,152,Procedure,name,1
446,152,Procedure,description,1
447,152,Procedure,common_complications,1
448,153,Procedure,name,1
449,153,Procedure,description,1
450,153,Procedure,common_complications,1
451,154,Procedure,name,1
452,154,Procedure,description,1
453,154,Procedure,common_complications,1
454,155,Procedure,name,1
455,155,Procedure,description,1
456,155,Procedure,common_complications,1
457,156,Procedure,name,1
458,156,Procedure,description,1
459,156,Procedure,common_complications,1
460,157,Procedure,name,1
461,157,Procedure,description,1
462,157,Procedure,common_complications,1
463,159,Procedure,name,1
464,159,Procedure,description,1
465,159,Procedure,common_complications,1
466,160,Procedure,name,1
467,160,Procedure,description,1
468,160,Procedure,common_complications,1
469,161,Procedure,name,1
470,161,Procedure,description,1
471,161,Procedure,common_complications,1
472,162,Procedure,name,1
473,162,Procedure,description,1
474,162,Procedure,common_complications,1
475,163,Procedure,name,1
476,163,Procedure,description,1
477,163,Procedure,common_complications,1
478,164,Procedure,name,1
479,164,Procedure,description,1
480,164,Procedure,common_complications,1
481,165,Procedure,name,1
482,165,Procedure,description,1
483,165,Procedure,common_complications,1
484,166,Procedure,name,1
485,166,Procedure,description,1
486,166,Procedure,common_complications,1
487,167,Procedure,name,1
488,167,Procedure,description,1
489,167,Procedure,common_complications,1
490,168,Procedure,name,1
491,168,Procedure,description,1
492,168,Procedure,common_complications,1
493,169,Procedure,name,1
494,169,Procedure,description,1
495,169,Procedure,common_complications,1
496,170,Procedure,name,1
497,170,Procedure,description,1
498,170,Procedure,common_complications,1
499,171,Procedure,name,1
500,171,Procedure,description,1
501,171,Procedure,common_complications,1
502,172,Procedure,name,1
503,172,Procedure,description,1
504,172,Procedure,common_complications,1
505,173,Procedure,name,1
506,173,Procedure,description,1
507,173,Procedure,common_complications,1
508,174,Procedure,name,1
509,174,Procedure,description,1
510,174,Procedure,common_complications,1
511,176,Procedure,name,1
512,176,Procedure,description,1
513,176,Procedure,common_complications,1
514,177,Procedure,name,1
515,177,Procedure,description,1
516,177,Procedure,common_complications,1
517,178,Procedure,name,1
518,178,Procedure,description,1
519,178,Procedure,common_complications,1
520,179,Procedure,name,1
521,179,Procedure,description,1
522,179,Procedure,common_complications,1
523,180,Procedure,name,1
524,180,Procedure,description,1
525,180,Procedure,common_complications,1
526,181,Procedure,name,1
527,181,Procedure,description,1
528,181,Procedure,common_complications,1
529,182,Procedure,name,1
530,182,Procedure,description,1
531,182,Procedure,common_complications,1
532,183,Procedure,name,1
533,183,Procedure,description,1
534,183,Procedure,common_complications,1
535,184,Procedure,name,1
536,184,Procedure,description,1
537,184,Procedure,common_complications,1
538,185,Procedure,name,1
539,185,Procedure,description,1
540,185,Procedure,common_complications,1
541,186,Procedure,name,1
542,186,Procedure,description,1
543,186,Procedure,common_complications,1
544,187,Procedure,name,1
545,187,Procedure,description,1
546,187,Procedure,common_complications,1
547,188,Procedure,name,1
548,188,Procedure,description,1
549,188,Procedure,common_complications,1
550,189,Procedure,name,1
551,189,Procedure,description,1
552,189,Procedure,common_complications,1
553,190,Procedure,name,1
554,190,Procedure,description,1
555,190,Procedure,common_complications,1
556,191,Procedure,name,1
557,191,Procedure,description,1
558,191,Procedure,common_complications,1
559,192,Procedure,name,1
560,192,Procedure,description,1
561,192,Procedure,common_complications,1
562,193,Procedure,name,1
563,193,Procedure,description,1
564,193,Procedure,common_complications,1
565,194,Procedure,name,1
566,194,Procedure,description,1
567,194,Procedure,common_complications,1
568,195,Procedure,name,1
569,195,Procedure,description,1
570,195,Procedure,common_complications,1
571,196,Procedure,name,1
572,196,Procedure,description,1
573,196,Procedure,common_complications,1
574,197,Procedure,name,1
575,197,Procedure,description,1
576,197,Procedure,common_complications,1
577,198,Procedure,name,1
578,198,Procedure,description,1
579,198,Procedure,common_complications,1
580,199,Procedure,name,1
581,199,Procedure,description,1
582,199,Procedure,common_complications,1
583,200,Procedure,name,1
584,200,Procedure,description,1
585,200,Procedure,common_complications,1
586,201,Procedure,name,1
587,201,Procedure,description,1
588,201,Procedure,common_complications,1
589,202,Procedure,name,1
590,202,Procedure,description,1
591,202,Procedure,common_complications,1
592,203,Procedure,name,1
593,203,Procedure,description,1
594,203,Procedure,common_complications,1
595,204,Procedure,name,1
596,204,Procedure,description,1
597,204,Procedure,common_complications,1
598,205,Procedure,name,1
599,205,Procedure,description,1
600,205,Procedure,common_complications,1
601,206,Procedure,name,1
602,206,Procedure,description,1
603,206,Procedure,common_complications,1
604,207,Procedure,name,1
605,207,Procedure,description,1
606,207,Procedure,common_complications,1
607,208,Procedure,name,1
608,208,Procedure,description,1
609,208,Procedure,common_complications,1
610,209,Procedure,name,1
611,209,Procedure,description,1
612,209,Procedure,common_complications,1
613,210,Procedure,name,1
614,210,Procedure,description,1
615,210,Procedure,common_complications,1
616,211,Procedure,name,1
617,211,Procedure,description,1
618,211,Procedure,common_complications,1
619,212,Procedure,name,1
620,212,Procedure,description,1
621,212,Procedure,common_complications,1
622,213,Procedure,name,1
623,213,Procedure,description,1
624,213,Procedure,common_complications,1
625,214,Procedure,name,1
626,214,Procedure,description,1
627,214,Procedure,common_complications,1
628,215,Procedure,name,1
629,215,Procedure,description,1
630,215,Procedure,common_complications,1
631,216,Procedure,name,1
632,216,Procedure,description,1
633,216,Procedure,common_complications,1
634,217,Procedure,name,1
635,217,Procedure,description,1
636,217,Procedure,common_complications,1
637,218,Procedure,name,1
638,218,Procedure,description,1
639,218,Procedure,common_complications,1
640,219,Procedure,name,1
641,219,Procedure,description,1
642,219,Procedure,common_complications,1
643,220,Procedure,name,1
644,220,Procedure,description,1
645,220,Procedure,common_complications,1
646,221,Procedure,name,1
647,221,Procedure,description,1
648,221,Procedure,common_complications,1
649,222,Procedure,name,1
650,222,Procedure,description,1
651,222,Procedure,common_complications,1
652,223,Procedure,name,1
653,223,Procedure,description,1
654,223,Procedure,common_complications,1
655,224,Procedure,name,1
656,224,Procedure,description,1
657,224,Procedure,common_complications,1
658,225,Procedure,name,1
659,225,Procedure,description,1
660,225,Procedure,common_complications,1
661,226,Procedure,name,1
662,226,Procedure,description,1
663,226,Procedure,common_complications,1
664,227,Procedure,name,1
665,227,Procedure,description,1
666,227,Procedure,common_complications,1
667,228,Procedure,name,1
668,228,Procedure,description,1
669,228,Procedure,common_complications,1
670,229,Procedure,name,1
671,229,Procedure,description,1
672,229,Procedure,common_complications,1
673,230,Procedure,name,1
674,230,Procedure,description,1
675,230,Procedure,common_complications,1
676,231,Procedure,name,1
677,231,Procedure,description,1
678,231,Procedure,common_complications,1
679,232,Procedure,name,1
680,232,Procedure,description,1
681,232,Procedure,common_complications,1
682,233,Procedure,name,1
683,233,Procedure,description,1
684,233,Procedure,common_complications,1
685,234,Procedure,name,1
686,234,Procedure,description,1
687,234,Procedure,common_complications,1
688,235,Procedure,name,1
689,235,Procedure,description,1
690,235,Procedure,common_complications,1
691,236,Procedure,name,1
692,236,Procedure,description,1
693,236,Procedure,common_complications,1
694,237,Procedure,name,1
695,237,Procedure,description,1
696,237,Procedure,common_complications,1
697,238,Procedure,name,1
698,238,Procedure,description,1
699,238,Procedure,common_complications,1
700,239,Procedure,name,1
701,239,Procedure,description,1
702,239,Procedure,common_complications,1
703,240,Procedure,name,1
704,240,Procedure,description,1
705,240,Procedure,common_complications,1
706,241,Procedure,name,1
707,241,Procedure,description,1
708,241,Procedure,common_complications,1
709,242,Procedure,name,1
710,242,Procedure,description,1
711,242,Procedure,common_complications,1
712,243,Procedure,name,1
713,243,Procedure,description,1
714,243,Procedure,common_complications,1
715,244,Procedure,name,1
716,244,Procedure,description,1
717,244,Procedure,common_complications,1
718,245,Procedure,name,1
719,245,Procedure,description,1
720,245,Procedure,common_complications,1
721,246,Procedure,name,1
722,246,Procedure,description,1
723,246,Procedure,common_complications,1
724,247,Procedure,name,1
725,247,Procedure,description,1
726,247,Procedure,common_complications,1
727,248,Procedure,name,1
728,248,Procedure,description,1
729,248,Procedure,common_complications,1
730,249,Procedure,name,1
731,249,Procedure,description,1
732,249,Procedure,common_complications,1
733,250,Procedure,name,1
734,250,Procedure,description,1
735,250,Procedure,common_complications,1
736,251,Procedure,name,1
737,251,Procedure,description,1
738,251,Procedure,common_complications,1
739,252,Procedure,name,1
740,252,Procedure,description,1
741,252,Procedure,common_complications,1
742,253,Procedure,name,1
743,253,Procedure,description,1
744,253,Procedure,common_complications,1
745,254,Procedure,name,1
746,254,Procedure,description,1
747,254,Procedure,common_complications,1
748,255,Procedure,name,1
749,255,Procedure,description,1
750,255,Procedure,common_complications,1
751,256,Procedure,name,1
752,256,Procedure,description,1
753,256,Procedure,common_complications,1
754,258,Procedure,name,1
755,258,Procedure,description,1
756,258,Procedure,common_complications,1
757,259,Procedure,name,1
758,259,Procedure,description,1
759,259,Procedure,common_complications,1
760,260,Procedure,name,1
761,260,Procedure,description,1
762,260,Procedure,common_complications,1
763,261,Procedure,name,1
764,261,Procedure,description,1
765,261,Procedure,common_complications,1
766,262,Procedure,name,1
767,262,Procedure,description,1
768,262,Procedure,common_complications,1
772,264,Procedure,name,1
773,264,Procedure,description,1
774,264,Procedure,common_complications,1
775,265,Procedure,name,1
776,265,Procedure,description,1
777,265,Procedure,common_complications,1
778,266,Procedure,name,1
779,266,Procedure,description,1
780,266,Procedure,common_complications,1
781,267,Procedure,name,1
782,267,Procedure,description,1
783,267,Procedure,common_complications,1
784,268,Procedure,name,1
785,268,Procedure,description,1
786,268,Procedure,common_complications,1
787,269,Procedure,name,1
788,269,Procedure,description,1
789,269,Procedure,common_complications,1
790,270,Procedure,name,1
791,270,Procedure,description,1
792,270,Procedure,common_complications,1
793,271,Procedure,name,1
794,271,Procedure,description,1
795,271,Procedure,common_complications,1
796,272,Procedure,name,1
797,272,Procedure,description,1
798,272,Procedure,common_complications,1
799,273,Procedure,name,1
800,273,Procedure,description,1
801,273,Procedure,common_complications,1
802,275,Procedure,name,1
803,275,Procedure,description,1
804,275,Procedure,common_complications,1
805,276,Procedure,name,1
806,276,Procedure,description,1
807,276,Procedure,common_complications,1
808,277,Procedure,name,1
809,277,Procedure,description,1
810,277,Procedure,common_complications,1
811,278,Procedure,name,1
812,278,Procedure,description,1
813,278,Procedure,common_complications,1
814,279,Procedure,name,1
815,279,Procedure,description,1
816,279,Procedure,common_complications,1
817,280,Procedure,name,1
818,280,Procedure,description,1
819,280,Procedure,common_complications,1
820,281,Procedure,name,1
821,281,Procedure,description,1
822,281,Procedure,common_complications,1
823,282,Procedure,name,1
824,282,Procedure,description,1
825,282,Procedure,common_complications,1
826,283,Procedure,name,1
827,283,Procedure,description,1
828,283,Procedure,common_complications,1
829,284,Procedure,name,1
830,284,Procedure,description,1
831,284,Procedure,common_complications,1
832,285,Procedure,name,1
833,285,Procedure,description,1
834,285,Procedure,common_complications,1
835,286,Procedure,name,1
836,286,Procedure,description,1
837,286,Procedure,common_complications,1
838,287,Procedure,name,1
839,287,Procedure,description,1
840,287,Procedure,common_complications,1
841,288,Procedure,name,1
842,288,Procedure,description,1
843,288,Procedure,common_complications,1
844,289,Procedure,name,1
845,289,Procedure,description,1
846,289,Procedure,common_complications,1
847,290,Procedure,name,1
848,290,Procedure,description,1
849,290,Procedure,common_complications,1
850,291,Procedure,name,1
851,291,Procedure,description,1
852,291,Procedure,common_complications,1
853,292,Procedure,name,1
854,292,Procedure,description,1
855,292,Procedure,common_complications,1
856,293,Procedure,name,1
857,293,Procedure,description,1
858,293,Procedure,common_complications,1
859,294,Procedure,name,1
860,294,Procedure,description,1
861,294,Procedure,common_complications,1
862,295,Procedure,name,1
863,295,Procedure,description,1
864,295,Procedure,common_complications,1
865,297,Procedure,name,1
866,297,Procedure,description,1
867,297,Procedure,common_complications,1
868,298,Procedure,name,1
869,298,Procedure,description,1
870,298,Procedure,common_complications,1
871,299,Procedure,name,1
872,299,Procedure,description,1
873,299,Procedure,common_complications,1
874,300,Procedure,name,1
875,300,Procedure,description,1
876,300,Procedure,common_complications,1
877,301,Procedure,name,1
878,301,Procedure,description,1
879,301,Procedure,common_complications,1
880,302,Procedure,name,1
881,302,Procedure,description,1
882,302,Procedure,common_complications,1
883,303,Procedure,name,1
884,303,Procedure,description,1
885,303,Procedure,common_complications,1
886,304,Procedure,name,1
887,304,Procedure,description,1
888,304,Procedure,common_complications,1
889,305,Procedure,name,1
890,305,Procedure,description,1
891,305,Procedure,common_complications,1
892,306,Procedure,name,1
893,306,Procedure,description,1
894,306,Procedure,common_complications,1
895,307,Procedure,name,1
896,307,Procedure,description,1
897,307,Procedure,common_complications,1
898,308,Procedure,name,1
899,308,Procedure,description,1
900,308,Procedure,common_complications,1
901,309,Procedure,name,1
902,309,Procedure,description,1
903,309,Procedure,common_complications,1
904,310,Procedure,name,1
905,310,Procedure,description,1
906,310,Procedure,common_complications,1
907,311,Procedure,name,1
908,311,Procedure,description,1
909,311,Procedure,common_complications,1
910,312,Procedure,name,1
911,312,Procedure,description,1
912,312,Procedure,common_complications,1
913,313,Procedure,name,1
914,313,Procedure,description,1
915,313,Procedure,common_complications,1
916,314,Procedure,name,1
917,314,Procedure,description,1
918,314,Procedure,common_complications,1
919,315,Procedure,name,1
920,315,Procedure,description,1
921,315,Procedure,common_complications,1
922,316,Procedure,name,1
923,316,Procedure,description,1
924,316,Procedure,common_complications,1
925,317,Procedure,name,1
926,317,Procedure,description,1
927,317,Procedure,common_complications,1
928,318,Procedure,name,1
929,318,Procedure,description,1
930,318,Procedure,common_complications,1
931,319,Procedure,name,1
932,319,Procedure,description,1
933,319,Procedure,common_complications,1
934,320,Procedure,name,1
935,320,Procedure,description,1
936,320,Procedure,common_complications,1
937,321,Procedure,name,1
938,321,Procedure,description,1
939,321,Procedure,common_complications,1
940,322,Procedure,name,1
941,322,Procedure,description,1
942,322,Procedure,common_complications,1
943,323,Procedure,name,1
944,323,Procedure,description,1
945,323,Procedure,common_complications,1
946,324,Procedure,name,1
947,324,Procedure,description,1
948,324,Procedure,common_complications,1
949,325,Procedure,name,1
950,325,Procedure,description,1
951,325,Procedure,common_complications,1
952,326,Procedure,name,1
953,326,Procedure,description,1
954,326,Procedure,common_complications,1
955,327,Procedure,name,1
956,327,Procedure,description,1
957,327,Procedure,common_complications,1
958,328,Procedure,name,1
959,328,Procedure,description,1
960,328,Procedure,common_complications,1
961,329,Procedure,name,1
962,329,Procedure,description,1
963,329,Procedure,common_complications,1
964,330,Procedure,name,1
965,330,Procedure,description,1
966,330,Procedure,common_complications,1
967,331,Procedure,name,1
968,331,Procedure,description,1
969,331,Procedure,common_complications,1
970,332,Procedure,name,1
971,332,Procedure,description,1
972,332,Procedure,common_complications,1
973,333,Procedure,name,1
974,333,Procedure,description,1
975,333,Procedure,common_complications,1
976,334,Procedure,name,1
977,334,Procedure,description,1
978,334,Procedure,common_complications,1
979,335,Procedure,name,1
980,335,Procedure,description,1
981,335,Procedure,common_complications,1
982,336,Procedure,name,1
983,336,Procedure,description,1
984,336,Procedure,common_complications,1
985,337,Procedure,name,1
986,337,Procedure,description,1
987,337,Procedure,common_complications,1
988,338,Procedure,name,1
989,338,Procedure,description,1
990,338,Procedure,common_complications,1
991,339,Procedure,name,1
992,339,Procedure,description,1
993,339,Procedure,common_complications,1
994,340,Procedure,name,1
995,340,Procedure,description,1
996,340,Procedure,common_complications,1
997,341,Procedure,name,1
998,341,Procedure,description,1
999,341,Procedure,common_complications,1
1000,342,Procedure,name,1
1001,342,Procedure,description,1
1002,342,Procedure,common_complications,1
1003,343,Procedure,name,1
1004,343,Procedure,description,1
1005,343,Procedure,common_complications,1
1006,344,Procedure,name,1
1007,344,Procedure,description,1
1008,344,Procedure,common_complications,1
1009,345,Procedure,name,1
1010,345,Procedure,description,1
1011,345,Procedure,common_complications,1
1012,346,Procedure,name,1
1013,346,Procedure,description,1
1014,346,Procedure,common_complications,1
1015,347,Procedure,name,1
1016,347,Procedure,description,1
1017,347,Procedure,common_complications,1
1018,348,Procedure,name,1
1019,348,Procedure,description,1
1020,348,Procedure,common_complications,1
1021,349,Procedure,name,1
1022,349,Procedure,description,1
1023,349,Procedure,common_complications,1
1024,350,Procedure,name,1
1025,350,Procedure,description,1
1026,350,Procedure,common_complications,1
1027,351,Procedure,name,1
1028,351,Procedure,description,1
1029,351,Procedure,common_complications,1
1030,353,Procedure,name,1
1031,353,Procedure,description,1
1032,353,Procedure,common_complications,1
1033,354,Procedure,name,1
1034,354,Procedure,description,1
1035,354,Procedure,common_complications,1
1036,355,Procedure,name,1
1037,355,Procedure,description,1
1038,355,Procedure,common_complications,1
1039,356,Procedure,name,1
1040,356,Procedure,description,1
1041,356,Procedure,common_complications,1
1042,357,Procedure,name,1
1043,357,Procedure,description,1
1044,357,Procedure,common_complications,1
1045,358,Procedure,name,1
1046,358,Procedure,description,1
1047,358,Procedure,common_complications,1
1048,359,Procedure,name,1
1049,359,Procedure,description,1
1050,359,Procedure,common_complications,1
1051,360,Procedure,name,1
1052,360,Procedure,description,1
1053,360,Procedure,common_complications,1
1054,361,Procedure,name,1
1055,361,Procedure,description,1
1056,361,Procedure,common_complications,1
1057,362,Procedure,name,1
1058,362,Procedure,description,1
1059,362,Procedure,common_complications,1
1060,274,Procedure,name,1
1061,274,Procedure,description,1
1062,274,Procedure,common_complications,1
1063,364,Procedure,name,1
1064,364,Procedure,description,1
1065,364,Procedure,common_complications,1
1069,367,Procedure,name,1
1070,367,Procedure,description,1
1071,367,Procedure,common_complications,1
1072,369,Procedure,name,1
1073,369,Procedure,description,1
1074,369,Procedure,common_complications,1
1075,370,Procedure,name,1
1076,370,Procedure,description,1
1077,370,Procedure,common_complications,1
1078,371,Procedure,name,1
1079,371,Procedure,description,1
1080,371,Procedure,common_complications,1
1081,372,Procedure,name,1
1082,372,Procedure,description,1
1083,372,Procedure,common_complications,1
1084,373,Procedure,name,1
1085,373,Procedure,description,1
1086,373,Procedure,common_complications,1
1087,374,Procedure,name,1
1088,374,Procedure,description,1
1089,374,Procedure,common_complications,1
1090,375,Procedure,name,1
1091,375,Procedure,description,1
1092,375,Procedure,common_complications,1
1093,376,Procedure,name,1
1094,376,Procedure,description,1
1095,376,Procedure,common_complications,1
1096,377,Procedure,name,1
1097,377,Procedure,description,1
1098,377,Procedure,common_complications,1
1099,378,Procedure,name,1
1100,378,Procedure,description,1
1101,378,Procedure,common_complications,1
1102,379,Procedure,name,1
1103,379,Procedure,description,1
1104,379,Procedure,common_complications,1
1105,380,Procedure,name,1
1106,380,Procedure,description,1
1107,380,Procedure,common_complications,1
1108,381,Procedure,name,1
1109,381,Procedure,description,1
1110,381,Procedure,common_complications,1
1111,382,Procedure,name,1
1112,382,Procedure,description,1
1113,382,Procedure,common_complications,1
1114,383,Procedure,name,1
1115,383,Procedure,description,1
1116,383,Procedure,common_complications,1
1117,384,Procedure,name,1
1118,384,Procedure,description,1
1119,384,Procedure,common_complications,1
1120,385,Procedure,name,1
1121,385,Procedure,description,1
1122,385,Procedure,common_complications,1
1123,386,Procedure,name,1
1124,386,Procedure,description,1
1125,386,Procedure,common_complications,1
1126,387,Procedure,name,1
1127,387,Procedure,description,1
1128,387,Procedure,common_complications,1
1129,388,Procedure,name,1
1130,388,Procedure,description,1
1131,388,Procedure,common_complications,1
1132,389,Procedure,name,1
1133,389,Procedure,description,1
1134,389,Procedure,common_complications,1
1135,390,Procedure,name,1
1136,390,Procedure,description,1
1137,390,Procedure,common_complications,1
1138,391,Procedure,name,1
1139,391,Procedure,description,1
1140,391,Procedure,common_complications,1
1141,392,Procedure,name,1
1142,392,Procedure,description,1
1143,392,Procedure,common_complications,1
1144,393,Procedure,name,1
1145,393,Procedure,description,1
1146,393,Procedure,common_complications,1
1147,394,Procedure,name,1
1148,394,Procedure,description,1
1149,394,Procedure,common_complications,1
1150,395,Procedure,name,1
1151,395,Procedure,description,1
1152,395,Procedure,common_complications,1
1153,396,Procedure,name,1
1154,396,Procedure,description,1
1155,396,Procedure,common_complications,1
1156,397,Procedure,name,1
1157,397,Procedure,description,1
1158,397,Procedure,common_complications,1
1159,398,Procedure,name,1
1160,398,Procedure,description,1
1161,398,Procedure,common_complications,1
1162,399,Procedure,name,1
1163,399,Procedure,description,1
1164,399,Procedure,common_complications,1
1165,400,Procedure,name,1
1166,400,Procedure,description,1
1167,400,Procedure,common_complications,1
1168,401,Procedure,name,1
1169,401,Procedure,description,1
1170,401,Procedure,common_complications,1
1174,403,Procedure,name,1
1175,403,Procedure,description,1
1176,403,Procedure,common_complications,1
1177,404,Procedure,name,1
1178,404,Procedure,description,1
1179,404,Procedure,common_complications,1
1180,405,Procedure,name,1
1181,405,Procedure,description,1
1182,405,Procedure,common_complications,1
1183,406,Procedure,name,1
1184,406,Procedure,description,1
1185,406,Procedure,common_complications,1
1186,407,Procedure,name,1
1187,407,Procedure,description,1
1188,407,Procedure,common_complications,1
1189,408,Procedure,name,1
1190,408,Procedure,description,1
1191,408,Procedure,common_complications,1
1192,409,Procedure,name,1
1193,409,Procedure,description,1
1194,409,Procedure,common_complications,1
1195,410,Procedure,name,1
1196,410,Procedure,description,1
1197,410,Procedure,common_complications,1
1198,411,Procedure,name,1
1199,411,Procedure,description,1
1200,411,Procedure,common_complications,1
1201,412,Procedure,name,1
1202,412,Procedure,description,1
1203,412,Procedure,common_complications,1
1204,413,Procedure,name,1
1205,413,Procedure,description,1
1206,413,Procedure,common_complications,1
1207,415,Procedure,name,1
1208,415,Procedure,description,1
1209,415,Procedure,common_complications,1
1210,416,Procedure,name,1
1211,416,Procedure,description,1
1212,416,Procedure,common_complications,1
1213,417,Procedure,name,1
1214,417,Procedure,description,1
1215,417,Procedure,common_complications,1
1216,418,Procedure,name,1
1217,418,Procedure,description,1
1218,418,Procedure,common_complications,1
1219,420,Procedure,name,1
1220,420,Procedure,description,1
1221,420,Procedure,common_complications,1
1222,421,Procedure,name,1
1223,421,Procedure,description,1
1224,421,Procedure,common_complications,1
1225,422,Procedure,name,1
1226,422,Procedure,description,1
1227,422,Procedure,common_complications,1
1228,423,Procedure,name,1
1229,423,Procedure,description,1
1230,423,Procedure,common_complications,1
1231,424,Procedure,name,1
1232,424,Procedure,description,1
1233,424,Procedure,common_complications,1
1234,425,Procedure,name,1
1235,425,Procedure,description,1
1236,425,Procedure,common_complications,1
1237,427,Procedure,name,1
1238,427,Procedure,description,1
1239,427,Procedure,common_complications,1
1240,428,Procedure,name,1
1241,428,Procedure,description,1
1242,428,Procedure,common_complications,1
1243,429,Procedure,name,1
1244,429,Procedure,description,1
1245,429,Procedure,common_complications,1
1246,430,Procedure,name,1
1247,430,Procedure,description,1
1248,430,Procedure,common_complications,1
1249,431,Procedure,name,1
1250,431,Procedure,description,1
1251,431,Procedure,common_complications,1
1252,432,Procedure,name,1
1253,432,Procedure,description,1
1254,432,Procedure,common_complications,1
1255,433,Procedure,name,1
1256,433,Procedure,description,1
1257,433,Procedure,common_complications,1
1258,434,Procedure,name,1
1259,434,Procedure,description,1
1260,434,Procedure,common_complications,1
1261,435,Procedure,name,1
1262,435,Procedure,description,1
1263,435,Procedure,common_complications,1
1264,436,Procedure,name,1
1265,436,Procedure,description,1
1266,436,Procedure,common_complications,1
1267,437,Procedure,name,1
1268,437,Procedure,description,1
1269,437,Procedure,common_complications,1
1270,438,Procedure,name,1
1271,438,Procedure,description,1
1272,438,Procedure,common_complications,1
1273,439,Procedure,name,1
1274,439,Procedure,description,1
1275,439,Procedure,common_complications,1
1276,440,Procedure,name,1
1277,440,Procedure,description,1
1278,440,Procedure,common_complications,1
1279,441,Procedure,name,1
1280,441,Procedure,description,1
1281,441,Procedure,common_complications,1
1282,442,Procedure,name,1
1283,442,Procedure,description,1
1284,442,Procedure,common_complications,1
1285,444,Procedure,name,1
1286,444,Procedure,description,1
1287,444,Procedure,common_complications,1
1288,445,Procedure,name,1
1289,445,Procedure,description,1
1290,445,Procedure,common_complications,1
1291,446,Procedure,name,1
1292,446,Procedure,description,1
1293,446,Procedure,common_complications,1
1294,447,Procedure,name,1
1295,447,Procedure,description,1
1296,447,Procedure,common_complications,1
1297,448,Procedure,name,1
1298,448,Procedure,description,1
1299,448,Procedure,common_complications,1
1300,449,Procedure,name,1
1301,449,Procedure,description,1
1302,449,Procedure,common_complications,1
1303,450,Procedure,name,1
1304,450,Procedure,description,1
1305,450,Procedure,common_complications,1
1306,451,Procedure,name,1
1307,451,Procedure,description,1
1308,451,Procedure,common_complications,1
1309,452,Procedure,name,1
1310,452,Procedure,description,1
1311,452,Procedure,common_complications,1
1312,453,Procedure,name,1
1313,453,Procedure,description,1
1314,453,Procedure,common_complications,1
1315,454,Procedure,name,1
1316,454,Procedure,description,1
1317,454,Procedure,common_complications,1
1318,455,Procedure,name,1
1319,455,Procedure,description,1
1320,455,Procedure,common_complications,1
1321,456,Procedure,name,1
1322,456,Procedure,description,1
1323,456,Procedure,common_complications,1
1324,457,Procedure,name,1
1325,457,Procedure,description,1
1326,457,Procedure,common_complications,1
1327,458,Procedure,name,1
1328,458,Procedure,description,1
1329,458,Procedure,common_complications,1
1330,459,Procedure,name,1
1331,459,Procedure,description,1
1332,459,Procedure,common_complications,1
1333,460,Procedure,name,1
1334,460,Procedure,description,1
1335,460,Procedure,common_complications,1
1336,461,Procedure,name,1
1337,461,Procedure,description,1
1338,461,Procedure,common_complications,1
1339,462,Procedure,name,1
1340,462,Procedure,description,1
1341,462,Procedure,common_complications,1
1342,463,Procedure,name,1
1343,463,Procedure,description,1
1344,463,Procedure,common_complications,1
1345,464,Procedure,name,1
1346,464,Procedure,description,1
1347,464,Procedure,common_complications,1
1348,465,Procedure,name,1
1349,465,Procedure,description,1
1350,465,Procedure,common_complications,1
1351,466,Procedure,name,1
1352,466,Procedure,description,1
1353,466,Procedure,common_complications,1
1354,467,Procedure,name,1
1355,467,Procedure,description,1
1356,467,Procedure,common_complications,1
1357,477,Procedure,name,1
1358,477,Procedure,description,1
1359,477,Procedure,common_complications,1
1360,478,Procedure,name,1
1361,478,Procedure,description,1
1362,478,Procedure,common_complications,1
1363,479,Procedure,name,1
1364,479,Procedure,description,1
1365,479,Procedure,common_complications,1
1366,480,Procedure,name,1
1367,480,Procedure,description,1
1368,480,Procedure,common_complications,1
1369,481,Procedure,name,1
1370,481,Procedure,description,1
1371,481,Procedure,common_complications,1
1372,483,Procedure,name,1
1373,483,Procedure,description,1
1374,483,Procedure,common_complications,1
1375,484,Procedure,name,1
1376,484,Procedure,description,1
1377,484,Procedure,common_complications,1
1378,485,Procedure,name,1
1379,485,Procedure,description,1
1380,485,Procedure,common_complications,1
1381,486,Procedure,name,1
1382,486,Procedure,description,1
1383,486,Procedure,common_complications,1
1384,487,Procedure,name,1
1385,487,Procedure,description,1
1386,487,Procedure,common_complications,1
1387,488,Procedure,name,1
1388,488,Procedure,description,1
1389,488,Procedure,common_complications,1
1390,489,Procedure,name,1
1391,489,Procedure,description,1
1392,489,Procedure,common_complications,1
1393,490,Procedure,name,1
1394,490,Procedure,description,1
1395,490,Procedure,common_complications,1
1396,491,Procedure,name,1
1397,491,Procedure,description,1
1398,491,Procedure,common_complications,1
1399,492,Procedure,name,1
1400,492,Procedure,description,1
1401,492,Procedure,common_complications,1
1402,493,Procedure,name,1
1403,493,Procedure,description,1
1404,493,Procedure,common_complications,1
1405,494,Procedure,name,1
1406,494,Procedure,description,1
1407,494,Procedure,common_complications,1
1408,495,Procedure,name,1
1409,495,Procedure,description,1
1410,495,Procedure,common_complications,1
1411,496,Procedure,name,1
1412,496,Procedure,description,1
1413,496,Procedure,common_complications,1
1414,497,Procedure,name,1
1415,497,Procedure,description,1
1416,497,Procedure,common_complications,1
1417,498,Procedure,name,1
1418,498,Procedure,description,1
1419,498,Procedure,common_complications,1
1420,499,Procedure,name,1
1421,499,Procedure,description,1
1422,499,Procedure,common_complications,1
1423,500,Procedure,name,1
1424,500,Procedure,description,1
1425,500,Procedure,common_complications,1
1426,501,Procedure,name,1
1427,501,Procedure,description,1
1428,501,Procedure,common_complications,1
1429,502,Procedure,name,1
1430,502,Procedure,description,1
1431,502,Procedure,common_complications,1
1432,503,Procedure,name,1
1433,503,Procedure,description,1
1434,503,Procedure,common_complications,1
1435,504,Procedure,name,1
1436,504,Procedure,description,1
1437,504,Procedure,common_complications,1
1438,505,Procedure,name,1
1439,505,Procedure,description,1
1440,505,Procedure,common_complications,1
1441,507,Procedure,name,1
1442,507,Procedure,description,1
1443,507,Procedure,common_complications,1
1444,508,Procedure,name,1
1445,508,Procedure,description,1
1446,508,Procedure,common_complications,1
1447,509,Procedure,name,1
1448,509,Procedure,description,1
1449,509,Procedure,common_complications,1
1450,510,Procedure,name,1
1451,510,Procedure,description,1
1452,510,Procedure,common_complications,1
1453,511,Procedure,name,1
1454,511,Procedure,description,1
1455,511,Procedure,common_complications,1
1456,512,Procedure,name,1
1457,512,Procedure,description,1
1458,512,Procedure,common_complications,1
1459,513,Procedure,name,1
1460,513,Procedure,description,1
1461,513,Procedure,common_complications,1
1462,514,Procedure,name,1
1463,514,Procedure,description,1
1464,514,Procedure,common_complications,1
1465,515,Procedure,name,1
1466,515,Procedure,description,1
1467,515,Procedure,common_complications,1
1468,516,Procedure,name,1
1469,516,Procedure,description,1
1470,516,Procedure,common_complications,1
1471,523,Procedure,name,1
1472,523,Procedure,description,1
1473,523,Procedure,common_complications,1
1474,524,Procedure,name,1
1475,524,Procedure,description,1
1476,524,Procedure,common_complications,1
1477,526,Procedure,name,1
1478,526,Procedure,description,1
1479,526,Procedure,common_complications,1
1480,527,Procedure,name,1
1481,527,Procedure,description,1
1482,527,Procedure,common_complications,1
1483,528,Procedure,name,1
1484,528,Procedure,description,1
1485,528,Procedure,common_complications,1
1486,529,Procedure,name,1
1487,529,Procedure,description,1
1488,529,Procedure,common_complications,1
1489,530,Procedure,name,1
1490,530,Procedure,description,1
1491,530,Procedure,common_complications,1
1492,531,Procedure,name,1
1493,531,Procedure,description,1
1494,531,Procedure,common_complications,1
1495,532,Procedure,name,1
1496,532,Procedure,description,1
1497,532,Procedure,common_complications,1
1498,533,Procedure,name,1
1499,533,Procedure,description,1
1500,533,Procedure,common_complications,1
1501,534,Procedure,name,1
1502,534,Procedure,description,1
1503,534,Procedure,common_complications,1
1504,535,Procedure,name,1
1505,535,Procedure,description,1
1506,535,Procedure,common_complications,1
1507,536,Procedure,name,1
1508,536,Procedure,description,1
1509,536,Procedure,common_complications,1
1510,537,Procedure,name,1
1511,537,Procedure,description,1
1512,537,Procedure,common_complications,1
1513,538,Procedure,name,1
1514,538,Procedure,description,1
1515,538,Procedure,common_complications,1
1516,539,Procedure,name,1
1517,539,Procedure,description,1
1518,539,Procedure,common_complications,1
1519,540,Procedure,name,1
1520,540,Procedure,description,1
1521,540,Procedure,common_complications,1
1522,541,Procedure,name,1
1523,541,Procedure,description,1
1524,541,Procedure,common_complications,1
1525,542,Procedure,name,1
1526,542,Procedure,description,1
1527,542,Procedure,common_complications,1
1528,543,Procedure,name,1
1529,543,Procedure,description,1
1530,543,Procedure,common_complications,1
1531,544,Procedure,name,1
1532,544,Procedure,description,1
1533,544,Procedure,common_complications,1
1534,545,Procedure,name,1
1535,545,Procedure,description,1
1536,545,Procedure,common_complications,1
1537,546,Procedure,name,1
1538,546,Procedure,description,1
1539,546,Procedure,common_complications,1
1540,547,Procedure,name,1
1541,547,Procedure,description,1
1542,547,Procedure,common_complications,1
1543,548,Procedure,name,1
1544,548,Procedure,description,1
1545,548,Procedure,common_complications,1
1546,549,Procedure,name,1
1547,549,Procedure,description,1
1548,549,Procedure,common_complications,1
1549,550,Procedure,name,1
1550,550,Procedure,description,1
1551,550,Procedure,common_complications,1
1552,551,Procedure,name,1
1553,551,Procedure,description,1
1554,551,Procedure,common_complications,1
1555,552,Procedure,name,1
1556,552,Procedure,description,1
1557,552,Procedure,common_complications,1
1558,553,Procedure,name,1
1559,553,Procedure,description,1
1560,553,Procedure,common_complications,1
1561,554,Procedure,name,1
1562,554,Procedure,description,1
1563,554,Procedure,common_complications,1
1564,555,Procedure,name,1
1565,555,Procedure,description,1
1566,555,Procedure,common_complications,1
1567,556,Procedure,name,1
1568,556,Procedure,description,1
1569,556,Procedure,common_complications,1
1570,557,Procedure,name,1
1571,557,Procedure,description,1
1572,557,Procedure,common_complications,1
1573,558,Procedure,name,1
1574,558,Procedure,description,1
1575,558,Procedure,common_complications,1
1576,559,Procedure,name,1
1577,559,Procedure,description,1
1578,559,Procedure,common_complications,1
1579,560,Procedure,name,1
1580,560,Procedure,description,1
1581,560,Procedure,common_complications,1
1582,561,Procedure,name,1
1583,561,Procedure,description,1
1584,561,Procedure,common_complications,1
1585,562,Procedure,name,1
1586,562,Procedure,description,1
1587,562,Procedure,common_complications,1
1588,563,Procedure,name,1
1589,563,Procedure,description,1
1590,563,Procedure,common_complications,1
1591,564,Procedure,name,1
1592,564,Procedure,description,1
1593,564,Procedure,common_complications,1
1594,565,Procedure,name,1
1595,565,Procedure,description,1
1596,565,Procedure,common_complications,1
1597,566,Procedure,name,1
1598,566,Procedure,description,1
1599,566,Procedure,common_complications,1
1600,567,Procedure,name,1
1601,567,Procedure,description,1
1602,567,Procedure,common_complications,1
1603,568,Procedure,name,1
1604,568,Procedure,description,1
1605,568,Procedure,common_complications,1
1606,569,Procedure,name,1
1607,569,Procedure,description,1
1608,569,Procedure,common_complications,1
1609,570,Procedure,name,1
1610,570,Procedure,description,1
1611,570,Procedure,common_complications,1
1612,571,Procedure,name,1
1613,571,Procedure,description,1
1614,571,Procedure,common_complications,1
1615,572,Procedure,name,1
1616,572,Procedure,description,1
1617,572,Procedure,common_complications,1
1618,573,Procedure,name,1
1619,573,Procedure,description,1
1620,573,Procedure,common_complications,1
1621,574,Procedure,name,1
1622,574,Procedure,description,1
1623,574,Procedure,common_complications,1
1624,575,Procedure,name,1
1625,575,Procedure,description,1
1626,575,Procedure,common_complications,1
1627,576,Procedure,name,1
1628,576,Procedure,description,1
1629,576,Procedure,common_complications,1
1630,577,Procedure,name,1
1631,577,Procedure,description,1
1632,577,Procedure,common_complications,1
1633,578,Procedure,name,1
1634,578,Procedure,description,1
1635,578,Procedure,common_complications,1
1636,579,Procedure,name,1
1637,579,Procedure,description,1
1638,579,Procedure,common_complications,1
1639,580,Procedure,name,1
1640,580,Procedure,description,1
1641,580,Procedure,common_complications,1
1642,1,Diagnosis,name,1
1643,1,Diagnosis,description,1
1644,1,Diagnosis,symptoms,1
1645,1,Diagnosis,workup,1
1646,1,Diagnosis,treatment,1
1647,2,Diagnosis,name,1
1648,2,Diagnosis,description,1
1649,2,Diagnosis,symptoms,1
1650,2,Diagnosis,workup,1
1651,2,Diagnosis,treatment,1
1652,3,Diagnosis,name,1
1653,3,Diagnosis,description,1
1654,3,Diagnosis,symptoms,1
1655,3,Diagnosis,workup,1
1656,3,Diagnosis,treatment,1
1657,4,Diagnosis,name,1
1658,4,Diagnosis,description,1
1659,4,Diagnosis,symptoms,1
1660,4,Diagnosis,workup,1
1661,4,Diagnosis,treatment,1
1662,5,Diagnosis,name,1
1663,5,Diagnosis,description,1
1664,5,Diagnosis,symptoms,1
1665,5,Diagnosis,workup,1
1666,5,Diagnosis,treatment,1
1667,6,Diagnosis,name,1
1668,6,Diagnosis,description,1
1669,6,Diagnosis,symptoms,1
1670,6,Diagnosis,workup,1
1671,6,Diagnosis,treatment,1
1672,7,Diagnosis,name,1
1673,7,Diagnosis,description,1
1674,7,Diagnosis,symptoms,1
1675,7,Diagnosis,workup,1
1676,7,Diagnosis,treatment,1
1677,8,Diagnosis,name,1
1678,8,Diagnosis,description,1
1679,8,Diagnosis,symptoms,1
1680,8,Diagnosis,workup,1
1681,8,Diagnosis,treatment,1
1682,9,Diagnosis,name,1
1683,9,Diagnosis,description,1
1684,9,Diagnosis,symptoms,1
1685,9,Diagnosis,workup,1
1686,9,Diagnosis,treatment,1
1687,10,Diagnosis,name,1
1688,10,Diagnosis,description,1
1689,10,Diagnosis,symptoms,1
1690,10,Diagnosis,workup,1
1691,10,Diagnosis,treatment,1
1692,11,Diagnosis,name,1
1693,11,Diagnosis,description,1
1694,11,Diagnosis,symptoms,1
1695,11,Diagnosis,workup,1
1696,11,Diagnosis,treatment,1
1697,12,Diagnosis,name,1
1698,12,Diagnosis,description,1
1699,12,Diagnosis,symptoms,1
1700,12,Diagnosis,workup,1
1701,12,Diagnosis,treatment,1
1702,13,Diagnosis,name,1
1703,13,Diagnosis,description,1
1704,13,Diagnosis,symptoms,1
1705,13,Diagnosis,workup,1
1706,13,Diagnosis,treatment,1
1707,14,Diagnosis,name,1
1708,14,Diagnosis,description,1
1709,14,Diagnosis,symptoms,1
1710,14,Diagnosis,workup,1
1711,14,Diagnosis,treatment,1
1712,15,Diagnosis,name,1
1713,15,Diagnosis,description,1
1714,15,Diagnosis,symptoms,1
1715,15,Diagnosis,workup,1
1716,15,Diagnosis,treatment,1
1717,16,Diagnosis,name,1
1718,16,Diagnosis,description,1
1719,16,Diagnosis,symptoms,1
1720,16,Diagnosis,workup,1
1721,16,Diagnosis,treatment,1
1722,17,Diagnosis,name,1
1723,17,Diagnosis,description,1
1724,17,Diagnosis,symptoms,1
1725,17,Diagnosis,workup,1
1726,17,Diagnosis,treatment,1
1727,18,Diagnosis,name,1
1728,18,Diagnosis,description,1
1729,18,Diagnosis,symptoms,1
1730,18,Diagnosis,workup,1
1731,18,Diagnosis,treatment,1
1732,19,Diagnosis,name,1
1733,19,Diagnosis,description,1
1734,19,Diagnosis,symptoms,1
1735,19,Diagnosis,workup,1
1736,19,Diagnosis,treatment,1
1737,20,Diagnosis,name,1
1738,20,Diagnosis,description,1
1739,20,Diagnosis,symptoms,1
1740,20,Diagnosis,workup,1
1741,20,Diagnosis,treatment,1
1742,21,Diagnosis,name,1
1743,21,Diagnosis,description,1
1744,21,Diagnosis,symptoms,1
1745,21,Diagnosis,workup,1
1746,21,Diagnosis,treatment,1
1747,22,Diagnosis,name,1
1748,22,Diagnosis,description,1
1749,22,Diagnosis,symptoms,1
1750,22,Diagnosis,workup,1
1751,22,Diagnosis,treatment,1
1752,23,Diagnosis,name,1
1753,23,Diagnosis,description,1
1754,23,Diagnosis,symptoms,1
1755,23,Diagnosis,workup,1
1756,23,Diagnosis,treatment,1
1757,24,Diagnosis,name,1
1758,24,Diagnosis,description,1
1759,24,Diagnosis,symptoms,1
1760,24,Diagnosis,workup,1
1761,24,Diagnosis,treatment,1
1762,25,Diagnosis,name,1
1763,25,Diagnosis,description,1
1764,25,Diagnosis,symptoms,1
1765,25,Diagnosis,workup,1
1766,25,Diagnosis,treatment,1
1767,26,Diagnosis,name,1
1768,26,Diagnosis,description,1
1769,26,Diagnosis,symptoms,1
1770,26,Diagnosis,workup,1
1771,26,Diagnosis,treatment,1
1772,27,Diagnosis,name,1
1773,27,Diagnosis,description,1
1774,27,Diagnosis,symptoms,1
1775,27,Diagnosis,workup,1
1776,27,Diagnosis,treatment,1
1777,28,Diagnosis,name,1
1778,28,Diagnosis,description,1
1779,28,Diagnosis,symptoms,1
1780,28,Diagnosis,workup,1
1781,28,Diagnosis,treatment,1
1782,29,Diagnosis,name,1
1783,29,Diagnosis,description,1
1784,29,Diagnosis,symptoms,1
1785,29,Diagnosis,workup,1
1786,29,Diagnosis,treatment,1
1787,30,Diagnosis,name,1
1788,30,Diagnosis,description,1
1789,30,Diagnosis,symptoms,1
1790,30,Diagnosis,workup,1
1791,30,Diagnosis,treatment,1
1792,31,Diagnosis,name,1
1793,31,Diagnosis,description,1
1794,31,Diagnosis,symptoms,1
1795,31,Diagnosis,workup,1
1796,31,Diagnosis,treatment,1
1797,32,Diagnosis,name,1
1798,32,Diagnosis,description,1
1799,32,Diagnosis,symptoms,1
1800,32,Diagnosis,workup,1
1801,32,Diagnosis,treatment,1
1802,33,Diagnosis,name,1
1803,33,Diagnosis,description,1
1804,33,Diagnosis,symptoms,1
1805,33,Diagnosis,workup,1
1806,33,Diagnosis,treatment,1
1807,34,Diagnosis,name,1
1808,34,Diagnosis,description,1
1809,34,Diagnosis,symptoms,1
1810,34,Diagnosis,workup,1
1811,34,Diagnosis,treatment,1
1812,35,Diagnosis,name,1
1813,35,Diagnosis,description,1
1814,35,Diagnosis,symptoms,1
1815,35,Diagnosis,workup,1
1816,35,Diagnosis,treatment,1
1817,36,Diagnosis,name,1
1818,36,Diagnosis,description,1
1819,36,Diagnosis,symptoms,1
1820,36,Diagnosis,workup,1
1821,36,Diagnosis,treatment,1
1822,37,Diagnosis,name,1
1823,37,Diagnosis,description,1
1824,37,Diagnosis,symptoms,1
1825,37,Diagnosis,workup,1
1826,37,Diagnosis,treatment,1
1827,38,Diagnosis,name,1
1828,38,Diagnosis,description,1
1829,38,Diagnosis,symptoms,1
1830,38,Diagnosis,workup,1
1831,38,Diagnosis,treatment,1
1832,39,Diagnosis,name,1
1833,39,Diagnosis,description,1
1834,39,Diagnosis,symptoms,1
1835,39,Diagnosis,workup,1
1836,39,Diagnosis,treatment,1
1837,40,Diagnosis,name,1
1838,40,Diagnosis,description,1
1839,40,Diagnosis,symptoms,1
1840,40,Diagnosis,workup,1
1841,40,Diagnosis,treatment,1
1842,41,Diagnosis,name,1
1843,41,Diagnosis,description,1
1844,41,Diagnosis,symptoms,1
1845,41,Diagnosis,workup,1
1846,41,Diagnosis,treatment,1
1847,42,Diagnosis,name,1
1848,42,Diagnosis,description,1
1849,42,Diagnosis,symptoms,1
1850,42,Diagnosis,workup,1
1851,42,Diagnosis,treatment,1
1852,43,Diagnosis,name,1
1853,43,Diagnosis,description,1
1854,43,Diagnosis,symptoms,1
1855,43,Diagnosis,workup,1
1856,43,Diagnosis,treatment,1
1857,44,Diagnosis,name,1
1858,44,Diagnosis,description,1
1859,44,Diagnosis,symptoms,1
1860,44,Diagnosis,workup,1
1861,44,Diagnosis,treatment,1
1862,45,Diagnosis,name,1
1863,45,Diagnosis,description,1
1864,45,Diagnosis,symptoms,1
1865,45,Diagnosis,workup,1
1866,45,Diagnosis,treatment,1
1867,46,Diagnosis,name,1
1868,46,Diagnosis,description,1
1869,46,Diagnosis,symptoms,1
1870,46,Diagnosis,workup,1
1871,46,Diagnosis,treatment,1
1872,47,Diagnosis,name,1
1873,47,Diagnosis,description,1
1874,47,Diagnosis,symptoms,1
1875,47,Diagnosis,workup,1
1876,47,Diagnosis,treatment,1
1877,48,Diagnosis,name,1
1878,48,Diagnosis,description,1
1879,48,Diagnosis,symptoms,1
1880,48,Diagnosis,workup,1
1881,48,Diagnosis,treatment,1
1882,49,Diagnosis,name,1
1883,49,Diagnosis,description,1
1884,49,Diagnosis,symptoms,1
1885,49,Diagnosis,workup,1
1886,49,Diagnosis,treatment,1
1887,50,Diagnosis,name,1
1888,50,Diagnosis,description,1
1889,50,Diagnosis,symptoms,1
1890,50,Diagnosis,workup,1
1891,50,Diagnosis,treatment,1
1892,51,Diagnosis,name,1
1893,51,Diagnosis,description,1
1894,51,Diagnosis,symptoms,1
1895,51,Diagnosis,workup,1
1896,51,Diagnosis,treatment,1
1897,52,Diagnosis,name,1
1898,52,Diagnosis,description,1
1899,52,Diagnosis,symptoms,1
1900,52,Diagnosis,workup,1
1901,52,Diagnosis,treatment,1
1907,54,Diagnosis,name,1
1908,54,Diagnosis,description,1
1909,54,Diagnosis,symptoms,1
1910,54,Diagnosis,workup,1
1911,54,Diagnosis,treatment,1
1912,55,Diagnosis,name,1
1913,55,Diagnosis,description,1
1914,55,Diagnosis,symptoms,1
1915,55,Diagnosis,workup,1
1916,55,Diagnosis,treatment,1
1917,56,Diagnosis,name,1
1918,56,Diagnosis,description,1
1919,56,Diagnosis,symptoms,1
1920,56,Diagnosis,workup,1
1921,56,Diagnosis,treatment,1
1922,57,Diagnosis,name,1
1923,57,Diagnosis,description,1
1924,57,Diagnosis,symptoms,1
1925,57,Diagnosis,workup,1
1926,57,Diagnosis,treatment,1
1927,58,Diagnosis,name,1
1928,58,Diagnosis,description,1
1929,58,Diagnosis,symptoms,1
1930,58,Diagnosis,workup,1
1931,58,Diagnosis,treatment,1
1932,59,Diagnosis,name,1
1933,59,Diagnosis,description,1
1934,59,Diagnosis,symptoms,1
1935,59,Diagnosis,workup,1
1936,59,Diagnosis,treatment,1
1937,60,Diagnosis,name,1
1938,60,Diagnosis,description,1
1939,60,Diagnosis,symptoms,1
1940,60,Diagnosis,workup,1
1941,60,Diagnosis,treatment,1
1942,61,Diagnosis,name,1
1943,61,Diagnosis,description,1
1944,61,Diagnosis,symptoms,1
1945,61,Diagnosis,workup,1
1946,61,Diagnosis,treatment,1
1947,62,Diagnosis,name,1
1948,62,Diagnosis,description,1
1949,62,Diagnosis,symptoms,1
1950,62,Diagnosis,workup,1
1951,62,Diagnosis,treatment,1
1952,63,Diagnosis,name,1
1953,63,Diagnosis,description,1
1954,63,Diagnosis,symptoms,1
1955,63,Diagnosis,workup,1
1956,63,Diagnosis,treatment,1
1957,64,Diagnosis,name,1
1958,64,Diagnosis,description,1
1959,64,Diagnosis,symptoms,1
1960,64,Diagnosis,workup,1
1961,64,Diagnosis,treatment,1
1962,65,Diagnosis,name,1
1963,65,Diagnosis,description,1
1964,65,Diagnosis,symptoms,1
1965,65,Diagnosis,workup,1
1966,65,Diagnosis,treatment,1
1967,66,Diagnosis,name,1
1968,66,Diagnosis,description,1
1969,66,Diagnosis,symptoms,1
1970,66,Diagnosis,workup,1
1971,66,Diagnosis,treatment,1
1972,67,Diagnosis,name,1
1973,67,Diagnosis,description,1
1974,67,Diagnosis,symptoms,1
1975,67,Diagnosis,workup,1
1976,67,Diagnosis,treatment,1
1977,68,Diagnosis,name,1
1978,68,Diagnosis,description,1
1979,68,Diagnosis,symptoms,1
1980,68,Diagnosis,workup,1
1981,68,Diagnosis,treatment,1
1982,69,Diagnosis,name,1
1983,69,Diagnosis,description,1
1984,69,Diagnosis,symptoms,1
1985,69,Diagnosis,workup,1
1986,69,Diagnosis,treatment,1
1987,70,Diagnosis,name,1
1988,70,Diagnosis,description,1
1989,70,Diagnosis,symptoms,1
1990,70,Diagnosis,workup,1
1991,70,Diagnosis,treatment,1
1992,71,Diagnosis,name,1
1993,71,Diagnosis,description,1
1994,71,Diagnosis,symptoms,1
1995,71,Diagnosis,workup,1
1996,71,Diagnosis,treatment,1
1997,72,Diagnosis,name,1
1998,72,Diagnosis,description,1
1999,72,Diagnosis,symptoms,1
2000,72,Diagnosis,workup,1
2001,72,Diagnosis,treatment,1
2002,73,Diagnosis,name,1
2003,73,Diagnosis,description,1
2004,73,Diagnosis,symptoms,1
2005,73,Diagnosis,workup,1
2006,73,Diagnosis,treatment,1
2007,74,Diagnosis,name,1
2008,74,Diagnosis,description,1
2009,74,Diagnosis,symptoms,1
2010,74,Diagnosis,workup,1
2011,74,Diagnosis,treatment,1
2012,75,Diagnosis,name,1
2013,75,Diagnosis,description,1
2014,75,Diagnosis,symptoms,1
2015,75,Diagnosis,workup,1
2016,75,Diagnosis,treatment,1
2017,76,Diagnosis,name,1
2018,76,Diagnosis,description,1
2019,76,Diagnosis,symptoms,1
2020,76,Diagnosis,workup,1
2021,76,Diagnosis,treatment,1
2022,77,Diagnosis,name,1
2023,77,Diagnosis,description,1
2024,77,Diagnosis,symptoms,1
2025,77,Diagnosis,workup,1
2026,77,Diagnosis,treatment,1
2027,78,Diagnosis,name,1
2028,78,Diagnosis,description,1
2029,78,Diagnosis,symptoms,1
2030,78,Diagnosis,workup,1
2031,78,Diagnosis,treatment,1
2032,79,Diagnosis,name,1
2033,79,Diagnosis,description,1
2034,79,Diagnosis,symptoms,1
2035,79,Diagnosis,workup,1
2036,79,Diagnosis,treatment,1
2037,80,Diagnosis,name,1
2038,80,Diagnosis,description,1
2039,80,Diagnosis,symptoms,1
2040,80,Diagnosis,workup,1
2041,80,Diagnosis,treatment,1
2042,81,Diagnosis,name,1
2043,81,Diagnosis,description,1
2044,81,Diagnosis,symptoms,1
2045,81,Diagnosis,workup,1
2046,81,Diagnosis,treatment,1
2047,82,Diagnosis,name,1
2048,82,Diagnosis,description,1
2049,82,Diagnosis,symptoms,1
2050,82,Diagnosis,workup,1
2051,82,Diagnosis,treatment,1
2052,83,Diagnosis,name,1
2053,83,Diagnosis,description,1
2054,83,Diagnosis,symptoms,1
2055,83,Diagnosis,workup,1
2056,83,Diagnosis,treatment,1
2057,84,Diagnosis,name,1
2058,84,Diagnosis,description,1
2059,84,Diagnosis,symptoms,1
2060,84,Diagnosis,workup,1
2061,84,Diagnosis,treatment,1
2062,85,Diagnosis,name,1
2063,85,Diagnosis,description,1
2064,85,Diagnosis,symptoms,1
2065,85,Diagnosis,workup,1
2066,85,Diagnosis,treatment,1
2067,86,Diagnosis,name,1
2068,86,Diagnosis,description,1
2069,86,Diagnosis,symptoms,1
2070,86,Diagnosis,workup,1
2071,86,Diagnosis,treatment,1
2077,88,Diagnosis,name,1
2078,88,Diagnosis,description,1
2079,88,Diagnosis,symptoms,1
2080,88,Diagnosis,workup,1
2081,88,Diagnosis,treatment,1
2082,89,Diagnosis,name,1
2083,89,Diagnosis,description,1
2084,89,Diagnosis,symptoms,1
2085,89,Diagnosis,workup,1
2086,89,Diagnosis,treatment,1
2087,90,Diagnosis,name,1
2088,90,Diagnosis,description,1
2089,90,Diagnosis,symptoms,1
2090,90,Diagnosis,workup,1
2091,90,Diagnosis,treatment,1
2092,91,Diagnosis,name,1
2093,91,Diagnosis,description,1
2094,91,Diagnosis,symptoms,1
2095,91,Diagnosis,workup,1
2096,91,Diagnosis,treatment,1
2097,92,Diagnosis,name,1
2098,92,Diagnosis,description,1
2099,92,Diagnosis,symptoms,1
2100,92,Diagnosis,workup,1
2101,92,Diagnosis,treatment,1
2102,93,Diagnosis,name,1
2103,93,Diagnosis,description,1
2104,93,Diagnosis,symptoms,1
2105,93,Diagnosis,workup,1
2106,93,Diagnosis,treatment,1
2107,94,Diagnosis,name,1
2108,94,Diagnosis,description,1
2109,94,Diagnosis,symptoms,1
2110,94,Diagnosis,workup,1
2111,94,Diagnosis,treatment,1
2112,95,Diagnosis,name,1
2113,95,Diagnosis,description,1
2114,95,Diagnosis,symptoms,1
2115,95,Diagnosis,workup,1
2116,95,Diagnosis,treatment,1
2117,96,Diagnosis,name,1
2118,96,Diagnosis,description,1
2119,96,Diagnosis,symptoms,1
2120,96,Diagnosis,workup,1
2121,96,Diagnosis,treatment,1
2122,97,Diagnosis,name,1
2123,97,Diagnosis,description,1
2124,97,Diagnosis,symptoms,1
2125,97,Diagnosis,workup,1
2126,97,Diagnosis,treatment,1
2127,98,Diagnosis,name,1
2128,98,Diagnosis,description,1
2129,98,Diagnosis,symptoms,1
2130,98,Diagnosis,workup,1
2131,98,Diagnosis,treatment,1
2132,99,Diagnosis,name,1
2133,99,Diagnosis,description,1
2134,99,Diagnosis,symptoms,1
2135,99,Diagnosis,workup,1
2136,99,Diagnosis,treatment,1
2142,101,Diagnosis,name,1
2143,101,Diagnosis,description,1
2144,101,Diagnosis,symptoms,1
2145,101,Diagnosis,workup,1
2146,101,Diagnosis,treatment,1
2147,102,Diagnosis,name,1
2148,102,Diagnosis,description,1
2149,102,Diagnosis,symptoms,1
2150,102,Diagnosis,workup,1
2151,102,Diagnosis,treatment,1
2152,103,Diagnosis,name,1
2153,103,Diagnosis,description,1
2154,103,Diagnosis,symptoms,1
2155,103,Diagnosis,workup,1
2156,103,Diagnosis,treatment,1
2162,105,Diagnosis,name,1
2163,105,Diagnosis,description,1
2164,105,Diagnosis,symptoms,1
2165,105,Diagnosis,workup,1
2166,105,Diagnosis,treatment,1
2167,106,Diagnosis,name,1
2168,106,Diagnosis,description,1
2169,106,Diagnosis,symptoms,1
2170,106,Diagnosis,workup,1
2171,106,Diagnosis,treatment,1
2172,107,Diagnosis,name,1
2173,107,Diagnosis,description,1
2174,107,Diagnosis,symptoms,1
2175,107,Diagnosis,workup,1
2176,107,Diagnosis,treatment,1
2177,108,Diagnosis,name,1
2178,108,Diagnosis,description,1
2179,108,Diagnosis,symptoms,1
2180,108,Diagnosis,workup,1
2181,108,Diagnosis,treatment,1
2182,109,Diagnosis,name,1
2183,109,Diagnosis,description,1
2184,109,Diagnosis,symptoms,1
2185,109,Diagnosis,workup,1
2186,109,Diagnosis,treatment,1
2187,110,Diagnosis,name,1
2188,110,Diagnosis,description,1
2189,110,Diagnosis,symptoms,1
2190,110,Diagnosis,workup,1
2191,110,Diagnosis,treatment,1
2192,111,Diagnosis,name,1
2193,111,Diagnosis,description,1
2194,111,Diagnosis,symptoms,1
2195,111,Diagnosis,workup,1
2196,111,Diagnosis,treatment,1
2197,112,Diagnosis,name,1
2198,112,Diagnosis,description,1
2199,112,Diagnosis,symptoms,1
2200,112,Diagnosis,workup,1
2201,112,Diagnosis,treatment,1
2202,113,Diagnosis,name,1
2203,113,Diagnosis,description,1
2204,113,Diagnosis,symptoms,1
2205,113,Diagnosis,workup,1
2206,113,Diagnosis,treatment,1
2207,114,Diagnosis,name,1
2208,114,Diagnosis,description,1
2209,114,Diagnosis,symptoms,1
2210,114,Diagnosis,workup,1
2211,114,Diagnosis,treatment,1
2212,115,Diagnosis,name,1
2213,115,Diagnosis,description,1
2214,115,Diagnosis,symptoms,1
2215,115,Diagnosis,workup,1
2216,115,Diagnosis,treatment,1
2217,116,Diagnosis,name,1
2218,116,Diagnosis,description,1
2219,116,Diagnosis,symptoms,1
2220,116,Diagnosis,workup,1
2221,116,Diagnosis,treatment,1
2222,117,Diagnosis,name,1
2223,117,Diagnosis,description,1
2224,117,Diagnosis,symptoms,1
2225,117,Diagnosis,workup,1
2226,117,Diagnosis,treatment,1
2227,118,Diagnosis,name,1
2228,118,Diagnosis,description,1
2229,118,Diagnosis,symptoms,1
2230,118,Diagnosis,workup,1
2231,118,Diagnosis,treatment,1
2232,119,Diagnosis,name,1
2233,119,Diagnosis,description,1
2234,119,Diagnosis,symptoms,1
2235,119,Diagnosis,workup,1
2236,119,Diagnosis,treatment,1
2237,120,Diagnosis,name,1
2238,120,Diagnosis,description,1
2239,120,Diagnosis,symptoms,1
2240,120,Diagnosis,workup,1
2241,120,Diagnosis,treatment,1
2242,121,Diagnosis,name,1
2243,121,Diagnosis,description,1
2244,121,Diagnosis,symptoms,1
2245,121,Diagnosis,workup,1
2246,121,Diagnosis,treatment,1
2247,122,Diagnosis,name,1
2248,122,Diagnosis,description,1
2249,122,Diagnosis,symptoms,1
2250,122,Diagnosis,workup,1
2251,122,Diagnosis,treatment,1
2252,123,Diagnosis,name,1
2253,123,Diagnosis,description,1
2254,123,Diagnosis,symptoms,1
2255,123,Diagnosis,workup,1
2256,123,Diagnosis,treatment,1
2257,124,Diagnosis,name,1
2258,124,Diagnosis,description,1
2259,124,Diagnosis,symptoms,1
2260,124,Diagnosis,workup,1
2261,124,Diagnosis,treatment,1
2262,125,Diagnosis,name,1
2263,125,Diagnosis,description,1
2264,125,Diagnosis,symptoms,1
2265,125,Diagnosis,workup,1
2266,125,Diagnosis,treatment,1
2267,126,Diagnosis,name,1
2268,126,Diagnosis,description,1
2269,126,Diagnosis,symptoms,1
2270,126,Diagnosis,workup,1
2271,126,Diagnosis,treatment,1
2272,127,Diagnosis,name,1
2273,127,Diagnosis,description,1
2274,127,Diagnosis,symptoms,1
2275,127,Diagnosis,workup,1
2276,127,Diagnosis,treatment,1
2277,128,Diagnosis,name,1
2278,128,Diagnosis,description,1
2279,128,Diagnosis,symptoms,1
2280,128,Diagnosis,workup,1
2281,128,Diagnosis,treatment,1
2282,129,Diagnosis,name,1
2283,129,Diagnosis,description,1
2284,129,Diagnosis,symptoms,1
2285,129,Diagnosis,workup,1
2286,129,Diagnosis,treatment,1
2287,130,Diagnosis,name,1
2288,130,Diagnosis,description,1
2289,130,Diagnosis,symptoms,1
2290,130,Diagnosis,workup,1
2291,130,Diagnosis,treatment,1
2292,131,Diagnosis,name,1
2293,131,Diagnosis,description,1
2294,131,Diagnosis,symptoms,1
2295,131,Diagnosis,workup,1
2296,131,Diagnosis,treatment,1
2297,132,Diagnosis,name,1
2298,132,Diagnosis,description,1
2299,132,Diagnosis,symptoms,1
2300,132,Diagnosis,workup,1
2301,132,Diagnosis,treatment,1
2302,133,Diagnosis,name,1
2303,133,Diagnosis,description,1
2304,133,Diagnosis,symptoms,1
2305,133,Diagnosis,workup,1
2306,133,Diagnosis,treatment,1
2307,134,Diagnosis,name,1
2308,134,Diagnosis,description,1
2309,134,Diagnosis,symptoms,1
2310,134,Diagnosis,workup,1
2311,134,Diagnosis,treatment,1
2312,135,Diagnosis,name,1
2313,135,Diagnosis,description,1
2314,135,Diagnosis,symptoms,1
2315,135,Diagnosis,workup,1
2316,135,Diagnosis,treatment,1
2317,136,Diagnosis,name,1
2318,136,Diagnosis,description,1
2319,136,Diagnosis,symptoms,1
2320,136,Diagnosis,workup,1
2321,136,Diagnosis,treatment,1
2322,137,Diagnosis,name,1
2323,137,Diagnosis,description,1
2324,137,Diagnosis,symptoms,1
2325,137,Diagnosis,workup,1
2326,137,Diagnosis,treatment,1
2332,139,Diagnosis,name,1
2333,139,Diagnosis,description,1
2334,139,Diagnosis,symptoms,1
2335,139,Diagnosis,workup,1
2336,139,Diagnosis,treatment,1
2337,140,Diagnosis,name,1
2338,140,Diagnosis,description,1
2339,140,Diagnosis,symptoms,1
2340,140,Diagnosis,workup,1
2341,140,Diagnosis,treatment,1
2347,142,Diagnosis,name,1
2348,142,Diagnosis,description,1
2349,142,Diagnosis,symptoms,1
2350,142,Diagnosis,workup,1
2351,142,Diagnosis,treatment,1
2352,143,Diagnosis,name,1
2353,143,Diagnosis,description,1
2354,143,Diagnosis,symptoms,1
2355,143,Diagnosis,workup,1
2356,143,Diagnosis,treatment,1
2357,144,Diagnosis,name,1
2358,144,Diagnosis,description,1
2359,144,Diagnosis,symptoms,1
2360,144,Diagnosis,workup,1
2361,144,Diagnosis,treatment,1
2362,145,Diagnosis,name,1
2363,145,Diagnosis,description,1
2364,145,Diagnosis,symptoms,1
2365,145,Diagnosis,workup,1
2366,145,Diagnosis,treatment,1
2367,146,Diagnosis,name,1
2368,146,Diagnosis,description,1
2369,146,Diagnosis,symptoms,1
2370,146,Diagnosis,workup,1
2371,146,Diagnosis,treatment,1
2372,147,Diagnosis,name,1
2373,147,Diagnosis,description,1
2374,147,Diagnosis,symptoms,1
2375,147,Diagnosis,workup,1
2376,147,Diagnosis,treatment,1
2377,148,Diagnosis,name,1
2378,148,Diagnosis,description,1
2379,148,Diagnosis,symptoms,1
2380,148,Diagnosis,workup,1
2381,148,Diagnosis,treatment,1
2382,149,Diagnosis,name,1
2383,149,Diagnosis,description,1
2384,149,Diagnosis,symptoms,1
2385,149,Diagnosis,workup,1
2386,149,Diagnosis,treatment,1
2387,150,Diagnosis,name,1
2388,150,Diagnosis,description,1
2389,150,Diagnosis,symptoms,1
2390,150,Diagnosis,workup,1
2391,150,Diagnosis,treatment,1
2392,151,Diagnosis,name,1
2393,151,Diagnosis,description,1
2394,151,Diagnosis,symptoms,1
2395,151,Diagnosis,workup,1
2396,151,Diagnosis,treatment,1
2397,152,Diagnosis,name,1
2398,152,Diagnosis,description,1
2399,152,Diagnosis,symptoms,1
2400,152,Diagnosis,workup,1
2401,152,Diagnosis,treatment,1
2402,153,Diagnosis,name,1
2403,153,Diagnosis,description,1
2404,153,Diagnosis,symptoms,1
2405,153,Diagnosis,workup,1
2406,153,Diagnosis,treatment,1
2407,154,Diagnosis,name,1
2408,154,Diagnosis,description,1
2409,154,Diagnosis,symptoms,1
2410,154,Diagnosis,workup,1
2411,154,Diagnosis,treatment,1
2412,155,Diagnosis,name,1
2413,155,Diagnosis,description,1
2414,155,Diagnosis,symptoms,1
2415,155,Diagnosis,workup,1
2416,155,Diagnosis,treatment,1
2427,158,Diagnosis,name,1
2428,158,Diagnosis,description,1
2429,158,Diagnosis,symptoms,1
2430,158,Diagnosis,workup,1
2431,158,Diagnosis,treatment,1
2432,159,Diagnosis,name,1
2433,159,Diagnosis,description,1
2434,159,Diagnosis,symptoms,1
2435,159,Diagnosis,workup,1
2436,159,Diagnosis,treatment,1
2437,160,Diagnosis,name,1
2438,160,Diagnosis,description,1
2439,160,Diagnosis,symptoms,1
2440,160,Diagnosis,workup,1
2441,160,Diagnosis,treatment,1
2442,161,Diagnosis,name,1
2443,161,Diagnosis,description,1
2444,161,Diagnosis,symptoms,1
2445,161,Diagnosis,workup,1
2446,161,Diagnosis,treatment,1
2447,162,Diagnosis,name,1
2448,162,Diagnosis,description,1
2449,162,Diagnosis,symptoms,1
2450,162,Diagnosis,workup,1
2451,162,Diagnosis,treatment,1
2452,163,Diagnosis,name,1
2453,163,Diagnosis,description,1
2454,163,Diagnosis,symptoms,1
2455,163,Diagnosis,workup,1
2456,163,Diagnosis,treatment,1
2457,164,Diagnosis,name,1
2458,164,Diagnosis,description,1
2459,164,Diagnosis,symptoms,1
2460,164,Diagnosis,workup,1
2461,164,Diagnosis,treatment,1
2462,165,Diagnosis,name,1
2463,165,Diagnosis,description,1
2464,165,Diagnosis,symptoms,1
2465,165,Diagnosis,workup,1
2466,165,Diagnosis,treatment,1
2467,166,Diagnosis,name,1
2468,166,Diagnosis,description,1
2469,166,Diagnosis,symptoms,1
2470,166,Diagnosis,workup,1
2471,166,Diagnosis,treatment,1
2472,167,Diagnosis,name,1
2473,167,Diagnosis,description,1
2474,167,Diagnosis,symptoms,1
2475,167,Diagnosis,workup,1
2476,167,Diagnosis,treatment,1
2477,168,Diagnosis,name,1
2478,168,Diagnosis,description,1
2479,168,Diagnosis,symptoms,1
2480,168,Diagnosis,workup,1
2481,168,Diagnosis,treatment,1
2482,169,Diagnosis,name,1
2483,169,Diagnosis,description,1
2484,169,Diagnosis,symptoms,1
2485,169,Diagnosis,workup,1
2486,169,Diagnosis,treatment,1
2487,170,Diagnosis,name,1
2488,170,Diagnosis,description,1
2489,170,Diagnosis,symptoms,1
2490,170,Diagnosis,workup,1
2491,170,Diagnosis,treatment,1
2492,171,Diagnosis,name,1
2493,171,Diagnosis,description,1
2494,171,Diagnosis,symptoms,1
2495,171,Diagnosis,workup,1
2496,171,Diagnosis,treatment,1
2497,172,Diagnosis,name,1
2498,172,Diagnosis,description,1
2499,172,Diagnosis,symptoms,1
2500,172,Diagnosis,workup,1
2501,172,Diagnosis,treatment,1
2502,173,Diagnosis,name,1
2503,173,Diagnosis,description,1
2504,173,Diagnosis,symptoms,1
2505,173,Diagnosis,workup,1
2506,173,Diagnosis,treatment,1
2507,174,Diagnosis,name,1
2508,174,Diagnosis,description,1
2509,174,Diagnosis,symptoms,1
2510,174,Diagnosis,workup,1
2511,174,Diagnosis,treatment,1
2512,175,Diagnosis,name,1
2513,175,Diagnosis,description,1
2514,175,Diagnosis,symptoms,1
2515,175,Diagnosis,workup,1
2516,175,Diagnosis,treatment,1
2517,176,Diagnosis,name,1
2518,176,Diagnosis,description,1
2519,176,Diagnosis,symptoms,1
2520,176,Diagnosis,workup,1
2521,176,Diagnosis,treatment,1
2522,177,Diagnosis,name,1
2523,177,Diagnosis,description,1
2524,177,Diagnosis,symptoms,1
2525,177,Diagnosis,workup,1
2526,177,Diagnosis,treatment,1
2527,178,Diagnosis,name,1
2528,178,Diagnosis,description,1
2529,178,Diagnosis,symptoms,1
2530,178,Diagnosis,workup,1
2531,178,Diagnosis,treatment,1
2532,179,Diagnosis,name,1
2533,179,Diagnosis,description,1
2534,179,Diagnosis,symptoms,1
2535,179,Diagnosis,workup,1
2536,179,Diagnosis,treatment,1
2537,180,Diagnosis,name,1
2538,180,Diagnosis,description,1
2539,180,Diagnosis,symptoms,1
2540,180,Diagnosis,workup,1
2541,180,Diagnosis,treatment,1
2542,181,Diagnosis,name,1
2543,181,Diagnosis,description,1
2544,181,Diagnosis,symptoms,1
2545,181,Diagnosis,workup,1
2546,181,Diagnosis,treatment,1
2547,182,Diagnosis,name,1
2548,182,Diagnosis,description,1
2549,182,Diagnosis,symptoms,1
2550,182,Diagnosis,workup,1
2551,182,Diagnosis,treatment,1
2552,183,Diagnosis,name,1
2553,183,Diagnosis,description,1
2554,183,Diagnosis,symptoms,1
2555,183,Diagnosis,workup,1
2556,183,Diagnosis,treatment,1
2557,184,Diagnosis,name,1
2558,184,Diagnosis,description,1
2559,184,Diagnosis,symptoms,1
2560,184,Diagnosis,workup,1
2561,184,Diagnosis,treatment,1
2562,185,Diagnosis,name,1
2563,185,Diagnosis,description,1
2564,185,Diagnosis,symptoms,1
2565,185,Diagnosis,workup,1
2566,185,Diagnosis,treatment,1
2567,186,Diagnosis,name,1
2568,186,Diagnosis,description,1
2569,186,Diagnosis,symptoms,1
2570,186,Diagnosis,workup,1
2571,186,Diagnosis,treatment,1
2572,187,Diagnosis,name,1
2573,187,Diagnosis,description,1
2574,187,Diagnosis,symptoms,1
2575,187,Diagnosis,workup,1
2576,187,Diagnosis,treatment,1
2577,188,Diagnosis,name,1
2578,188,Diagnosis,description,1
2579,188,Diagnosis,symptoms,1
2580,188,Diagnosis,workup,1
2581,188,Diagnosis,treatment,1
2582,189,Diagnosis,name,1
2583,189,Diagnosis,description,1
2584,189,Diagnosis,symptoms,1
2585,189,Diagnosis,workup,1
2586,189,Diagnosis,treatment,1
2587,190,Diagnosis,name,1
2588,190,Diagnosis,description,1
2589,190,Diagnosis,symptoms,1
2590,190,Diagnosis,workup,1
2591,190,Diagnosis,treatment,1
2592,191,Diagnosis,name,1
2593,191,Diagnosis,description,1
2594,191,Diagnosis,symptoms,1
2595,191,Diagnosis,workup,1
2596,191,Diagnosis,treatment,1
2597,192,Diagnosis,name,1
2598,192,Diagnosis,description,1
2599,192,Diagnosis,symptoms,1
2600,192,Diagnosis,workup,1
2601,192,Diagnosis,treatment,1
2602,193,Diagnosis,name,1
2603,193,Diagnosis,description,1
2604,193,Diagnosis,symptoms,1
2605,193,Diagnosis,workup,1
2606,193,Diagnosis,treatment,1
2607,194,Diagnosis,name,1
2608,194,Diagnosis,description,1
2609,194,Diagnosis,symptoms,1
2610,194,Diagnosis,workup,1
2611,194,Diagnosis,treatment,1
2612,195,Diagnosis,name,1
2613,195,Diagnosis,description,1
2614,195,Diagnosis,symptoms,1
2615,195,Diagnosis,workup,1
2616,195,Diagnosis,treatment,1
2617,196,Diagnosis,name,1
2618,196,Diagnosis,description,1
2619,196,Diagnosis,symptoms,1
2620,196,Diagnosis,workup,1
2621,196,Diagnosis,treatment,1
2622,197,Diagnosis,name,1
2623,197,Diagnosis,description,1
2624,197,Diagnosis,symptoms,1
2625,197,Diagnosis,workup,1
2626,197,Diagnosis,treatment,1
2627,198,Diagnosis,name,1
2628,198,Diagnosis,description,1
2629,198,Diagnosis,symptoms,1
2630,198,Diagnosis,workup,1
2631,198,Diagnosis,treatment,1
2632,199,Diagnosis,name,1
2633,199,Diagnosis,description,1
2634,199,Diagnosis,symptoms,1
2635,199,Diagnosis,workup,1
2636,199,Diagnosis,treatment,1
2637,200,Diagnosis,name,1
2638,200,Diagnosis,description,1
2639,200,Diagnosis,symptoms,1
2640,200,Diagnosis,workup,1
2641,200,Diagnosis,treatment,1
2642,201,Diagnosis,name,1
2643,201,Diagnosis,description,1
2644,201,Diagnosis,symptoms,1
2645,201,Diagnosis,workup,1
2646,201,Diagnosis,treatment,1
2647,202,Diagnosis,name,1
2648,202,Diagnosis,description,1
2649,202,Diagnosis,symptoms,1
2650,202,Diagnosis,workup,1
2651,202,Diagnosis,treatment,1
2652,203,Diagnosis,name,1
2653,203,Diagnosis,description,1
2654,203,Diagnosis,symptoms,1
2655,203,Diagnosis,workup,1
2656,203,Diagnosis,treatment,1
2657,204,Diagnosis,name,1
2658,204,Diagnosis,description,1
2659,204,Diagnosis,symptoms,1
2660,204,Diagnosis,workup,1
2661,204,Diagnosis,treatment,1
2662,205,Diagnosis,name,1
2663,205,Diagnosis,description,1
2664,205,Diagnosis,symptoms,1
2665,205,Diagnosis,workup,1
2666,205,Diagnosis,treatment,1
2667,206,Diagnosis,name,1
2668,206,Diagnosis,description,1
2669,206,Diagnosis,symptoms,1
2670,206,Diagnosis,workup,1
2671,206,Diagnosis,treatment,1
2672,207,Diagnosis,name,1
2673,207,Diagnosis,description,1
2674,207,Diagnosis,symptoms,1
2675,207,Diagnosis,workup,1
2676,207,Diagnosis,treatment,1
2677,208,Diagnosis,name,1
2678,208,Diagnosis,description,1
2679,208,Diagnosis,symptoms,1
2680,208,Diagnosis,workup,1
2681,208,Diagnosis,treatment,1
2687,210,Diagnosis,name,1
2688,210,Diagnosis,description,1
2689,210,Diagnosis,symptoms,1
2690,210,Diagnosis,workup,1
2691,210,Diagnosis,treatment,1
2692,211,Diagnosis,name,1
2693,211,Diagnosis,description,1
2694,211,Diagnosis,symptoms,1
2695,211,Diagnosis,workup,1
2696,211,Diagnosis,treatment,1
2697,212,Diagnosis,name,1
2698,212,Diagnosis,description,1
2699,212,Diagnosis,symptoms,1
2700,212,Diagnosis,workup,1
2701,212,Diagnosis,treatment,1
2702,213,Diagnosis,name,1
2703,213,Diagnosis,description,1
2704,213,Diagnosis,symptoms,1
2705,213,Diagnosis,workup,1
2706,213,Diagnosis,treatment,1
2707,214,Diagnosis,name,1
2708,214,Diagnosis,description,1
2709,214,Diagnosis,symptoms,1
2710,214,Diagnosis,workup,1
2711,214,Diagnosis,treatment,1
2712,215,Diagnosis,name,1
2713,215,Diagnosis,description,1
2714,215,Diagnosis,symptoms,1
2715,215,Diagnosis,workup,1
2716,215,Diagnosis,treatment,1
2717,216,Diagnosis,name,1
2718,216,Diagnosis,description,1
2719,216,Diagnosis,symptoms,1
2720,216,Diagnosis,workup,1
2721,216,Diagnosis,treatment,1
2722,217,Diagnosis,name,1
2723,217,Diagnosis,description,1
2724,217,Diagnosis,symptoms,1
2725,217,Diagnosis,workup,1
2726,217,Diagnosis,treatment,1
2727,218,Diagnosis,name,1
2728,218,Diagnosis,description,1
2729,218,Diagnosis,symptoms,1
2730,218,Diagnosis,workup,1
2731,218,Diagnosis,treatment,1
2732,219,Diagnosis,name,1
2733,219,Diagnosis,description,1
2734,219,Diagnosis,symptoms,1
2735,219,Diagnosis,workup,1
2736,219,Diagnosis,treatment,1
2737,220,Diagnosis,name,1
2738,220,Diagnosis,description,1
2739,220,Diagnosis,symptoms,1
2740,220,Diagnosis,workup,1
2741,220,Diagnosis,treatment,1
2742,221,Diagnosis,name,1
2743,221,Diagnosis,description,1
2744,221,Diagnosis,symptoms,1
2745,221,Diagnosis,workup,1
2746,221,Diagnosis,treatment,1
2747,222,Diagnosis,name,1
2748,222,Diagnosis,description,1
2749,222,Diagnosis,symptoms,1
2750,222,Diagnosis,workup,1
2751,222,Diagnosis,treatment,1
2752,223,Diagnosis,name,1
2753,223,Diagnosis,description,1
2754,223,Diagnosis,symptoms,1
2755,223,Diagnosis,workup,1
2756,223,Diagnosis,treatment,1
2757,224,Diagnosis,name,1
2758,224,Diagnosis,description,1
2759,224,Diagnosis,symptoms,1
2760,224,Diagnosis,workup,1
2761,224,Diagnosis,treatment,1
2762,225,Diagnosis,name,1
2763,225,Diagnosis,description,1
2764,225,Diagnosis,symptoms,1
2765,225,Diagnosis,workup,1
2766,225,Diagnosis,treatment,1
2767,226,Diagnosis,name,1
2768,226,Diagnosis,description,1
2769,226,Diagnosis,symptoms,1
2770,226,Diagnosis,workup,1
2771,226,Diagnosis,treatment,1
2772,227,Diagnosis,name,1
2773,227,Diagnosis,description,1
2774,227,Diagnosis,symptoms,1
2775,227,Diagnosis,workup,1
2776,227,Diagnosis,treatment,1
2777,228,Diagnosis,name,1
2778,228,Diagnosis,description,1
2779,228,Diagnosis,symptoms,1
2780,228,Diagnosis,workup,1
2781,228,Diagnosis,treatment,1
2782,229,Diagnosis,name,1
2783,229,Diagnosis,description,1
2784,229,Diagnosis,symptoms,1
2785,229,Diagnosis,workup,1
2786,229,Diagnosis,treatment,1
2787,230,Diagnosis,name,1
2788,230,Diagnosis,description,1
2789,230,Diagnosis,symptoms,1
2790,230,Diagnosis,workup,1
2791,230,Diagnosis,treatment,1
2792,231,Diagnosis,name,1
2793,231,Diagnosis,description,1
2794,231,Diagnosis,symptoms,1
2795,231,Diagnosis,workup,1
2796,231,Diagnosis,treatment,1
2797,232,Diagnosis,name,1
2798,232,Diagnosis,description,1
2799,232,Diagnosis,symptoms,1
2800,232,Diagnosis,workup,1
2801,232,Diagnosis,treatment,1
2802,233,Diagnosis,name,1
2803,233,Diagnosis,description,1
2804,233,Diagnosis,symptoms,1
2805,233,Diagnosis,workup,1
2806,233,Diagnosis,treatment,1
2807,234,Diagnosis,name,1
2808,234,Diagnosis,description,1
2809,234,Diagnosis,symptoms,1
2810,234,Diagnosis,workup,1
2811,234,Diagnosis,treatment,1
2812,235,Diagnosis,name,1
2813,235,Diagnosis,description,1
2814,235,Diagnosis,symptoms,1
2815,235,Diagnosis,workup,1
2816,235,Diagnosis,treatment,1
2817,236,Diagnosis,name,1
2818,236,Diagnosis,description,1
2819,236,Diagnosis,symptoms,1
2820,236,Diagnosis,workup,1
2821,236,Diagnosis,treatment,1
2822,237,Diagnosis,name,1
2823,237,Diagnosis,description,1
2824,237,Diagnosis,symptoms,1
2825,237,Diagnosis,workup,1
2826,237,Diagnosis,treatment,1
2827,238,Diagnosis,name,1
2828,238,Diagnosis,description,1
2829,238,Diagnosis,symptoms,1
2830,238,Diagnosis,workup,1
2831,238,Diagnosis,treatment,1
2832,239,Diagnosis,name,1
2833,239,Diagnosis,description,1
2834,239,Diagnosis,symptoms,1
2835,239,Diagnosis,workup,1
2836,239,Diagnosis,treatment,1
2837,240,Diagnosis,name,1
2838,240,Diagnosis,description,1
2839,240,Diagnosis,symptoms,1
2840,240,Diagnosis,workup,1
2841,240,Diagnosis,treatment,1
2842,241,Diagnosis,name,1
2843,241,Diagnosis,description,1
2844,241,Diagnosis,symptoms,1
2845,241,Diagnosis,workup,1
2846,241,Diagnosis,treatment,1
2847,242,Diagnosis,name,1
2848,242,Diagnosis,description,1
2849,242,Diagnosis,symptoms,1
2850,242,Diagnosis,workup,1
2851,242,Diagnosis,treatment,1
2857,244,Diagnosis,name,1
2858,244,Diagnosis,description,1
2859,244,Diagnosis,symptoms,1
2860,244,Diagnosis,workup,1
2861,244,Diagnosis,treatment,1
2862,245,Diagnosis,name,1
2863,245,Diagnosis,description,1
2864,245,Diagnosis,symptoms,1
2865,245,Diagnosis,workup,1
2866,245,Diagnosis,treatment,1
2867,246,Diagnosis,name,1
2868,246,Diagnosis,description,1
2869,246,Diagnosis,symptoms,1
2870,246,Diagnosis,workup,1
2871,246,Diagnosis,treatment,1
2872,247,Diagnosis,name,1
2873,247,Diagnosis,description,1
2874,247,Diagnosis,symptoms,1
2875,247,Diagnosis,workup,1
2876,247,Diagnosis,treatment,1
2877,248,Diagnosis,name,1
2878,248,Diagnosis,description,1
2879,248,Diagnosis,symptoms,1
2880,248,Diagnosis,workup,1
2881,248,Diagnosis,treatment,1
2882,249,Diagnosis,name,1
2883,249,Diagnosis,description,1
2884,249,Diagnosis,symptoms,1
2885,249,Diagnosis,workup,1
2886,249,Diagnosis,treatment,1
2887,250,Diagnosis,name,1
2888,250,Diagnosis,description,1
2889,250,Diagnosis,symptoms,1
2890,250,Diagnosis,workup,1
2891,250,Diagnosis,treatment,1
2892,251,Diagnosis,name,1
2893,251,Diagnosis,description,1
2894,251,Diagnosis,symptoms,1
2895,251,Diagnosis,workup,1
2896,251,Diagnosis,treatment,1
2897,252,Diagnosis,name,1
2898,252,Diagnosis,description,1
2899,252,Diagnosis,symptoms,1
2900,252,Diagnosis,workup,1
2901,252,Diagnosis,treatment,1
2902,253,Diagnosis,name,1
2903,253,Diagnosis,description,1
2904,253,Diagnosis,symptoms,1
2905,253,Diagnosis,workup,1
2906,253,Diagnosis,treatment,1
2912,255,Diagnosis,name,1
2913,255,Diagnosis,description,1
2914,255,Diagnosis,symptoms,1
2915,255,Diagnosis,workup,1
2916,255,Diagnosis,treatment,1
2917,256,Diagnosis,name,1
2918,256,Diagnosis,description,1
2919,256,Diagnosis,symptoms,1
2920,256,Diagnosis,workup,1
2921,256,Diagnosis,treatment,1
2922,257,Diagnosis,name,1
2923,257,Diagnosis,description,1
2924,257,Diagnosis,symptoms,1
2925,257,Diagnosis,workup,1
2926,257,Diagnosis,treatment,1
2927,258,Diagnosis,name,1
2928,258,Diagnosis,description,1
2929,258,Diagnosis,symptoms,1
2930,258,Diagnosis,workup,1
2931,258,Diagnosis,treatment,1
2932,259,Diagnosis,name,1
2933,259,Diagnosis,description,1
2934,259,Diagnosis,symptoms,1
2935,259,Diagnosis,workup,1
2936,259,Diagnosis,treatment,1
2937,260,Diagnosis,name,1
2938,260,Diagnosis,description,1
2939,260,Diagnosis,symptoms,1
2940,260,Diagnosis,workup,1
2941,260,Diagnosis,treatment,1
2942,261,Diagnosis,name,1
2943,261,Diagnosis,description,1
2944,261,Diagnosis,symptoms,1
2945,261,Diagnosis,workup,1
2946,261,Diagnosis,treatment,1
2947,262,Diagnosis,name,1
2948,262,Diagnosis,description,1
2949,262,Diagnosis,symptoms,1
2950,262,Diagnosis,workup,1
2951,262,Diagnosis,treatment,1
2952,263,Diagnosis,name,1
2953,263,Diagnosis,description,1
2954,263,Diagnosis,symptoms,1
2955,263,Diagnosis,workup,1
2956,263,Diagnosis,treatment,1
2957,264,Diagnosis,name,1
2958,264,Diagnosis,description,1
2959,264,Diagnosis,symptoms,1
2960,264,Diagnosis,workup,1
2961,264,Diagnosis,treatment,1
2962,265,Diagnosis,name,1
2963,265,Diagnosis,description,1
2964,265,Diagnosis,symptoms,1
2965,265,Diagnosis,workup,1
2966,265,Diagnosis,treatment,1
2967,266,Diagnosis,name,1
2968,266,Diagnosis,description,1
2969,266,Diagnosis,symptoms,1
2970,266,Diagnosis,workup,1
2971,266,Diagnosis,treatment,1
2972,267,Diagnosis,name,1
2973,267,Diagnosis,description,1
2974,267,Diagnosis,symptoms,1
2975,267,Diagnosis,workup,1
2976,267,Diagnosis,treatment,1
2977,268,Diagnosis,name,1
2978,268,Diagnosis,description,1
2979,268,Diagnosis,symptoms,1
2980,268,Diagnosis,workup,1
2981,268,Diagnosis,treatment,1
2982,269,Diagnosis,name,1
2983,269,Diagnosis,description,1
2984,269,Diagnosis,symptoms,1
2985,269,Diagnosis,workup,1
2986,269,Diagnosis,treatment,1
2987,270,Diagnosis,name,1
2988,270,Diagnosis,description,1
2989,270,Diagnosis,symptoms,1
2990,270,Diagnosis,workup,1
2991,270,Diagnosis,treatment,1
2992,271,Diagnosis,name,1
2993,271,Diagnosis,description,1
2994,271,Diagnosis,symptoms,1
2995,271,Diagnosis,workup,1
2996,271,Diagnosis,treatment,1
2997,272,Diagnosis,name,1
2998,272,Diagnosis,description,1
2999,272,Diagnosis,symptoms,1
3000,272,Diagnosis,workup,1
3001,272,Diagnosis,treatment,1
3002,273,Diagnosis,name,1
3003,273,Diagnosis,description,1
3004,273,Diagnosis,symptoms,1
3005,273,Diagnosis,workup,1
3006,273,Diagnosis,treatment,1
3007,274,Diagnosis,name,1
3008,274,Diagnosis,description,1
3009,274,Diagnosis,symptoms,1
3010,274,Diagnosis,workup,1
3011,274,Diagnosis,treatment,1
3012,275,Diagnosis,name,1
3013,275,Diagnosis,description,1
3014,275,Diagnosis,symptoms,1
3015,275,Diagnosis,workup,1
3016,275,Diagnosis,treatment,1
3017,276,Diagnosis,name,1
3018,276,Diagnosis,description,1
3019,276,Diagnosis,symptoms,1
3020,276,Diagnosis,workup,1
3021,276,Diagnosis,treatment,1
3022,277,Diagnosis,name,1
3023,277,Diagnosis,description,1
3024,277,Diagnosis,symptoms,1
3025,277,Diagnosis,workup,1
3026,277,Diagnosis,treatment,1
3027,278,Diagnosis,name,1
3028,278,Diagnosis,description,1
3029,278,Diagnosis,symptoms,1
3030,278,Diagnosis,workup,1
3031,278,Diagnosis,treatment,1
3032,279,Diagnosis,name,1
3033,279,Diagnosis,description,1
3034,279,Diagnosis,symptoms,1
3035,279,Diagnosis,workup,1
3036,279,Diagnosis,treatment,1
3037,280,Diagnosis,name,1
3038,280,Diagnosis,description,1
3039,280,Diagnosis,symptoms,1
3040,280,Diagnosis,workup,1
3041,280,Diagnosis,treatment,1
3042,281,Diagnosis,name,1
3043,281,Diagnosis,description,1
3044,281,Diagnosis,symptoms,1
3045,281,Diagnosis,workup,1
3046,281,Diagnosis,treatment,1
3047,282,Diagnosis,name,1
3048,282,Diagnosis,description,1
3049,282,Diagnosis,symptoms,1
3050,282,Diagnosis,workup,1
3051,282,Diagnosis,treatment,1
3052,283,Diagnosis,name,1
3053,283,Diagnosis,description,1
3054,283,Diagnosis,symptoms,1
3055,283,Diagnosis,workup,1
3056,283,Diagnosis,treatment,1
3057,284,Diagnosis,name,1
3058,284,Diagnosis,description,1
3059,284,Diagnosis,symptoms,1
3060,284,Diagnosis,workup,1
3061,284,Diagnosis,treatment,1
3062,285,Diagnosis,name,1
3063,285,Diagnosis,description,1
3064,285,Diagnosis,symptoms,1
3065,285,Diagnosis,workup,1
3066,285,Diagnosis,treatment,1
3067,286,Diagnosis,name,1
3068,286,Diagnosis,description,1
3069,286,Diagnosis,symptoms,1
3070,286,Diagnosis,workup,1
3071,286,Diagnosis,treatment,1
3072,287,Diagnosis,name,1
3073,287,Diagnosis,description,1
3074,287,Diagnosis,symptoms,1
3075,287,Diagnosis,workup,1
3076,287,Diagnosis,treatment,1
3077,288,Diagnosis,name,1
3078,288,Diagnosis,description,1
3079,288,Diagnosis,symptoms,1
3080,288,Diagnosis,workup,1
3081,288,Diagnosis,treatment,1
3082,289,Diagnosis,name,1
3083,289,Diagnosis,description,1
3084,289,Diagnosis,symptoms,1
3085,289,Diagnosis,workup,1
3086,289,Diagnosis,treatment,1
3087,290,Diagnosis,name,1
3088,290,Diagnosis,description,1
3089,290,Diagnosis,symptoms,1
3090,290,Diagnosis,workup,1
3091,290,Diagnosis,treatment,1
3092,291,Diagnosis,name,1
3093,291,Diagnosis,description,1
3094,291,Diagnosis,symptoms,1
3095,291,Diagnosis,workup,1
3096,291,Diagnosis,treatment,1
3097,292,Diagnosis,name,1
3098,292,Diagnosis,description,1
3099,292,Diagnosis,symptoms,1
3100,292,Diagnosis,workup,1
3101,292,Diagnosis,treatment,1
3102,293,Diagnosis,name,1
3103,293,Diagnosis,description,1
3104,293,Diagnosis,symptoms,1
3105,293,Diagnosis,workup,1
3106,293,Diagnosis,treatment,1
3107,294,Diagnosis,name,1
3108,294,Diagnosis,description,1
3109,294,Diagnosis,symptoms,1
3110,294,Diagnosis,workup,1
3111,294,Diagnosis,treatment,1
3112,295,Diagnosis,name,1
3113,295,Diagnosis,description,1
3114,295,Diagnosis,symptoms,1
3115,295,Diagnosis,workup,1
3116,295,Diagnosis,treatment,1
3117,296,Diagnosis,name,1
3118,296,Diagnosis,description,1
3119,296,Diagnosis,symptoms,1
3120,296,Diagnosis,workup,1
3121,296,Diagnosis,treatment,1
3122,297,Diagnosis,name,1
3123,297,Diagnosis,description,1
3124,297,Diagnosis,symptoms,1
3125,297,Diagnosis,workup,1
3126,297,Diagnosis,treatment,1
3127,298,Diagnosis,name,1
3128,298,Diagnosis,description,1
3129,298,Diagnosis,symptoms,1
3130,298,Diagnosis,workup,1
3131,298,Diagnosis,treatment,1
3137,300,Diagnosis,name,1
3138,300,Diagnosis,description,1
3139,300,Diagnosis,symptoms,1
3140,300,Diagnosis,workup,1
3141,300,Diagnosis,treatment,1
3142,301,Diagnosis,name,1
3143,301,Diagnosis,description,1
3144,301,Diagnosis,symptoms,1
3145,301,Diagnosis,workup,1
3146,301,Diagnosis,treatment,1
3147,302,Diagnosis,name,1
3148,302,Diagnosis,description,1
3149,302,Diagnosis,symptoms,1
3150,302,Diagnosis,workup,1
3151,302,Diagnosis,treatment,1
3152,303,Diagnosis,name,1
3153,303,Diagnosis,description,1
3154,303,Diagnosis,symptoms,1
3155,303,Diagnosis,workup,1
3156,303,Diagnosis,treatment,1
3157,304,Diagnosis,name,1
3158,304,Diagnosis,description,1
3159,304,Diagnosis,symptoms,1
3160,304,Diagnosis,workup,1
3161,304,Diagnosis,treatment,1
3162,305,Diagnosis,name,1
3163,305,Diagnosis,description,1
3164,305,Diagnosis,symptoms,1
3165,305,Diagnosis,workup,1
3166,305,Diagnosis,treatment,1
3167,306,Diagnosis,name,1
3168,306,Diagnosis,description,1
3169,306,Diagnosis,symptoms,1
3170,306,Diagnosis,workup,1
3171,306,Diagnosis,treatment,1
3172,307,Diagnosis,name,1
3173,307,Diagnosis,description,1
3174,307,Diagnosis,symptoms,1
3175,307,Diagnosis,workup,1
3176,307,Diagnosis,treatment,1
3177,308,Diagnosis,name,1
3178,308,Diagnosis,description,1
3179,308,Diagnosis,symptoms,1
3180,308,Diagnosis,workup,1
3181,308,Diagnosis,treatment,1
3182,309,Diagnosis,name,1
3183,309,Diagnosis,description,1
3184,309,Diagnosis,symptoms,1
3185,309,Diagnosis,workup,1
3186,309,Diagnosis,treatment,1
3187,310,Diagnosis,name,1
3188,310,Diagnosis,description,1
3189,310,Diagnosis,symptoms,1
3190,310,Diagnosis,workup,1
3191,310,Diagnosis,treatment,1
3192,311,Diagnosis,name,1
3193,311,Diagnosis,description,1
3194,311,Diagnosis,symptoms,1
3195,311,Diagnosis,workup,1
3196,311,Diagnosis,treatment,1
3202,313,Diagnosis,name,1
3203,313,Diagnosis,description,1
3204,313,Diagnosis,symptoms,1
3205,313,Diagnosis,workup,1
3206,313,Diagnosis,treatment,1
3207,314,Diagnosis,name,1
3208,314,Diagnosis,description,1
3209,314,Diagnosis,symptoms,1
3210,314,Diagnosis,workup,1
3211,314,Diagnosis,treatment,1
3212,315,Diagnosis,name,1
3213,315,Diagnosis,description,1
3214,315,Diagnosis,symptoms,1
3215,315,Diagnosis,workup,1
3216,315,Diagnosis,treatment,1
3217,316,Diagnosis,name,1
3218,316,Diagnosis,description,1
3219,316,Diagnosis,symptoms,1
3220,316,Diagnosis,workup,1
3221,316,Diagnosis,treatment,1
3222,317,Diagnosis,name,1
3223,317,Diagnosis,description,1
3224,317,Diagnosis,symptoms,1
3225,317,Diagnosis,workup,1
3226,317,Diagnosis,treatment,1
3232,319,Diagnosis,name,1
3233,319,Diagnosis,description,1
3234,319,Diagnosis,symptoms,1
3235,319,Diagnosis,workup,1
3236,319,Diagnosis,treatment,1
3237,320,Diagnosis,name,1
3238,320,Diagnosis,description,1
3239,320,Diagnosis,symptoms,1
3240,320,Diagnosis,workup,1
3241,320,Diagnosis,treatment,1
3242,321,Diagnosis,name,1
3243,321,Diagnosis,description,1
3244,321,Diagnosis,symptoms,1
3245,321,Diagnosis,workup,1
3246,321,Diagnosis,treatment,1
3247,322,Diagnosis,name,1
3248,322,Diagnosis,description,1
3249,322,Diagnosis,symptoms,1
3250,322,Diagnosis,workup,1
3251,322,Diagnosis,treatment,1
3252,323,Diagnosis,name,1
3253,323,Diagnosis,description,1
3254,323,Diagnosis,symptoms,1
3255,323,Diagnosis,workup,1
3256,323,Diagnosis,treatment,1
3257,324,Diagnosis,name,1
3258,324,Diagnosis,description,1
3259,324,Diagnosis,symptoms,1
3260,324,Diagnosis,workup,1
3261,324,Diagnosis,treatment,1
3262,325,Diagnosis,name,1
3263,325,Diagnosis,description,1
3264,325,Diagnosis,symptoms,1
3265,325,Diagnosis,workup,1
3266,325,Diagnosis,treatment,1
3267,326,Diagnosis,name,1
3268,326,Diagnosis,description,1
3269,326,Diagnosis,symptoms,1
3270,326,Diagnosis,workup,1
3271,326,Diagnosis,treatment,1
3272,327,Diagnosis,name,1
3273,327,Diagnosis,description,1
3274,327,Diagnosis,symptoms,1
3275,327,Diagnosis,workup,1
3276,327,Diagnosis,treatment,1
3277,328,Diagnosis,name,1
3278,328,Diagnosis,description,1
3279,328,Diagnosis,symptoms,1
3280,328,Diagnosis,workup,1
3281,328,Diagnosis,treatment,1
3282,329,Diagnosis,name,1
3283,329,Diagnosis,description,1
3284,329,Diagnosis,symptoms,1
3285,329,Diagnosis,workup,1
3286,329,Diagnosis,treatment,1
3287,330,Diagnosis,name,1
3288,330,Diagnosis,description,1
3289,330,Diagnosis,symptoms,1
3290,330,Diagnosis,workup,1
3291,330,Diagnosis,treatment,1
3292,331,Diagnosis,name,1
3293,331,Diagnosis,description,1
3294,331,Diagnosis,symptoms,1
3295,331,Diagnosis,workup,1
3296,331,Diagnosis,treatment,1
3297,332,Diagnosis,name,1
3298,332,Diagnosis,description,1
3299,332,Diagnosis,symptoms,1
3300,332,Diagnosis,workup,1
3301,332,Diagnosis,treatment,1
3302,333,Diagnosis,name,1
3303,333,Diagnosis,description,1
3304,333,Diagnosis,symptoms,1
3305,333,Diagnosis,workup,1
3306,333,Diagnosis,treatment,1
3307,334,Diagnosis,name,1
3308,334,Diagnosis,description,1
3309,334,Diagnosis,symptoms,1
3310,334,Diagnosis,workup,1
3311,334,Diagnosis,treatment,1
3312,335,Diagnosis,name,1
3313,335,Diagnosis,description,1
3314,335,Diagnosis,symptoms,1
3315,335,Diagnosis,workup,1
3316,335,Diagnosis,treatment,1
3317,336,Diagnosis,name,1
3318,336,Diagnosis,description,1
3319,336,Diagnosis,symptoms,1
3320,336,Diagnosis,workup,1
3321,336,Diagnosis,treatment,1
3322,337,Diagnosis,name,1
3323,337,Diagnosis,description,1
3324,337,Diagnosis,symptoms,1
3325,337,Diagnosis,workup,1
3326,337,Diagnosis,treatment,1
3327,338,Diagnosis,name,1
3328,338,Diagnosis,description,1
3329,338,Diagnosis,symptoms,1
3330,338,Diagnosis,workup,1
3331,338,Diagnosis,treatment,1
3332,339,Diagnosis,name,1
3333,339,Diagnosis,description,1
3334,339,Diagnosis,symptoms,1
3335,339,Diagnosis,workup,1
3336,339,Diagnosis,treatment,1
3337,340,Diagnosis,name,1
3338,340,Diagnosis,description,1
3339,340,Diagnosis,symptoms,1
3340,340,Diagnosis,workup,1
3341,340,Diagnosis,treatment,1
3342,341,Diagnosis,name,1
3343,341,Diagnosis,description,1
3344,341,Diagnosis,symptoms,1
3345,341,Diagnosis,workup,1
3346,341,Diagnosis,treatment,1
3347,342,Diagnosis,name,1
3348,342,Diagnosis,description,1
3349,342,Diagnosis,symptoms,1
3350,342,Diagnosis,workup,1
3351,342,Diagnosis,treatment,1
3352,343,Diagnosis,name,1
3353,343,Diagnosis,description,1
3354,343,Diagnosis,symptoms,1
3355,343,Diagnosis,workup,1
3356,343,Diagnosis,treatment,1
3357,344,Diagnosis,name,1
3358,344,Diagnosis,description,1
3359,344,Diagnosis,symptoms,1
3360,344,Diagnosis,workup,1
3361,344,Diagnosis,treatment,1
3362,345,Diagnosis,name,1
3363,345,Diagnosis,description,1
3364,345,Diagnosis,symptoms,1
3365,345,Diagnosis,workup,1
3366,345,Diagnosis,treatment,1
3367,346,Diagnosis,name,1
3368,346,Diagnosis,description,1
3369,346,Diagnosis,symptoms,1
3370,346,Diagnosis,workup,1
3371,346,Diagnosis,treatment,1
3372,347,Diagnosis,name,1
3373,347,Diagnosis,description,1
3374,347,Diagnosis,symptoms,1
3375,347,Diagnosis,workup,1
3376,347,Diagnosis,treatment,1
3377,348,Diagnosis,name,1
3378,348,Diagnosis,description,1
3379,348,Diagnosis,symptoms,1
3380,348,Diagnosis,workup,1
3381,348,Diagnosis,treatment,1
3382,349,Diagnosis,name,1
3383,349,Diagnosis,description,1
3384,349,Diagnosis,symptoms,1
3385,349,Diagnosis,workup,1
3386,349,Diagnosis,treatment,1
3387,350,Diagnosis,name,1
3388,350,Diagnosis,description,1
3389,350,Diagnosis,symptoms,1
3390,350,Diagnosis,workup,1
3391,350,Diagnosis,treatment,1
3392,351,Diagnosis,name,1
3393,351,Diagnosis,description,1
3394,351,Diagnosis,symptoms,1
3395,351,Diagnosis,workup,1
3396,351,Diagnosis,treatment,1
3397,352,Diagnosis,name,1
3398,352,Diagnosis,description,1
3399,352,Diagnosis,symptoms,1
3400,352,Diagnosis,workup,1
3401,352,Diagnosis,treatment,1
3402,353,Diagnosis,name,1
3403,353,Diagnosis,description,1
3404,353,Diagnosis,symptoms,1
3405,353,Diagnosis,workup,1
3406,353,Diagnosis,treatment,1
3407,354,Diagnosis,name,1
3408,354,Diagnosis,description,1
3409,354,Diagnosis,symptoms,1
3410,354,Diagnosis,workup,1
3411,354,Diagnosis,treatment,1
3412,356,Diagnosis,name,1
3413,356,Diagnosis,description,1
3414,356,Diagnosis,symptoms,1
3415,356,Diagnosis,workup,1
3416,356,Diagnosis,treatment,1
3417,357,Diagnosis,name,1
3418,357,Diagnosis,description,1
3419,357,Diagnosis,symptoms,1
3420,357,Diagnosis,workup,1
3421,357,Diagnosis,treatment,1
3422,358,Diagnosis,name,1
3423,358,Diagnosis,description,1
3424,358,Diagnosis,symptoms,1
3425,358,Diagnosis,workup,1
3426,358,Diagnosis,treatment,1
3432,360,Diagnosis,name,1
3433,360,Diagnosis,description,1
3434,360,Diagnosis,symptoms,1
3435,360,Diagnosis,workup,1
3436,360,Diagnosis,treatment,1
3437,361,Diagnosis,name,1
3438,361,Diagnosis,description,1
3439,361,Diagnosis,symptoms,1
3440,361,Diagnosis,workup,1
3441,361,Diagnosis,treatment,1
3442,362,Diagnosis,name,1
3443,362,Diagnosis,description,1
3444,362,Diagnosis,symptoms,1
3445,362,Diagnosis,workup,1
3446,362,Diagnosis,treatment,1
3447,363,Diagnosis,name,1
3448,363,Diagnosis,description,1
3449,363,Diagnosis,symptoms,1
3450,363,Diagnosis,workup,1
3451,363,Diagnosis,treatment,1
3452,364,Diagnosis,name,1
3453,364,Diagnosis,description,1
3454,364,Diagnosis,symptoms,1
3455,364,Diagnosis,workup,1
3456,364,Diagnosis,treatment,1
3457,365,Diagnosis,name,1
3458,365,Diagnosis,description,1
3459,365,Diagnosis,symptoms,1
3460,365,Diagnosis,workup,1
3461,365,Diagnosis,treatment,1
3467,367,Diagnosis,name,1
3468,367,Diagnosis,description,1
3469,367,Diagnosis,symptoms,1
3470,367,Diagnosis,workup,1
3471,367,Diagnosis,treatment,1
3472,368,Diagnosis,name,1
3473,368,Diagnosis,description,1
3474,368,Diagnosis,symptoms,1
3475,368,Diagnosis,workup,1
3476,368,Diagnosis,treatment,1
3477,369,Diagnosis,name,1
3478,369,Diagnosis,description,1
3479,369,Diagnosis,symptoms,1
3480,369,Diagnosis,workup,1
3481,369,Diagnosis,treatment,1
3482,370,Diagnosis,name,1
3483,370,Diagnosis,description,1
3484,370,Diagnosis,symptoms,1
3485,370,Diagnosis,workup,1
3486,370,Diagnosis,treatment,1
3487,371,Diagnosis,name,1
3488,371,Diagnosis,description,1
3489,371,Diagnosis,symptoms,1
3490,371,Diagnosis,workup,1
3491,371,Diagnosis,treatment,1
3492,372,Diagnosis,name,1
3493,372,Diagnosis,description,1
3494,372,Diagnosis,symptoms,1
3495,372,Diagnosis,workup,1
3496,372,Diagnosis,treatment,1
3497,373,Diagnosis,name,1
3498,373,Diagnosis,description,1
3499,373,Diagnosis,symptoms,1
3500,373,Diagnosis,workup,1
3501,373,Diagnosis,treatment,1
3502,374,Diagnosis,name,1
3503,374,Diagnosis,description,1
3504,374,Diagnosis,symptoms,1
3505,374,Diagnosis,workup,1
3506,374,Diagnosis,treatment,1
3507,375,Diagnosis,name,1
3508,375,Diagnosis,description,1
3509,375,Diagnosis,symptoms,1
3510,375,Diagnosis,workup,1
3511,375,Diagnosis,treatment,1
3512,376,Diagnosis,name,1
3513,376,Diagnosis,description,1
3514,376,Diagnosis,symptoms,1
3515,376,Diagnosis,workup,1
3516,376,Diagnosis,treatment,1
3517,377,Diagnosis,name,1
3518,377,Diagnosis,description,1
3519,377,Diagnosis,symptoms,1
3520,377,Diagnosis,workup,1
3521,377,Diagnosis,treatment,1
3522,378,Diagnosis,name,1
3523,378,Diagnosis,description,1
3524,378,Diagnosis,symptoms,1
3525,378,Diagnosis,workup,1
3526,378,Diagnosis,treatment,1
3527,379,Diagnosis,name,1
3528,379,Diagnosis,description,1
3529,379,Diagnosis,symptoms,1
3530,379,Diagnosis,workup,1
3531,379,Diagnosis,treatment,1
3532,380,Diagnosis,name,1
3533,380,Diagnosis,description,1
3534,380,Diagnosis,symptoms,1
3535,380,Diagnosis,workup,1
3536,380,Diagnosis,treatment,1
3542,382,Diagnosis,name,1
3543,382,Diagnosis,description,1
3544,382,Diagnosis,symptoms,1
3545,382,Diagnosis,workup,1
3546,382,Diagnosis,treatment,1
3547,383,Diagnosis,name,1
3548,383,Diagnosis,description,1
3549,383,Diagnosis,symptoms,1
3550,383,Diagnosis,workup,1
3551,383,Diagnosis,treatment,1
3552,384,Diagnosis,name,1
3553,384,Diagnosis,description,1
3554,384,Diagnosis,symptoms,1
3555,384,Diagnosis,workup,1
3556,384,Diagnosis,treatment,1
3557,385,Diagnosis,name,1
3558,385,Diagnosis,description,1
3559,385,Diagnosis,symptoms,1
3560,385,Diagnosis,workup,1
3561,385,Diagnosis,treatment,1
3562,386,Diagnosis,name,1
3563,386,Diagnosis,description,1
3564,386,Diagnosis,symptoms,1
3565,386,Diagnosis,workup,1
3566,386,Diagnosis,treatment,1
3567,387,Diagnosis,name,1
3568,387,Diagnosis,description,1
3569,387,Diagnosis,symptoms,1
3570,387,Diagnosis,workup,1
3571,387,Diagnosis,treatment,1
3572,388,Diagnosis,name,1
3573,388,Diagnosis,description,1
3574,388,Diagnosis,symptoms,1
3575,388,Diagnosis,workup,1
3576,388,Diagnosis,treatment,1
3577,389,Diagnosis,name,1
3578,389,Diagnosis,description,1
3579,389,Diagnosis,symptoms,1
3580,389,Diagnosis,workup,1
3581,389,Diagnosis,treatment,1
3587,391,Diagnosis,name,1
3588,391,Diagnosis,description,1
3589,391,Diagnosis,symptoms,1
3590,391,Diagnosis,workup,1
3591,391,Diagnosis,treatment,1
3592,392,Diagnosis,name,1
3593,392,Diagnosis,description,1
3594,392,Diagnosis,symptoms,1
3595,392,Diagnosis,workup,1
3596,392,Diagnosis,treatment,1
3597,393,Diagnosis,name,1
3598,393,Diagnosis,description,1
3599,393,Diagnosis,symptoms,1
3600,393,Diagnosis,workup,1
3601,393,Diagnosis,treatment,1
3602,394,Diagnosis,name,1
3603,394,Diagnosis,description,1
3604,394,Diagnosis,symptoms,1
3605,394,Diagnosis,workup,1
3606,394,Diagnosis,treatment,1
3607,395,Diagnosis,name,1
3608,395,Diagnosis,description,1
3609,395,Diagnosis,symptoms,1
3610,395,Diagnosis,workup,1
3611,395,Diagnosis,treatment,1
3612,396,Diagnosis,name,1
3613,396,Diagnosis,description,1
3614,396,Diagnosis,symptoms,1
3615,396,Diagnosis,workup,1
3616,396,Diagnosis,treatment,1
3617,397,Diagnosis,name,1
3618,397,Diagnosis,description,1
3619,397,Diagnosis,symptoms,1
3620,397,Diagnosis,workup,1
3621,397,Diagnosis,treatment,1
3622,398,Diagnosis,name,1
3623,398,Diagnosis,description,1
3624,398,Diagnosis,symptoms,1
3625,398,Diagnosis,workup,1
3626,398,Diagnosis,treatment,1
3627,399,Diagnosis,name,1
3628,399,Diagnosis,description,1
3629,399,Diagnosis,symptoms,1
3630,399,Diagnosis,workup,1
3631,399,Diagnosis,treatment,1
3632,400,Diagnosis,name,1
3633,400,Diagnosis,description,1
3634,400,Diagnosis,symptoms,1
3635,400,Diagnosis,workup,1
3636,400,Diagnosis,treatment,1
3637,401,Diagnosis,name,1
3638,401,Diagnosis,description,1
3639,401,Diagnosis,symptoms,1
3640,401,Diagnosis,workup,1
3641,401,Diagnosis,treatment,1
3642,402,Diagnosis,name,1
3643,402,Diagnosis,description,1
3644,402,Diagnosis,symptoms,1
3645,402,Diagnosis,workup,1
3646,402,Diagnosis,treatment,1
3647,403,Diagnosis,name,1
3648,403,Diagnosis,description,1
3649,403,Diagnosis,symptoms,1
3650,403,Diagnosis,workup,1
3651,403,Diagnosis,treatment,1
3652,404,Diagnosis,name,1
3653,404,Diagnosis,description,1
3654,404,Diagnosis,symptoms,1
3655,404,Diagnosis,workup,1
3656,404,Diagnosis,treatment,1
3657,405,Diagnosis,name,1
3658,405,Diagnosis,description,1
3659,405,Diagnosis,symptoms,1
3660,405,Diagnosis,workup,1
3661,405,Diagnosis,treatment,1
3662,406,Diagnosis,name,1
3663,406,Diagnosis,description,1
3664,406,Diagnosis,symptoms,1
3665,406,Diagnosis,workup,1
3666,406,Diagnosis,treatment,1
3667,407,Diagnosis,name,1
3668,407,Diagnosis,description,1
3669,407,Diagnosis,symptoms,1
3670,407,Diagnosis,workup,1
3671,407,Diagnosis,treatment,1
3672,408,Diagnosis,name,1
3673,408,Diagnosis,description,1
3674,408,Diagnosis,symptoms,1
3675,408,Diagnosis,workup,1
3676,408,Diagnosis,treatment,1
3677,409,Diagnosis,name,1
3678,409,Diagnosis,description,1
3679,409,Diagnosis,symptoms,1
3680,409,Diagnosis,workup,1
3681,409,Diagnosis,treatment,1
3682,410,Diagnosis,name,1
3683,410,Diagnosis,description,1
3684,410,Diagnosis,symptoms,1
3685,410,Diagnosis,workup,1
3686,410,Diagnosis,treatment,1
3687,411,Diagnosis,name,1
3688,411,Diagnosis,description,1
3689,411,Diagnosis,symptoms,1
3690,411,Diagnosis,workup,1
3691,411,Diagnosis,treatment,1
3692,412,Diagnosis,name,1
3693,412,Diagnosis,description,1
3694,412,Diagnosis,symptoms,1
3695,412,Diagnosis,workup,1
3696,412,Diagnosis,treatment,1
3697,413,Diagnosis,name,1
3698,413,Diagnosis,description,1
3699,413,Diagnosis,symptoms,1
3700,413,Diagnosis,workup,1
3701,413,Diagnosis,treatment,1
3702,414,Diagnosis,name,1
3703,414,Diagnosis,description,1
3704,414,Diagnosis,symptoms,1
3705,414,Diagnosis,workup,1
3706,414,Diagnosis,treatment,1
3707,415,Diagnosis,name,1
3708,415,Diagnosis,description,1
3709,415,Diagnosis,symptoms,1
3710,415,Diagnosis,workup,1
3711,415,Diagnosis,treatment,1
3712,416,Diagnosis,name,1
3713,416,Diagnosis,description,1
3714,416,Diagnosis,symptoms,1
3715,416,Diagnosis,workup,1
3716,416,Diagnosis,treatment,1
3717,417,Diagnosis,name,1
3718,417,Diagnosis,description,1
3719,417,Diagnosis,symptoms,1
3720,417,Diagnosis,workup,1
3721,417,Diagnosis,treatment,1
3722,418,Diagnosis,name,1
3723,418,Diagnosis,description,1
3724,418,Diagnosis,symptoms,1
3725,418,Diagnosis,workup,1
3726,418,Diagnosis,treatment,1
3727,419,Diagnosis,name,1
3728,419,Diagnosis,description,1
3729,419,Diagnosis,symptoms,1
3730,419,Diagnosis,workup,1
3731,419,Diagnosis,treatment,1
3732,420,Diagnosis,name,1
3733,420,Diagnosis,description,1
3734,420,Diagnosis,symptoms,1
3735,420,Diagnosis,workup,1
3736,420,Diagnosis,treatment,1
3737,421,Diagnosis,name,1
3738,421,Diagnosis,description,1
3739,421,Diagnosis,symptoms,1
3740,421,Diagnosis,workup,1
3741,421,Diagnosis,treatment,1
3742,422,Diagnosis,name,1
3743,422,Diagnosis,description,1
3744,422,Diagnosis,symptoms,1
3745,422,Diagnosis,workup,1
3746,422,Diagnosis,treatment,1
3747,423,Diagnosis,name,1
3748,423,Diagnosis,description,1
3749,423,Diagnosis,symptoms,1
3750,423,Diagnosis,workup,1
3751,423,Diagnosis,treatment,1
3752,424,Diagnosis,name,1
3753,424,Diagnosis,description,1
3754,424,Diagnosis,symptoms,1
3755,424,Diagnosis,workup,1
3756,424,Diagnosis,treatment,1
3757,425,Diagnosis,name,1
3758,425,Diagnosis,description,1
3759,425,Diagnosis,symptoms,1
3760,425,Diagnosis,workup,1
3761,425,Diagnosis,treatment,1
3762,426,Diagnosis,name,1
3763,426,Diagnosis,description,1
3764,426,Diagnosis,symptoms,1
3765,426,Diagnosis,workup,1
3766,426,Diagnosis,treatment,1
3767,427,Diagnosis,name,1
3768,427,Diagnosis,description,1
3769,427,Diagnosis,symptoms,1
3770,427,Diagnosis,workup,1
3771,427,Diagnosis,treatment,1
3772,428,Diagnosis,name,1
3773,428,Diagnosis,description,1
3774,428,Diagnosis,symptoms,1
3775,428,Diagnosis,workup,1
3776,428,Diagnosis,treatment,1
3777,429,Diagnosis,name,1
3778,429,Diagnosis,description,1
3779,429,Diagnosis,symptoms,1
3780,429,Diagnosis,workup,1
3781,429,Diagnosis,treatment,1
3782,430,Diagnosis,name,1
3783,430,Diagnosis,description,1
3784,430,Diagnosis,symptoms,1
3785,430,Diagnosis,workup,1
3786,430,Diagnosis,treatment,1
3787,431,Diagnosis,name,1
3788,431,Diagnosis,description,1
3789,431,Diagnosis,symptoms,1
3790,431,Diagnosis,workup,1
3791,431,Diagnosis,treatment,1
3792,432,Diagnosis,name,1
3793,432,Diagnosis,description,1
3794,432,Diagnosis,symptoms,1
3795,432,Diagnosis,workup,1
3796,432,Diagnosis,treatment,1
3797,433,Diagnosis,name,1
3798,433,Diagnosis,description,1
3799,433,Diagnosis,symptoms,1
3800,433,Diagnosis,workup,1
3801,433,Diagnosis,treatment,1
3802,434,Diagnosis,name,1
3803,434,Diagnosis,description,1
3804,434,Diagnosis,symptoms,1
3805,434,Diagnosis,workup,1
3806,434,Diagnosis,treatment,1
3812,436,Diagnosis,name,1
3813,436,Diagnosis,description,1
3814,436,Diagnosis,symptoms,1
3815,436,Diagnosis,workup,1
3816,436,Diagnosis,treatment,1
3817,437,Diagnosis,name,1
3818,437,Diagnosis,description,1
3819,437,Diagnosis,symptoms,1
3820,437,Diagnosis,workup,1
3821,437,Diagnosis,treatment,1
3827,439,Diagnosis,name,1
3828,439,Diagnosis,description,1
3829,439,Diagnosis,symptoms,1
3830,439,Diagnosis,workup,1
3831,439,Diagnosis,treatment,1
3832,440,Diagnosis,name,1
3833,440,Diagnosis,description,1
3834,440,Diagnosis,symptoms,1
3835,440,Diagnosis,workup,1
3836,440,Diagnosis,treatment,1
3837,441,Diagnosis,name,1
3838,441,Diagnosis,description,1
3839,441,Diagnosis,symptoms,1
3840,441,Diagnosis,workup,1
3841,441,Diagnosis,treatment,1
3842,442,Diagnosis,name,1
3843,442,Diagnosis,description,1
3844,442,Diagnosis,symptoms,1
3845,442,Diagnosis,workup,1
3846,442,Diagnosis,treatment,1
3847,443,Diagnosis,name,1
3848,443,Diagnosis,description,1
3849,443,Diagnosis,symptoms,1
3850,443,Diagnosis,workup,1
3851,443,Diagnosis,treatment,1
3852,444,Diagnosis,name,1
3853,444,Diagnosis,description,1
3854,444,Diagnosis,symptoms,1
3855,444,Diagnosis,workup,1
3856,444,Diagnosis,treatment,1
3857,445,Diagnosis,name,1
3858,445,Diagnosis,description,1
3859,445,Diagnosis,symptoms,1
3860,445,Diagnosis,workup,1
3861,445,Diagnosis,treatment,1
3862,446,Diagnosis,name,1
3863,446,Diagnosis,description,1
3864,446,Diagnosis,symptoms,1
3865,446,Diagnosis,workup,1
3866,446,Diagnosis,treatment,1
3867,447,Diagnosis,name,1
3868,447,Diagnosis,description,1
3869,447,Diagnosis,symptoms,1
3870,447,Diagnosis,workup,1
3871,447,Diagnosis,treatment,1
3872,448,Diagnosis,name,1
3873,448,Diagnosis,description,1
3874,448,Diagnosis,symptoms,1
3875,448,Diagnosis,workup,1
3876,448,Diagnosis,treatment,1
3877,449,Diagnosis,name,1
3878,449,Diagnosis,description,1
3879,449,Diagnosis,symptoms,1
3880,449,Diagnosis,workup,1
3881,449,Diagnosis,treatment,1
3882,450,Diagnosis,name,1
3883,450,Diagnosis,description,1
3884,450,Diagnosis,symptoms,1
3885,450,Diagnosis,workup,1
3886,450,Diagnosis,treatment,1
3887,451,Diagnosis,name,1
3888,451,Diagnosis,description,1
3889,451,Diagnosis,symptoms,1
3890,451,Diagnosis,workup,1
3891,451,Diagnosis,treatment,1
3892,452,Diagnosis,name,1
3893,452,Diagnosis,description,1
3894,452,Diagnosis,symptoms,1
3895,452,Diagnosis,workup,1
3896,452,Diagnosis,treatment,1
3897,453,Diagnosis,name,1
3898,453,Diagnosis,description,1
3899,453,Diagnosis,symptoms,1
3900,453,Diagnosis,workup,1
3901,453,Diagnosis,treatment,1
3902,454,Diagnosis,name,1
3903,454,Diagnosis,description,1
3904,454,Diagnosis,symptoms,1
3905,454,Diagnosis,workup,1
3906,454,Diagnosis,treatment,1
3907,455,Diagnosis,name,1
3908,455,Diagnosis,description,1
3909,455,Diagnosis,symptoms,1
3910,455,Diagnosis,workup,1
3911,455,Diagnosis,treatment,1
3912,456,Diagnosis,name,1
3913,456,Diagnosis,description,1
3914,456,Diagnosis,symptoms,1
3915,456,Diagnosis,workup,1
3916,456,Diagnosis,treatment,1
3922,458,Diagnosis,name,1
3923,458,Diagnosis,description,1
3924,458,Diagnosis,symptoms,1
3925,458,Diagnosis,workup,1
3926,458,Diagnosis,treatment,1
3937,461,Diagnosis,name,1
3938,461,Diagnosis,description,1
3939,461,Diagnosis,symptoms,1
3940,461,Diagnosis,workup,1
3941,461,Diagnosis,treatment,1
3942,462,Diagnosis,name,1
3943,462,Diagnosis,description,1
3944,462,Diagnosis,symptoms,1
3945,462,Diagnosis,workup,1
3946,462,Diagnosis,treatment,1
3947,463,Diagnosis,name,1
3948,463,Diagnosis,description,1
3949,463,Diagnosis,symptoms,1
3950,463,Diagnosis,workup,1
3951,463,Diagnosis,treatment,1
3952,464,Diagnosis,name,1
3953,464,Diagnosis,description,1
3954,464,Diagnosis,symptoms,1
3955,464,Diagnosis,workup,1
3956,464,Diagnosis,treatment,1
3957,465,Diagnosis,name,1
3958,465,Diagnosis,description,1
3959,465,Diagnosis,symptoms,1
3960,465,Diagnosis,workup,1
3961,465,Diagnosis,treatment,1
3962,466,Diagnosis,name,1
3963,466,Diagnosis,description,1
3964,466,Diagnosis,symptoms,1
3965,466,Diagnosis,workup,1
3966,466,Diagnosis,treatment,1
3967,467,Diagnosis,name,1
3968,467,Diagnosis,description,1
3969,467,Diagnosis,symptoms,1
3970,467,Diagnosis,workup,1
3971,467,Diagnosis,treatment,1
3972,468,Diagnosis,name,1
3973,468,Diagnosis,description,1
3974,468,Diagnosis,symptoms,1
3975,468,Diagnosis,workup,1
3976,468,Diagnosis,treatment,1
3977,469,Diagnosis,name,1
3978,469,Diagnosis,description,1
3979,469,Diagnosis,symptoms,1
3980,469,Diagnosis,workup,1
3981,469,Diagnosis,treatment,1
3982,470,Diagnosis,name,1
3983,470,Diagnosis,description,1
3984,470,Diagnosis,symptoms,1
3985,470,Diagnosis,workup,1
3986,470,Diagnosis,treatment,1
3987,471,Diagnosis,name,1
3988,471,Diagnosis,description,1
3989,471,Diagnosis,symptoms,1
3990,471,Diagnosis,workup,1
3991,471,Diagnosis,treatment,1
3992,472,Diagnosis,name,1
3993,472,Diagnosis,description,1
3994,472,Diagnosis,symptoms,1
3995,472,Diagnosis,workup,1
3996,472,Diagnosis,treatment,1
3997,473,Diagnosis,name,1
3998,473,Diagnosis,description,1
3999,473,Diagnosis,symptoms,1
4000,473,Diagnosis,workup,1
4001,473,Diagnosis,treatment,1
4002,474,Diagnosis,name,1
4003,474,Diagnosis,description,1
4004,474,Diagnosis,symptoms,1
4005,474,Diagnosis,workup,1
4006,474,Diagnosis,treatment,1
4007,475,Diagnosis,name,1
4008,475,Diagnosis,description,1
4009,475,Diagnosis,symptoms,1
4010,475,Diagnosis,workup,1
4011,475,Diagnosis,treatment,1
4012,476,Diagnosis,name,1
4013,476,Diagnosis,description,1
4014,476,Diagnosis,symptoms,1
4015,476,Diagnosis,workup,1
4016,476,Diagnosis,treatment,1
4017,477,Diagnosis,name,1
4018,477,Diagnosis,description,1
4019,477,Diagnosis,symptoms,1
4020,477,Diagnosis,workup,1
4021,477,Diagnosis,treatment,1
4022,478,Diagnosis,name,1
4023,478,Diagnosis,description,1
4024,478,Diagnosis,symptoms,1
4025,478,Diagnosis,workup,1
4026,478,Diagnosis,treatment,1
4027,479,Diagnosis,name,1
4028,479,Diagnosis,description,1
4029,479,Diagnosis,symptoms,1
4030,479,Diagnosis,workup,1
4031,479,Diagnosis,treatment,1
4032,480,Diagnosis,name,1
4033,480,Diagnosis,description,1
4034,480,Diagnosis,symptoms,1
4035,480,Diagnosis,workup,1
4036,480,Diagnosis,treatment,1
4037,481,Diagnosis,name,1
4038,481,Diagnosis,description,1
4039,481,Diagnosis,symptoms,1
4040,481,Diagnosis,workup,1
4041,481,Diagnosis,treatment,1
4042,482,Diagnosis,name,1
4043,482,Diagnosis,description,1
4044,482,Diagnosis,symptoms,1
4045,482,Diagnosis,workup,1
4046,482,Diagnosis,treatment,1
4047,483,Diagnosis,name,1
4048,483,Diagnosis,description,1
4049,483,Diagnosis,symptoms,1
4050,483,Diagnosis,workup,1
4051,483,Diagnosis,treatment,1
4052,484,Diagnosis,name,1
4053,484,Diagnosis,description,1
4054,484,Diagnosis,symptoms,1
4055,484,Diagnosis,workup,1
4056,484,Diagnosis,treatment,1
4057,485,Diagnosis,name,1
4058,485,Diagnosis,description,1
4059,485,Diagnosis,symptoms,1
4060,485,Diagnosis,workup,1
4061,485,Diagnosis,treatment,1
4062,486,Diagnosis,name,1
4063,486,Diagnosis,description,1
4064,486,Diagnosis,symptoms,1
4065,486,Diagnosis,workup,1
4066,486,Diagnosis,treatment,1
4067,488,Diagnosis,name,1
4068,488,Diagnosis,description,1
4069,488,Diagnosis,symptoms,1
4070,488,Diagnosis,workup,1
4071,488,Diagnosis,treatment,1
4077,490,Diagnosis,name,1
4078,490,Diagnosis,description,1
4079,490,Diagnosis,symptoms,1
4080,490,Diagnosis,workup,1
4081,490,Diagnosis,treatment,1
4082,491,Diagnosis,name,1
4083,491,Diagnosis,description,1
4084,491,Diagnosis,symptoms,1
4085,491,Diagnosis,workup,1
4086,491,Diagnosis,treatment,1
4087,492,Diagnosis,name,1
4088,492,Diagnosis,description,1
4089,492,Diagnosis,symptoms,1
4090,492,Diagnosis,workup,1
4091,492,Diagnosis,treatment,1
4092,493,Diagnosis,name,1
4093,493,Diagnosis,description,1
4094,493,Diagnosis,symptoms,1
4095,493,Diagnosis,workup,1
4096,493,Diagnosis,treatment,1
4097,494,Diagnosis,name,1
4098,494,Diagnosis,description,1
4099,494,Diagnosis,symptoms,1
4100,494,Diagnosis,workup,1
4101,494,Diagnosis,treatment,1
4102,495,Diagnosis,name,1
4103,495,Diagnosis,description,1
4104,495,Diagnosis,symptoms,1
4105,495,Diagnosis,workup,1
4106,495,Diagnosis,treatment,1
4107,496,Diagnosis,name,1
4108,496,Diagnosis,description,1
4109,496,Diagnosis,symptoms,1
4110,496,Diagnosis,workup,1
4111,496,Diagnosis,treatment,1
4112,497,Diagnosis,name,1
4113,497,Diagnosis,description,1
4114,497,Diagnosis,symptoms,1
4115,497,Diagnosis,workup,1
4116,497,Diagnosis,treatment,1
4117,498,Diagnosis,name,1
4118,498,Diagnosis,description,1
4119,498,Diagnosis,symptoms,1
4120,498,Diagnosis,workup,1
4121,498,Diagnosis,treatment,1
4122,499,Diagnosis,name,1
4123,499,Diagnosis,description,1
4124,499,Diagnosis,symptoms,1
4125,499,Diagnosis,workup,1
4126,499,Diagnosis,treatment,1
4127,500,Diagnosis,name,1
4128,500,Diagnosis,description,1
4129,500,Diagnosis,symptoms,1
4130,500,Diagnosis,workup,1
4131,500,Diagnosis,treatment,1
4132,501,Diagnosis,name,1
4133,501,Diagnosis,description,1
4134,501,Diagnosis,symptoms,1
4135,501,Diagnosis,workup,1
4136,501,Diagnosis,treatment,1
4137,502,Diagnosis,name,1
4138,502,Diagnosis,description,1
4139,502,Diagnosis,symptoms,1
4140,502,Diagnosis,workup,1
4141,502,Diagnosis,treatment,1
4142,503,Diagnosis,name,1
4143,503,Diagnosis,description,1
4144,503,Diagnosis,symptoms,1
4145,503,Diagnosis,workup,1
4146,503,Diagnosis,treatment,1
4147,504,Diagnosis,name,1
4148,504,Diagnosis,description,1
4149,504,Diagnosis,symptoms,1
4150,504,Diagnosis,workup,1
4151,504,Diagnosis,treatment,1
4152,505,Diagnosis,name,1
4153,505,Diagnosis,description,1
4154,505,Diagnosis,symptoms,1
4155,505,Diagnosis,workup,1
4156,505,Diagnosis,treatment,1
4157,506,Diagnosis,name,1
4158,506,Diagnosis,description,1
4159,506,Diagnosis,symptoms,1
4160,506,Diagnosis,workup,1
4161,506,Diagnosis,treatment,1
4162,507,Diagnosis,name,1
4163,507,Diagnosis,description,1
4164,507,Diagnosis,symptoms,1
4165,507,Diagnosis,workup,1
4166,507,Diagnosis,treatment,1
4167,508,Diagnosis,name,1
4168,508,Diagnosis,description,1
4169,508,Diagnosis,symptoms,1
4170,508,Diagnosis,workup,1
4171,508,Diagnosis,treatment,1
4172,509,Diagnosis,name,1
4173,509,Diagnosis,description,1
4174,509,Diagnosis,symptoms,1
4175,509,Diagnosis,workup,1
4176,509,Diagnosis,treatment,1
4177,510,Diagnosis,name,1
4178,510,Diagnosis,description,1
4179,510,Diagnosis,symptoms,1
4180,510,Diagnosis,workup,1
4181,510,Diagnosis,treatment,1
4182,511,Diagnosis,name,1
4183,511,Diagnosis,description,1
4184,511,Diagnosis,symptoms,1
4185,511,Diagnosis,workup,1
4186,511,Diagnosis,treatment,1
4187,512,Diagnosis,name,1
4188,512,Diagnosis,description,1
4189,512,Diagnosis,symptoms,1
4190,512,Diagnosis,workup,1
4191,512,Diagnosis,treatment,1
4192,513,Diagnosis,name,1
4193,513,Diagnosis,description,1
4194,513,Diagnosis,symptoms,1
4195,513,Diagnosis,workup,1
4196,513,Diagnosis,treatment,1
4197,514,Diagnosis,name,1
4198,514,Diagnosis,description,1
4199,514,Diagnosis,symptoms,1
4200,514,Diagnosis,workup,1
4201,514,Diagnosis,treatment,1
4202,515,Diagnosis,name,1
4203,515,Diagnosis,description,1
4204,515,Diagnosis,symptoms,1
4205,515,Diagnosis,workup,1
4206,515,Diagnosis,treatment,1
4207,516,Diagnosis,name,1
4208,516,Diagnosis,description,1
4209,516,Diagnosis,symptoms,1
4210,516,Diagnosis,workup,1
4211,516,Diagnosis,treatment,1
4212,517,Diagnosis,name,1
4213,517,Diagnosis,description,1
4214,517,Diagnosis,symptoms,1
4215,517,Diagnosis,workup,1
4216,517,Diagnosis,treatment,1
4222,519,Diagnosis,name,1
4223,519,Diagnosis,description,1
4224,519,Diagnosis,symptoms,1
4225,519,Diagnosis,workup,1
4226,519,Diagnosis,treatment,1
4227,520,Diagnosis,name,1
4228,520,Diagnosis,description,1
4229,520,Diagnosis,symptoms,1
4230,520,Diagnosis,workup,1
4231,520,Diagnosis,treatment,1
4237,522,Diagnosis,name,1
4238,522,Diagnosis,description,1
4239,522,Diagnosis,symptoms,1
4240,522,Diagnosis,workup,1
4241,522,Diagnosis,treatment,1
4242,523,Diagnosis,name,1
4243,523,Diagnosis,description,1
4244,523,Diagnosis,symptoms,1
4245,523,Diagnosis,workup,1
4246,523,Diagnosis,treatment,1
4247,524,Diagnosis,name,1
4248,524,Diagnosis,description,1
4249,524,Diagnosis,symptoms,1
4250,524,Diagnosis,workup,1
4251,524,Diagnosis,treatment,1
4257,526,Diagnosis,name,1
4258,526,Diagnosis,description,1
4259,526,Diagnosis,symptoms,1
4260,526,Diagnosis,workup,1
4261,526,Diagnosis,treatment,1
4262,527,Diagnosis,name,1
4263,527,Diagnosis,description,1
4264,527,Diagnosis,symptoms,1
4265,527,Diagnosis,workup,1
4266,527,Diagnosis,treatment,1
4267,528,Diagnosis,name,1
4268,528,Diagnosis,description,1
4269,528,Diagnosis,symptoms,1
4270,528,Diagnosis,workup,1
4271,528,Diagnosis,treatment,1
4272,529,Diagnosis,name,1
4273,529,Diagnosis,description,1
4274,529,Diagnosis,symptoms,1
4275,529,Diagnosis,workup,1
4276,529,Diagnosis,treatment,1
4277,530,Diagnosis,name,1
4278,530,Diagnosis,description,1
4279,530,Diagnosis,symptoms,1
4280,530,Diagnosis,workup,1
4281,530,Diagnosis,treatment,1
4282,531,Diagnosis,name,1
4283,531,Diagnosis,description,1
4284,531,Diagnosis,symptoms,1
4285,531,Diagnosis,workup,1
4286,531,Diagnosis,treatment,1
4287,532,Diagnosis,name,1
4288,532,Diagnosis,description,1
4289,532,Diagnosis,symptoms,1
4290,532,Diagnosis,workup,1
4291,532,Diagnosis,treatment,1
4292,533,Diagnosis,name,1
4293,533,Diagnosis,description,1
4294,533,Diagnosis,symptoms,1
4295,533,Diagnosis,workup,1
4296,533,Diagnosis,treatment,1
4297,534,Diagnosis,name,1
4298,534,Diagnosis,description,1
4299,534,Diagnosis,symptoms,1
4300,534,Diagnosis,workup,1
4301,534,Diagnosis,treatment,1
4302,535,Diagnosis,name,1
4303,535,Diagnosis,description,1
4304,535,Diagnosis,symptoms,1
4305,535,Diagnosis,workup,1
4306,535,Diagnosis,treatment,1
4307,536,Diagnosis,name,1
4308,536,Diagnosis,description,1
4309,536,Diagnosis,symptoms,1
4310,536,Diagnosis,workup,1
4311,536,Diagnosis,treatment,1
4312,537,Diagnosis,name,1
4313,537,Diagnosis,description,1
4314,537,Diagnosis,symptoms,1
4315,537,Diagnosis,workup,1
4316,537,Diagnosis,treatment,1
4317,538,Diagnosis,name,1
4318,538,Diagnosis,description,1
4319,538,Diagnosis,symptoms,1
4320,538,Diagnosis,workup,1
4321,538,Diagnosis,treatment,1
4322,539,Diagnosis,name,1
4323,539,Diagnosis,description,1
4324,539,Diagnosis,symptoms,1
4325,539,Diagnosis,workup,1
4326,539,Diagnosis,treatment,1
4327,540,Diagnosis,name,1
4328,540,Diagnosis,description,1
4329,540,Diagnosis,symptoms,1
4330,540,Diagnosis,workup,1
4331,540,Diagnosis,treatment,1
4332,541,Diagnosis,name,1
4333,541,Diagnosis,description,1
4334,541,Diagnosis,symptoms,1
4335,541,Diagnosis,workup,1
4336,541,Diagnosis,treatment,1
4337,542,Diagnosis,name,1
4338,542,Diagnosis,description,1
4339,542,Diagnosis,symptoms,1
4340,542,Diagnosis,workup,1
4341,542,Diagnosis,treatment,1
4342,543,Diagnosis,name,1
4343,543,Diagnosis,description,1
4344,543,Diagnosis,symptoms,1
4345,543,Diagnosis,workup,1
4346,543,Diagnosis,treatment,1
4347,544,Diagnosis,name,1
4348,544,Diagnosis,description,1
4349,544,Diagnosis,symptoms,1
4350,544,Diagnosis,workup,1
4351,544,Diagnosis,treatment,1
4352,545,Diagnosis,name,1
4353,545,Diagnosis,description,1
4354,545,Diagnosis,symptoms,1
4355,545,Diagnosis,workup,1
4356,545,Diagnosis,treatment,1
4357,546,Diagnosis,name,1
4358,546,Diagnosis,description,1
4359,546,Diagnosis,symptoms,1
4360,546,Diagnosis,workup,1
4361,546,Diagnosis,treatment,1
4362,547,Diagnosis,name,1
4363,547,Diagnosis,description,1
4364,547,Diagnosis,symptoms,1
4365,547,Diagnosis,workup,1
4366,547,Diagnosis,treatment,1
4367,548,Diagnosis,name,1
4368,548,Diagnosis,description,1
4369,548,Diagnosis,symptoms,1
4370,548,Diagnosis,workup,1
4371,548,Diagnosis,treatment,1
4372,549,Diagnosis,name,1
4373,549,Diagnosis,description,1
4374,549,Diagnosis,symptoms,1
4375,549,Diagnosis,workup,1
4376,549,Diagnosis,treatment,1
4377,550,Diagnosis,name,1
4378,550,Diagnosis,description,1
4379,550,Diagnosis,symptoms,1
4380,550,Diagnosis,workup,1
4381,550,Diagnosis,treatment,1
4382,551,Diagnosis,name,1
4383,551,Diagnosis,description,1
4384,551,Diagnosis,symptoms,1
4385,551,Diagnosis,workup,1
4386,551,Diagnosis,treatment,1
4387,552,Diagnosis,name,1
4388,552,Diagnosis,description,1
4389,552,Diagnosis,symptoms,1
4390,552,Diagnosis,workup,1
4391,552,Diagnosis,treatment,1
4397,554,Diagnosis,name,1
4398,554,Diagnosis,description,1
4399,554,Diagnosis,symptoms,1
4400,554,Diagnosis,workup,1
4401,554,Diagnosis,treatment,1
4402,555,Diagnosis,name,1
4403,555,Diagnosis,description,1
4404,555,Diagnosis,symptoms,1
4405,555,Diagnosis,workup,1
4406,555,Diagnosis,treatment,1
4407,556,Diagnosis,name,1
4408,556,Diagnosis,description,1
4409,556,Diagnosis,symptoms,1
4410,556,Diagnosis,workup,1
4411,556,Diagnosis,treatment,1
4412,557,Diagnosis,name,1
4413,557,Diagnosis,description,1
4414,557,Diagnosis,symptoms,1
4415,557,Diagnosis,workup,1
4416,557,Diagnosis,treatment,1
4417,558,Diagnosis,name,1
4418,558,Diagnosis,description,1
4419,558,Diagnosis,symptoms,1
4420,558,Diagnosis,workup,1
4421,558,Diagnosis,treatment,1
4427,560,Diagnosis,name,1
4428,560,Diagnosis,description,1
4429,560,Diagnosis,symptoms,1
4430,560,Diagnosis,workup,1
4431,560,Diagnosis,treatment,1
4432,561,Diagnosis,name,1
4433,561,Diagnosis,description,1
4434,561,Diagnosis,symptoms,1
4435,561,Diagnosis,workup,1
4436,561,Diagnosis,treatment,1
4442,563,Diagnosis,name,1
4443,563,Diagnosis,description,1
4444,563,Diagnosis,symptoms,1
4445,563,Diagnosis,workup,1
4446,563,Diagnosis,treatment,1
4447,564,Diagnosis,name,1
4448,564,Diagnosis,description,1
4449,564,Diagnosis,symptoms,1
4450,564,Diagnosis,workup,1
4451,564,Diagnosis,treatment,1
4452,565,Diagnosis,name,1
4453,565,Diagnosis,description,1
4454,565,Diagnosis,symptoms,1
4455,565,Diagnosis,workup,1
4456,565,Diagnosis,treatment,1
4457,566,Diagnosis,name,1
4458,566,Diagnosis,description,1
4459,566,Diagnosis,symptoms,1
4460,566,Diagnosis,workup,1
4461,566,Diagnosis,treatment,1
4462,567,Diagnosis,name,1
4463,567,Diagnosis,description,1
4464,567,Diagnosis,symptoms,1
4465,567,Diagnosis,workup,1
4466,567,Diagnosis,treatment,1
4467,568,Diagnosis,name,1
4468,568,Diagnosis,description,1
4469,568,Diagnosis,symptoms,1
4470,568,Diagnosis,workup,1
4471,568,Diagnosis,treatment,1
4472,569,Diagnosis,name,1
4473,569,Diagnosis,description,1
4474,569,Diagnosis,symptoms,1
4475,569,Diagnosis,workup,1
4476,569,Diagnosis,treatment,1
4477,570,Diagnosis,name,1
4478,570,Diagnosis,description,1
4479,570,Diagnosis,symptoms,1
4480,570,Diagnosis,workup,1
4481,570,Diagnosis,treatment,1
4482,571,Diagnosis,name,1
4483,571,Diagnosis,description,1
4484,571,Diagnosis,symptoms,1
4485,571,Diagnosis,workup,1
4486,571,Diagnosis,treatment,1
4487,572,Diagnosis,name,1
4488,572,Diagnosis,description,1
4489,572,Diagnosis,symptoms,1
4490,572,Diagnosis,workup,1
4491,572,Diagnosis,treatment,1
4492,573,Diagnosis,name,1
4493,573,Diagnosis,description,1
4494,573,Diagnosis,symptoms,1
4495,573,Diagnosis,workup,1
4496,573,Diagnosis,treatment,1
4497,574,Diagnosis,name,1
4498,574,Diagnosis,description,1
4499,574,Diagnosis,symptoms,1
4500,574,Diagnosis,workup,1
4501,574,Diagnosis,treatment,1
4502,575,Diagnosis,name,1
4503,575,Diagnosis,description,1
4504,575,Diagnosis,symptoms,1
4505,575,Diagnosis,workup,1
4506,575,Diagnosis,treatment,1
4507,576,Diagnosis,name,1
4508,576,Diagnosis,description,1
4509,576,Diagnosis,symptoms,1
4510,576,Diagnosis,workup,1
4511,576,Diagnosis,treatment,1
4512,577,Diagnosis,name,1
4513,577,Diagnosis,description,1
4514,577,Diagnosis,symptoms,1
4515,577,Diagnosis,workup,1
4516,577,Diagnosis,treatment,1
4517,578,Diagnosis,name,1
4518,578,Diagnosis,description,1
4519,578,Diagnosis,symptoms,1
4520,578,Diagnosis,workup,1
4521,578,Diagnosis,treatment,1
4522,579,Diagnosis,name,1
4523,579,Diagnosis,description,1
4524,579,Diagnosis,symptoms,1
4525,579,Diagnosis,workup,1
4526,579,Diagnosis,treatment,1
4527,580,Diagnosis,name,1
4528,580,Diagnosis,description,1
4529,580,Diagnosis,symptoms,1
4530,580,Diagnosis,workup,1
4531,580,Diagnosis,treatment,1
4532,581,Diagnosis,name,1
4533,581,Diagnosis,description,1
4534,581,Diagnosis,symptoms,1
4535,581,Diagnosis,workup,1
4536,581,Diagnosis,treatment,1
4537,582,Diagnosis,name,1
4538,582,Diagnosis,description,1
4539,582,Diagnosis,symptoms,1
4540,582,Diagnosis,workup,1
4541,582,Diagnosis,treatment,1
4542,583,Diagnosis,name,1
4543,583,Diagnosis,description,1
4544,583,Diagnosis,symptoms,1
4545,583,Diagnosis,workup,1
4546,583,Diagnosis,treatment,1
4547,584,Diagnosis,name,1
4548,584,Diagnosis,description,1
4549,584,Diagnosis,symptoms,1
4550,584,Diagnosis,workup,1
4551,584,Diagnosis,treatment,1
4552,585,Diagnosis,name,1
4553,585,Diagnosis,description,1
4554,585,Diagnosis,symptoms,1
4555,585,Diagnosis,workup,1
4556,585,Diagnosis,treatment,1
4557,586,Diagnosis,name,1
4558,586,Diagnosis,description,1
4559,586,Diagnosis,symptoms,1
4560,586,Diagnosis,workup,1
4561,586,Diagnosis,treatment,1
4562,587,Diagnosis,name,1
4563,587,Diagnosis,description,1
4564,587,Diagnosis,symptoms,1
4565,587,Diagnosis,workup,1
4566,587,Diagnosis,treatment,1
4567,588,Diagnosis,name,1
4568,588,Diagnosis,description,1
4569,588,Diagnosis,symptoms,1
4570,588,Diagnosis,workup,1
4571,588,Diagnosis,treatment,1
4572,589,Diagnosis,name,1
4573,589,Diagnosis,description,1
4574,589,Diagnosis,symptoms,1
4575,589,Diagnosis,workup,1
4576,589,Diagnosis,treatment,1
4577,590,Diagnosis,name,1
4578,590,Diagnosis,description,1
4579,590,Diagnosis,symptoms,1
4580,590,Diagnosis,workup,1
4581,590,Diagnosis,treatment,1
4582,591,Diagnosis,name,1
4583,591,Diagnosis,description,1
4584,591,Diagnosis,symptoms,1
4585,591,Diagnosis,workup,1
4586,591,Diagnosis,treatment,1
4587,592,Diagnosis,name,1
4588,592,Diagnosis,description,1
4589,592,Diagnosis,symptoms,1
4590,592,Diagnosis,workup,1
4591,592,Diagnosis,treatment,1
4592,593,Diagnosis,name,1
4593,593,Diagnosis,description,1
4594,593,Diagnosis,symptoms,1
4595,593,Diagnosis,workup,1
4596,593,Diagnosis,treatment,1
4597,594,Diagnosis,name,1
4598,594,Diagnosis,description,1
4599,594,Diagnosis,symptoms,1
4600,594,Diagnosis,workup,1
4601,594,Diagnosis,treatment,1
4602,595,Diagnosis,name,1
4603,595,Diagnosis,description,1
4604,595,Diagnosis,symptoms,1
4605,595,Diagnosis,workup,1
4606,595,Diagnosis,treatment,1
4607,596,Diagnosis,name,1
4608,596,Diagnosis,description,1
4609,596,Diagnosis,symptoms,1
4610,596,Diagnosis,workup,1
4611,596,Diagnosis,treatment,1
4612,597,Diagnosis,name,1
4613,597,Diagnosis,description,1
4614,597,Diagnosis,symptoms,1
4615,597,Diagnosis,workup,1
4616,597,Diagnosis,treatment,1
4622,599,Diagnosis,name,1
4623,599,Diagnosis,description,1
4624,599,Diagnosis,symptoms,1
4625,599,Diagnosis,workup,1
4626,599,Diagnosis,treatment,1
4627,600,Diagnosis,name,1
4628,600,Diagnosis,description,1
4629,600,Diagnosis,symptoms,1
4630,600,Diagnosis,workup,1
4631,600,Diagnosis,treatment,1
4632,601,Diagnosis,name,1
4633,601,Diagnosis,description,1
4634,601,Diagnosis,symptoms,1
4635,601,Diagnosis,workup,1
4636,601,Diagnosis,treatment,1
4637,602,Diagnosis,name,1
4638,602,Diagnosis,description,1
4639,602,Diagnosis,symptoms,1
4640,602,Diagnosis,workup,1
4641,602,Diagnosis,treatment,1
4642,603,Diagnosis,name,1
4643,603,Diagnosis,description,1
4644,603,Diagnosis,symptoms,1
4645,603,Diagnosis,workup,1
4646,603,Diagnosis,treatment,1
4647,604,Diagnosis,name,1
4648,604,Diagnosis,description,1
4649,604,Diagnosis,symptoms,1
4650,604,Diagnosis,workup,1
4651,604,Diagnosis,treatment,1
4652,605,Diagnosis,name,1
4653,605,Diagnosis,description,1
4654,605,Diagnosis,symptoms,1
4655,605,Diagnosis,workup,1
4656,605,Diagnosis,treatment,1
4657,606,Diagnosis,name,1
4658,606,Diagnosis,description,1
4659,606,Diagnosis,symptoms,1
4660,606,Diagnosis,workup,1
4661,606,Diagnosis,treatment,1
4662,607,Diagnosis,name,1
4663,607,Diagnosis,description,1
4664,607,Diagnosis,symptoms,1
4665,607,Diagnosis,workup,1
4666,607,Diagnosis,treatment,1
4667,608,Diagnosis,name,1
4668,608,Diagnosis,description,1
4669,608,Diagnosis,symptoms,1
4670,608,Diagnosis,workup,1
4671,608,Diagnosis,treatment,1
4672,609,Diagnosis,name,1
4673,609,Diagnosis,description,1
4674,609,Diagnosis,symptoms,1
4675,609,Diagnosis,workup,1
4676,609,Diagnosis,treatment,1
4682,611,Diagnosis,name,1
4683,611,Diagnosis,description,1
4684,611,Diagnosis,symptoms,1
4685,611,Diagnosis,workup,1
4686,611,Diagnosis,treatment,1
4687,612,Diagnosis,name,1
4688,612,Diagnosis,description,1
4689,612,Diagnosis,symptoms,1
4690,612,Diagnosis,workup,1
4691,612,Diagnosis,treatment,1
4692,613,Diagnosis,name,1
4693,613,Diagnosis,description,1
4694,613,Diagnosis,symptoms,1
4695,613,Diagnosis,workup,1
4696,613,Diagnosis,treatment,1
4697,614,Diagnosis,name,1
4698,614,Diagnosis,description,1
4699,614,Diagnosis,symptoms,1
4700,614,Diagnosis,workup,1
4701,614,Diagnosis,treatment,1
4702,615,Diagnosis,name,1
4703,615,Diagnosis,description,1
4704,615,Diagnosis,symptoms,1
4705,615,Diagnosis,workup,1
4706,615,Diagnosis,treatment,1
4707,616,Diagnosis,name,1
4708,616,Diagnosis,description,1
4709,616,Diagnosis,symptoms,1
4710,616,Diagnosis,workup,1
4711,616,Diagnosis,treatment,1
4712,617,Diagnosis,name,1
4713,617,Diagnosis,description,1
4714,617,Diagnosis,symptoms,1
4715,617,Diagnosis,workup,1
4716,617,Diagnosis,treatment,1
4717,618,Diagnosis,name,1
4718,618,Diagnosis,description,1
4719,618,Diagnosis,symptoms,1
4720,618,Diagnosis,workup,1
4721,618,Diagnosis,treatment,1
4722,619,Diagnosis,name,1
4723,619,Diagnosis,description,1
4724,619,Diagnosis,symptoms,1
4725,619,Diagnosis,workup,1
4726,619,Diagnosis,treatment,1
4727,620,Diagnosis,name,1
4728,620,Diagnosis,description,1
4729,620,Diagnosis,symptoms,1
4730,620,Diagnosis,workup,1
4731,620,Diagnosis,treatment,1
4732,621,Diagnosis,name,1
4733,621,Diagnosis,description,1
4734,621,Diagnosis,symptoms,1
4735,621,Diagnosis,workup,1
4736,621,Diagnosis,treatment,1
4737,622,Diagnosis,name,1
4738,622,Diagnosis,description,1
4739,622,Diagnosis,symptoms,1
4740,622,Diagnosis,workup,1
4741,622,Diagnosis,treatment,1
4742,623,Diagnosis,name,1
4743,623,Diagnosis,description,1
4744,623,Diagnosis,symptoms,1
4745,623,Diagnosis,workup,1
4746,623,Diagnosis,treatment,1
4747,624,Diagnosis,name,1
4748,624,Diagnosis,description,1
4749,624,Diagnosis,symptoms,1
4750,624,Diagnosis,workup,1
4751,624,Diagnosis,treatment,1
4752,625,Diagnosis,name,1
4753,625,Diagnosis,description,1
4754,625,Diagnosis,symptoms,1
4755,625,Diagnosis,workup,1
4756,625,Diagnosis,treatment,1
4757,626,Diagnosis,name,1
4758,626,Diagnosis,description,1
4759,626,Diagnosis,symptoms,1
4760,626,Diagnosis,workup,1
4761,626,Diagnosis,treatment,1
4762,627,Diagnosis,name,1
4763,627,Diagnosis,description,1
4764,627,Diagnosis,symptoms,1
4765,627,Diagnosis,workup,1
4766,627,Diagnosis,treatment,1
4767,628,Diagnosis,name,1
4768,628,Diagnosis,description,1
4769,628,Diagnosis,symptoms,1
4770,628,Diagnosis,workup,1
4771,628,Diagnosis,treatment,1
4772,629,Diagnosis,name,1
4773,629,Diagnosis,description,1
4774,629,Diagnosis,symptoms,1
4775,629,Diagnosis,workup,1
4776,629,Diagnosis,treatment,1
4777,630,Diagnosis,name,1
4778,630,Diagnosis,description,1
4779,630,Diagnosis,symptoms,1
4780,630,Diagnosis,workup,1
4781,630,Diagnosis,treatment,1
4782,631,Diagnosis,name,1
4783,631,Diagnosis,description,1
4784,631,Diagnosis,symptoms,1
4785,631,Diagnosis,workup,1
4786,631,Diagnosis,treatment,1
4787,632,Diagnosis,name,1
4788,632,Diagnosis,description,1
4789,632,Diagnosis,symptoms,1
4790,632,Diagnosis,workup,1
4791,632,Diagnosis,treatment,1
4792,633,Diagnosis,name,1
4793,633,Diagnosis,description,1
4794,633,Diagnosis,symptoms,1
4795,633,Diagnosis,workup,1
4796,633,Diagnosis,treatment,1
4797,634,Diagnosis,name,1
4798,634,Diagnosis,description,1
4799,634,Diagnosis,symptoms,1
4800,634,Diagnosis,workup,1
4801,634,Diagnosis,treatment,1
4802,635,Diagnosis,name,1
4803,635,Diagnosis,description,1
4804,635,Diagnosis,symptoms,1
4805,635,Diagnosis,workup,1
4806,635,Diagnosis,treatment,1
4807,636,Diagnosis,name,1
4808,636,Diagnosis,description,1
4809,636,Diagnosis,symptoms,1
4810,636,Diagnosis,workup,1
4811,636,Diagnosis,treatment,1
4812,637,Diagnosis,name,1
4813,637,Diagnosis,description,1
4814,637,Diagnosis,symptoms,1
4815,637,Diagnosis,workup,1
4816,637,Diagnosis,treatment,1
4817,638,Diagnosis,name,1
4818,638,Diagnosis,description,1
4819,638,Diagnosis,symptoms,1
4820,638,Diagnosis,workup,1
4821,638,Diagnosis,treatment,1
4822,639,Diagnosis,name,1
4823,639,Diagnosis,description,1
4824,639,Diagnosis,symptoms,1
4825,639,Diagnosis,workup,1
4826,639,Diagnosis,treatment,1
4827,640,Diagnosis,name,1
4828,640,Diagnosis,description,1
4829,640,Diagnosis,symptoms,1
4830,640,Diagnosis,workup,1
4831,640,Diagnosis,treatment,1
4832,641,Diagnosis,name,1
4833,641,Diagnosis,description,1
4834,641,Diagnosis,symptoms,1
4835,641,Diagnosis,workup,1
4836,641,Diagnosis,treatment,1
4837,642,Diagnosis,name,1
4838,642,Diagnosis,description,1
4839,642,Diagnosis,symptoms,1
4840,642,Diagnosis,workup,1
4841,642,Diagnosis,treatment,1
4842,643,Diagnosis,name,1
4843,643,Diagnosis,description,1
4844,643,Diagnosis,symptoms,1
4845,643,Diagnosis,workup,1
4846,643,Diagnosis,treatment,1
4847,644,Diagnosis,name,1
4848,644,Diagnosis,description,1
4849,644,Diagnosis,symptoms,1
4850,644,Diagnosis,workup,1
4851,644,Diagnosis,treatment,1
4852,645,Diagnosis,name,1
4853,645,Diagnosis,description,1
4854,645,Diagnosis,symptoms,1
4855,645,Diagnosis,workup,1
4856,645,Diagnosis,treatment,1
4857,646,Diagnosis,name,1
4858,646,Diagnosis,description,1
4859,646,Diagnosis,symptoms,1
4860,646,Diagnosis,workup,1
4861,646,Diagnosis,treatment,1
4862,647,Diagnosis,name,1
4863,647,Diagnosis,description,1
4864,647,Diagnosis,symptoms,1
4865,647,Diagnosis,workup,1
4866,647,Diagnosis,treatment,1
4867,648,Diagnosis,name,1
4868,648,Diagnosis,description,1
4869,648,Diagnosis,symptoms,1
4870,648,Diagnosis,workup,1
4871,648,Diagnosis,treatment,1
4872,649,Diagnosis,name,1
4873,649,Diagnosis,description,1
4874,649,Diagnosis,symptoms,1
4875,649,Diagnosis,workup,1
4876,649,Diagnosis,treatment,1
4877,650,Diagnosis,name,1
4878,650,Diagnosis,description,1
4879,650,Diagnosis,symptoms,1
4880,650,Diagnosis,workup,1
4881,650,Diagnosis,treatment,1
4882,651,Diagnosis,name,1
4883,651,Diagnosis,description,1
4884,651,Diagnosis,symptoms,1
4885,651,Diagnosis,workup,1
4886,651,Diagnosis,treatment,1
4887,652,Diagnosis,name,1
4888,652,Diagnosis,description,1
4889,652,Diagnosis,symptoms,1
4890,652,Diagnosis,workup,1
4891,652,Diagnosis,treatment,1
4892,653,Diagnosis,name,1
4893,653,Diagnosis,description,1
4894,653,Diagnosis,symptoms,1
4895,653,Diagnosis,workup,1
4896,653,Diagnosis,treatment,1
4897,654,Diagnosis,name,1
4898,654,Diagnosis,description,1
4899,654,Diagnosis,symptoms,1
4900,654,Diagnosis,workup,1
4901,654,Diagnosis,treatment,1
4902,655,Diagnosis,name,1
4903,655,Diagnosis,description,1
4904,655,Diagnosis,symptoms,1
4905,655,Diagnosis,workup,1
4906,655,Diagnosis,treatment,1
4907,656,Diagnosis,name,1
4908,656,Diagnosis,description,1
4909,656,Diagnosis,symptoms,1
4910,656,Diagnosis,workup,1
4911,656,Diagnosis,treatment,1
4912,657,Diagnosis,name,1
4913,657,Diagnosis,description,1
4914,657,Diagnosis,symptoms,1
4915,657,Diagnosis,workup,1
4916,657,Diagnosis,treatment,1
4917,658,Diagnosis,name,1
4918,658,Diagnosis,description,1
4919,658,Diagnosis,symptoms,1
4920,658,Diagnosis,workup,1
4921,658,Diagnosis,treatment,1
4922,659,Diagnosis,name,1
4923,659,Diagnosis,description,1
4924,659,Diagnosis,symptoms,1
4925,659,Diagnosis,workup,1
4926,659,Diagnosis,treatment,1
4927,660,Diagnosis,name,1
4928,660,Diagnosis,description,1
4929,660,Diagnosis,symptoms,1
4930,660,Diagnosis,workup,1
4931,660,Diagnosis,treatment,1
4932,661,Diagnosis,name,1
4933,661,Diagnosis,description,1
4934,661,Diagnosis,symptoms,1
4935,661,Diagnosis,workup,1
4936,661,Diagnosis,treatment,1
4937,662,Diagnosis,name,1
4938,662,Diagnosis,description,1
4939,662,Diagnosis,symptoms,1
4940,662,Diagnosis,workup,1
4941,662,Diagnosis,treatment,1
4942,663,Diagnosis,name,1
4943,663,Diagnosis,description,1
4944,663,Diagnosis,symptoms,1
4945,663,Diagnosis,workup,1
4946,663,Diagnosis,treatment,1
4947,664,Diagnosis,name,1
4948,664,Diagnosis,description,1
4949,664,Diagnosis,symptoms,1
4950,664,Diagnosis,workup,1
4951,664,Diagnosis,treatment,1
4952,665,Diagnosis,name,1
4953,665,Diagnosis,description,1
4954,665,Diagnosis,symptoms,1
4955,665,Diagnosis,workup,1
4956,665,Diagnosis,treatment,1
4957,666,Diagnosis,name,1
4958,666,Diagnosis,description,1
4959,666,Diagnosis,symptoms,1
4960,666,Diagnosis,workup,1
4961,666,Diagnosis,treatment,1
4962,667,Diagnosis,name,1
4963,667,Diagnosis,description,1
4964,667,Diagnosis,symptoms,1
4965,667,Diagnosis,workup,1
4966,667,Diagnosis,treatment,1
4967,668,Diagnosis,name,1
4968,668,Diagnosis,description,1
4969,668,Diagnosis,symptoms,1
4970,668,Diagnosis,workup,1
4971,668,Diagnosis,treatment,1
4972,669,Diagnosis,name,1
4973,669,Diagnosis,description,1
4974,669,Diagnosis,symptoms,1
4975,669,Diagnosis,workup,1
4976,669,Diagnosis,treatment,1
4977,670,Diagnosis,name,1
4978,670,Diagnosis,description,1
4979,670,Diagnosis,symptoms,1
4980,670,Diagnosis,workup,1
4981,670,Diagnosis,treatment,1
4982,671,Diagnosis,name,1
4983,671,Diagnosis,description,1
4984,671,Diagnosis,symptoms,1
4985,671,Diagnosis,workup,1
4986,671,Diagnosis,treatment,1
4987,672,Diagnosis,name,1
4988,672,Diagnosis,description,1
4989,672,Diagnosis,symptoms,1
4990,672,Diagnosis,workup,1
4991,672,Diagnosis,treatment,1
4992,673,Diagnosis,name,1
4993,673,Diagnosis,description,1
4994,673,Diagnosis,symptoms,1
4995,673,Diagnosis,workup,1
4996,673,Diagnosis,treatment,1
4997,674,Diagnosis,name,1
4998,674,Diagnosis,description,1
4999,674,Diagnosis,symptoms,1
5000,674,Diagnosis,workup,1
5001,674,Diagnosis,treatment,1
5002,675,Diagnosis,name,1
5003,675,Diagnosis,description,1
5004,675,Diagnosis,symptoms,1
5005,675,Diagnosis,workup,1
5006,675,Diagnosis,treatment,1
5007,676,Diagnosis,name,1
5008,676,Diagnosis,description,1
5009,676,Diagnosis,symptoms,1
5010,676,Diagnosis,workup,1
5011,676,Diagnosis,treatment,1
5012,677,Diagnosis,name,1
5013,677,Diagnosis,description,1
5014,677,Diagnosis,symptoms,1
5015,677,Diagnosis,workup,1
5016,677,Diagnosis,treatment,1
5017,678,Diagnosis,name,1
5018,678,Diagnosis,description,1
5019,678,Diagnosis,symptoms,1
5020,678,Diagnosis,workup,1
5021,678,Diagnosis,treatment,1
5022,679,Diagnosis,name,1
5023,679,Diagnosis,description,1
5024,679,Diagnosis,symptoms,1
5025,679,Diagnosis,workup,1
5026,679,Diagnosis,treatment,1
5027,680,Diagnosis,name,1
5028,680,Diagnosis,description,1
5029,680,Diagnosis,symptoms,1
5030,680,Diagnosis,workup,1
5031,680,Diagnosis,treatment,1
5032,681,Diagnosis,name,1
5033,681,Diagnosis,description,1
5034,681,Diagnosis,symptoms,1
5035,681,Diagnosis,workup,1
5036,681,Diagnosis,treatment,1
5037,682,Diagnosis,name,1
5038,682,Diagnosis,description,1
5039,682,Diagnosis,symptoms,1
5040,682,Diagnosis,workup,1
5041,682,Diagnosis,treatment,1
5042,683,Diagnosis,name,1
5043,683,Diagnosis,description,1
5044,683,Diagnosis,symptoms,1
5045,683,Diagnosis,workup,1
5046,683,Diagnosis,treatment,1
5047,684,Diagnosis,name,1
5048,684,Diagnosis,description,1
5049,684,Diagnosis,symptoms,1
5050,684,Diagnosis,workup,1
5051,684,Diagnosis,treatment,1
5052,685,Diagnosis,name,1
5053,685,Diagnosis,description,1
5054,685,Diagnosis,symptoms,1
5055,685,Diagnosis,workup,1
5056,685,Diagnosis,treatment,1
5057,686,Diagnosis,name,1
5058,686,Diagnosis,description,1
5059,686,Diagnosis,symptoms,1
5060,686,Diagnosis,workup,1
5061,686,Diagnosis,treatment,1
5062,687,Diagnosis,name,1
5063,687,Diagnosis,description,1
5064,687,Diagnosis,symptoms,1
5065,687,Diagnosis,workup,1
5066,687,Diagnosis,treatment,1
5067,688,Diagnosis,name,1
5068,688,Diagnosis,description,1
5069,688,Diagnosis,symptoms,1
5070,688,Diagnosis,workup,1
5071,688,Diagnosis,treatment,1
5072,689,Diagnosis,name,1
5073,689,Diagnosis,description,1
5074,689,Diagnosis,symptoms,1
5075,689,Diagnosis,workup,1
5076,689,Diagnosis,treatment,1
5077,690,Diagnosis,name,1
5078,690,Diagnosis,description,1
5079,690,Diagnosis,symptoms,1
5080,690,Diagnosis,workup,1
5081,690,Diagnosis,treatment,1
5082,691,Diagnosis,name,1
5083,691,Diagnosis,description,1
5084,691,Diagnosis,symptoms,1
5085,691,Diagnosis,workup,1
5086,691,Diagnosis,treatment,1
5087,692,Diagnosis,name,1
5088,692,Diagnosis,description,1
5089,692,Diagnosis,symptoms,1
5090,692,Diagnosis,workup,1
5091,692,Diagnosis,treatment,1
5092,693,Diagnosis,name,1
5093,693,Diagnosis,description,1
5094,693,Diagnosis,symptoms,1
5095,693,Diagnosis,workup,1
5096,693,Diagnosis,treatment,1
5097,694,Diagnosis,name,1
5098,694,Diagnosis,description,1
5099,694,Diagnosis,symptoms,1
5100,694,Diagnosis,workup,1
5101,694,Diagnosis,treatment,1
5107,696,Diagnosis,name,1
5108,696,Diagnosis,description,1
5109,696,Diagnosis,symptoms,1
5110,696,Diagnosis,workup,1
5111,696,Diagnosis,treatment,1
5112,697,Diagnosis,name,1
5113,697,Diagnosis,description,1
5114,697,Diagnosis,symptoms,1
5115,697,Diagnosis,workup,1
5116,697,Diagnosis,treatment,1
5117,698,Diagnosis,name,1
5118,698,Diagnosis,description,1
5119,698,Diagnosis,symptoms,1
5120,698,Diagnosis,workup,1
5121,698,Diagnosis,treatment,1
5122,699,Diagnosis,name,1
5123,699,Diagnosis,description,1
5124,699,Diagnosis,symptoms,1
5125,699,Diagnosis,workup,1
5126,699,Diagnosis,treatment,1
5127,700,Diagnosis,name,1
5128,700,Diagnosis,description,1
5129,700,Diagnosis,symptoms,1
5130,700,Diagnosis,workup,1
5131,700,Diagnosis,treatment,1
5137,702,Diagnosis,name,1
5138,702,Diagnosis,description,1
5139,702,Diagnosis,symptoms,1
5140,702,Diagnosis,workup,1
5141,702,Diagnosis,treatment,1
5142,703,Diagnosis,name,1
5143,703,Diagnosis,description,1
5144,703,Diagnosis,symptoms,1
5145,703,Diagnosis,workup,1
5146,703,Diagnosis,treatment,1
5147,704,Diagnosis,name,1
5148,704,Diagnosis,description,1
5149,704,Diagnosis,symptoms,1
5150,704,Diagnosis,workup,1
5151,704,Diagnosis,treatment,1
5152,705,Diagnosis,name,1
5153,705,Diagnosis,description,1
5154,705,Diagnosis,symptoms,1
5155,705,Diagnosis,workup,1
5156,705,Diagnosis,treatment,1
5157,706,Diagnosis,name,1
5158,706,Diagnosis,description,1
5159,706,Diagnosis,symptoms,1
5160,706,Diagnosis,workup,1
5161,706,Diagnosis,treatment,1
5162,707,Diagnosis,name,1
5163,707,Diagnosis,description,1
5164,707,Diagnosis,symptoms,1
5165,707,Diagnosis,workup,1
5166,707,Diagnosis,treatment,1
5167,708,Diagnosis,name,1
5168,708,Diagnosis,description,1
5169,708,Diagnosis,symptoms,1
5170,708,Diagnosis,workup,1
5171,708,Diagnosis,treatment,1
5172,709,Diagnosis,name,1
5173,709,Diagnosis,description,1
5174,709,Diagnosis,symptoms,1
5175,709,Diagnosis,workup,1
5176,709,Diagnosis,treatment,1
5177,710,Diagnosis,name,1
5178,710,Diagnosis,description,1
5179,710,Diagnosis,symptoms,1
5180,710,Diagnosis,workup,1
5181,710,Diagnosis,treatment,1
5182,711,Diagnosis,name,1
5183,711,Diagnosis,description,1
5184,711,Diagnosis,symptoms,1
5185,711,Diagnosis,workup,1
5186,711,Diagnosis,treatment,1
5187,712,Diagnosis,name,1
5188,712,Diagnosis,description,1
5189,712,Diagnosis,symptoms,1
5190,712,Diagnosis,workup,1
5191,712,Diagnosis,treatment,1
5197,714,Diagnosis,name,1
5198,714,Diagnosis,description,1
5199,714,Diagnosis,symptoms,1
5200,714,Diagnosis,workup,1
5201,714,Diagnosis,treatment,1
5202,715,Diagnosis,name,1
5203,715,Diagnosis,description,1
5204,715,Diagnosis,symptoms,1
5205,715,Diagnosis,workup,1
5206,715,Diagnosis,treatment,1
5207,716,Diagnosis,name,1
5208,716,Diagnosis,description,1
5209,716,Diagnosis,symptoms,1
5210,716,Diagnosis,workup,1
5211,716,Diagnosis,treatment,1
5212,717,Diagnosis,name,1
5213,717,Diagnosis,description,1
5214,717,Diagnosis,symptoms,1
5215,717,Diagnosis,workup,1
5216,717,Diagnosis,treatment,1
5217,718,Diagnosis,name,1
5218,718,Diagnosis,description,1
5219,718,Diagnosis,symptoms,1
5220,718,Diagnosis,workup,1
5221,718,Diagnosis,treatment,1
5222,719,Diagnosis,name,1
5223,719,Diagnosis,description,1
5224,719,Diagnosis,symptoms,1
5225,719,Diagnosis,workup,1
5226,719,Diagnosis,treatment,1
5227,720,Diagnosis,name,1
5228,720,Diagnosis,description,1
5229,720,Diagnosis,symptoms,1
5230,720,Diagnosis,workup,1
5231,720,Diagnosis,treatment,1
5232,721,Diagnosis,name,1
5233,721,Diagnosis,description,1
5234,721,Diagnosis,symptoms,1
5235,721,Diagnosis,workup,1
5236,721,Diagnosis,treatment,1
5237,722,Diagnosis,name,1
5238,722,Diagnosis,description,1
5239,722,Diagnosis,symptoms,1
5240,722,Diagnosis,workup,1
5241,722,Diagnosis,treatment,1
5242,723,Diagnosis,name,1
5243,723,Diagnosis,description,1
5244,723,Diagnosis,symptoms,1
5245,723,Diagnosis,workup,1
5246,723,Diagnosis,treatment,1
5247,724,Diagnosis,name,1
5248,724,Diagnosis,description,1
5249,724,Diagnosis,symptoms,1
5250,724,Diagnosis,workup,1
5251,724,Diagnosis,treatment,1
5252,725,Diagnosis,name,1
5253,725,Diagnosis,description,1
5254,725,Diagnosis,symptoms,1
5255,725,Diagnosis,workup,1
5256,725,Diagnosis,treatment,1
5257,726,Diagnosis,name,1
5258,726,Diagnosis,description,1
5259,726,Diagnosis,symptoms,1
5260,726,Diagnosis,workup,1
5261,726,Diagnosis,treatment,1
5262,727,Diagnosis,name,1
5263,727,Diagnosis,description,1
5264,727,Diagnosis,symptoms,1
5265,727,Diagnosis,workup,1
5266,727,Diagnosis,treatment,1
5267,728,Diagnosis,name,1
5268,728,Diagnosis,description,1
5269,728,Diagnosis,symptoms,1
5270,728,Diagnosis,workup,1
5271,728,Diagnosis,treatment,1
5272,729,Diagnosis,name,1
5273,729,Diagnosis,description,1
5274,729,Diagnosis,symptoms,1
5275,729,Diagnosis,workup,1
5276,729,Diagnosis,treatment,1
5277,730,Diagnosis,name,1
5278,730,Diagnosis,description,1
5279,730,Diagnosis,symptoms,1
5280,730,Diagnosis,workup,1
5281,730,Diagnosis,treatment,1
5282,731,Diagnosis,name,1
5283,731,Diagnosis,description,1
5284,731,Diagnosis,symptoms,1
5285,731,Diagnosis,workup,1
5286,731,Diagnosis,treatment,1
5287,732,Diagnosis,name,1
5288,732,Diagnosis,description,1
5289,732,Diagnosis,symptoms,1
5290,732,Diagnosis,workup,1
5291,732,Diagnosis,treatment,1
5292,733,Diagnosis,name,1
5293,733,Diagnosis,description,1
5294,733,Diagnosis,symptoms,1
5295,733,Diagnosis,workup,1
5296,733,Diagnosis,treatment,1
5297,734,Diagnosis,name,1
5298,734,Diagnosis,description,1
5299,734,Diagnosis,symptoms,1
5300,734,Diagnosis,workup,1
5301,734,Diagnosis,treatment,1
5302,735,Diagnosis,name,1
5303,735,Diagnosis,description,1
5304,735,Diagnosis,symptoms,1
5305,735,Diagnosis,workup,1
5306,735,Diagnosis,treatment,1
5307,736,Diagnosis,name,1
5308,736,Diagnosis,description,1
5309,736,Diagnosis,symptoms,1
5310,736,Diagnosis,workup,1
5311,736,Diagnosis,treatment,1
5312,737,Diagnosis,name,1
5313,737,Diagnosis,description,1
5314,737,Diagnosis,symptoms,1
5315,737,Diagnosis,workup,1
5316,737,Diagnosis,treatment,1
5317,738,Diagnosis,name,1
5318,738,Diagnosis,description,1
5319,738,Diagnosis,symptoms,1
5320,738,Diagnosis,workup,1
5321,738,Diagnosis,treatment,1
5322,739,Diagnosis,name,1
5323,739,Diagnosis,description,1
5324,739,Diagnosis,symptoms,1
5325,739,Diagnosis,workup,1
5326,739,Diagnosis,treatment,1
5327,740,Diagnosis,name,1
5328,740,Diagnosis,description,1
5329,740,Diagnosis,symptoms,1
5330,740,Diagnosis,workup,1
5331,740,Diagnosis,treatment,1
5332,741,Diagnosis,name,1
5333,741,Diagnosis,description,1
5334,741,Diagnosis,symptoms,1
5335,741,Diagnosis,workup,1
5336,741,Diagnosis,treatment,1
5337,742,Diagnosis,name,1
5338,742,Diagnosis,description,1
5339,742,Diagnosis,symptoms,1
5340,742,Diagnosis,workup,1
5341,742,Diagnosis,treatment,1
5342,743,Diagnosis,name,1
5343,743,Diagnosis,description,1
5344,743,Diagnosis,symptoms,1
5345,743,Diagnosis,workup,1
5346,743,Diagnosis,treatment,1
5347,744,Diagnosis,name,1
5348,744,Diagnosis,description,1
5349,744,Diagnosis,symptoms,1
5350,744,Diagnosis,workup,1
5351,744,Diagnosis,treatment,1
5352,745,Diagnosis,name,1
5353,745,Diagnosis,description,1
5354,745,Diagnosis,symptoms,1
5355,745,Diagnosis,workup,1
5356,745,Diagnosis,treatment,1
5357,746,Diagnosis,name,1
5358,746,Diagnosis,description,1
5359,746,Diagnosis,symptoms,1
5360,746,Diagnosis,workup,1
5361,746,Diagnosis,treatment,1
5362,747,Diagnosis,name,1
5363,747,Diagnosis,description,1
5364,747,Diagnosis,symptoms,1
5365,747,Diagnosis,workup,1
5366,747,Diagnosis,treatment,1
5367,748,Diagnosis,name,1
5368,748,Diagnosis,description,1
5369,748,Diagnosis,symptoms,1
5370,748,Diagnosis,workup,1
5371,748,Diagnosis,treatment,1
5372,749,Diagnosis,name,1
5373,749,Diagnosis,description,1
5374,749,Diagnosis,symptoms,1
5375,749,Diagnosis,workup,1
5376,749,Diagnosis,treatment,1
5377,750,Diagnosis,name,1
5378,750,Diagnosis,description,1
5379,750,Diagnosis,symptoms,1
5380,750,Diagnosis,workup,1
5381,750,Diagnosis,treatment,1
5382,751,Diagnosis,name,1
5383,751,Diagnosis,description,1
5384,751,Diagnosis,symptoms,1
5385,751,Diagnosis,workup,1
5386,751,Diagnosis,treatment,1
5387,752,Diagnosis,name,1
5388,752,Diagnosis,description,1
5389,752,Diagnosis,symptoms,1
5390,752,Diagnosis,workup,1
5391,752,Diagnosis,treatment,1
5392,753,Diagnosis,name,1
5393,753,Diagnosis,description,1
5394,753,Diagnosis,symptoms,1
5395,753,Diagnosis,workup,1
5396,753,Diagnosis,treatment,1
5397,754,Diagnosis,name,1
5398,754,Diagnosis,description,1
5399,754,Diagnosis,symptoms,1
5400,754,Diagnosis,workup,1
5401,754,Diagnosis,treatment,1
5402,755,Diagnosis,name,1
5403,755,Diagnosis,description,1
5404,755,Diagnosis,symptoms,1
5405,755,Diagnosis,workup,1
5406,755,Diagnosis,treatment,1
5407,756,Diagnosis,name,1
5408,756,Diagnosis,description,1
5409,756,Diagnosis,symptoms,1
5410,756,Diagnosis,workup,1
5411,756,Diagnosis,treatment,1
5412,757,Diagnosis,name,1
5413,757,Diagnosis,description,1
5414,757,Diagnosis,symptoms,1
5415,757,Diagnosis,workup,1
5416,757,Diagnosis,treatment,1
5417,758,Diagnosis,name,1
5418,758,Diagnosis,description,1
5419,758,Diagnosis,symptoms,1
5420,758,Diagnosis,workup,1
5421,758,Diagnosis,treatment,1
5422,759,Diagnosis,name,1
5423,759,Diagnosis,description,1
5424,759,Diagnosis,symptoms,1
5425,759,Diagnosis,workup,1
5426,759,Diagnosis,treatment,1
5427,760,Diagnosis,name,1
5428,760,Diagnosis,description,1
5429,760,Diagnosis,symptoms,1
5430,760,Diagnosis,workup,1
5431,760,Diagnosis,treatment,1
5432,761,Diagnosis,name,1
5433,761,Diagnosis,description,1
5434,761,Diagnosis,symptoms,1
5435,761,Diagnosis,workup,1
5436,761,Diagnosis,treatment,1
5437,762,Diagnosis,name,1
5438,762,Diagnosis,description,1
5439,762,Diagnosis,symptoms,1
5440,762,Diagnosis,workup,1
5441,762,Diagnosis,treatment,1
5442,763,Diagnosis,name,1
5443,763,Diagnosis,description,1
5444,763,Diagnosis,symptoms,1
5445,763,Diagnosis,workup,1
5446,763,Diagnosis,treatment,1
5447,764,Diagnosis,name,1
5448,764,Diagnosis,description,1
5449,764,Diagnosis,symptoms,1
5450,764,Diagnosis,workup,1
5451,764,Diagnosis,treatment,1
5452,765,Diagnosis,name,1
5453,765,Diagnosis,description,1
5454,765,Diagnosis,symptoms,1
5455,765,Diagnosis,workup,1
5456,765,Diagnosis,treatment,1
5457,766,Diagnosis,name,1
5458,766,Diagnosis,description,1
5459,766,Diagnosis,symptoms,1
5460,766,Diagnosis,workup,1
5461,766,Diagnosis,treatment,1
5462,767,Diagnosis,name,1
5463,767,Diagnosis,description,1
5464,767,Diagnosis,symptoms,1
5465,767,Diagnosis,workup,1
5466,767,Diagnosis,treatment,1
5467,768,Diagnosis,name,1
5468,768,Diagnosis,description,1
5469,768,Diagnosis,symptoms,1
5470,768,Diagnosis,workup,1
5471,768,Diagnosis,treatment,1
5472,769,Diagnosis,name,1
5473,769,Diagnosis,description,1
5474,769,Diagnosis,symptoms,1
5475,769,Diagnosis,workup,1
5476,769,Diagnosis,treatment,1
5477,770,Diagnosis,name,1
5478,770,Diagnosis,description,1
5479,770,Diagnosis,symptoms,1
5480,770,Diagnosis,workup,1
5481,770,Diagnosis,treatment,1
5482,771,Diagnosis,name,1
5483,771,Diagnosis,description,1
5484,771,Diagnosis,symptoms,1
5485,771,Diagnosis,workup,1
5486,771,Diagnosis,treatment,1
5487,772,Diagnosis,name,1
5488,772,Diagnosis,description,1
5489,772,Diagnosis,symptoms,1
5490,772,Diagnosis,workup,1
5491,772,Diagnosis,treatment,1
5492,773,Diagnosis,name,1
5493,773,Diagnosis,description,1
5494,773,Diagnosis,symptoms,1
5495,773,Diagnosis,workup,1
5496,773,Diagnosis,treatment,1
5497,774,Diagnosis,name,1
5498,774,Diagnosis,description,1
5499,774,Diagnosis,symptoms,1
5500,774,Diagnosis,workup,1
5501,774,Diagnosis,treatment,1
5502,775,Diagnosis,name,1
5503,775,Diagnosis,description,1
5504,775,Diagnosis,symptoms,1
5505,775,Diagnosis,workup,1
5506,775,Diagnosis,treatment,1
5507,776,Diagnosis,name,1
5508,776,Diagnosis,description,1
5509,776,Diagnosis,symptoms,1
5510,776,Diagnosis,workup,1
5511,776,Diagnosis,treatment,1
5512,777,Diagnosis,name,1
5513,777,Diagnosis,description,1
5514,777,Diagnosis,symptoms,1
5515,777,Diagnosis,workup,1
5516,777,Diagnosis,treatment,1
5517,778,Diagnosis,name,1
5518,778,Diagnosis,description,1
5519,778,Diagnosis,symptoms,1
5520,778,Diagnosis,workup,1
5521,778,Diagnosis,treatment,1
5522,779,Diagnosis,name,1
5523,779,Diagnosis,description,1
5524,779,Diagnosis,symptoms,1
5525,779,Diagnosis,workup,1
5526,779,Diagnosis,treatment,1
5527,780,Diagnosis,name,1
5528,780,Diagnosis,description,1
5529,780,Diagnosis,symptoms,1
5530,780,Diagnosis,workup,1
5531,780,Diagnosis,treatment,1
5532,781,Diagnosis,name,1
5533,781,Diagnosis,description,1
5534,781,Diagnosis,symptoms,1
5535,781,Diagnosis,workup,1
5536,781,Diagnosis,treatment,1
5537,782,Diagnosis,name,1
5538,782,Diagnosis,description,1
5539,782,Diagnosis,symptoms,1
5540,782,Diagnosis,workup,1
5541,782,Diagnosis,treatment,1
5542,783,Diagnosis,name,1
5543,783,Diagnosis,description,1
5544,783,Diagnosis,symptoms,1
5545,783,Diagnosis,workup,1
5546,783,Diagnosis,treatment,1
5547,784,Diagnosis,name,1
5548,784,Diagnosis,description,1
5549,784,Diagnosis,symptoms,1
5550,784,Diagnosis,workup,1
5551,784,Diagnosis,treatment,1
5552,785,Diagnosis,name,1
5553,785,Diagnosis,description,1
5554,785,Diagnosis,symptoms,1
5555,785,Diagnosis,workup,1
5556,785,Diagnosis,treatment,1
5557,786,Diagnosis,name,1
5558,786,Diagnosis,description,1
5559,786,Diagnosis,symptoms,1
5560,786,Diagnosis,workup,1
5561,786,Diagnosis,treatment,1
5567,788,Diagnosis,name,1
5568,788,Diagnosis,description,1
5569,788,Diagnosis,symptoms,1
5570,788,Diagnosis,workup,1
5571,788,Diagnosis,treatment,1
5572,789,Diagnosis,name,1
5573,789,Diagnosis,description,1
5574,789,Diagnosis,symptoms,1
5575,789,Diagnosis,workup,1
5576,789,Diagnosis,treatment,1
5577,790,Diagnosis,name,1
5578,790,Diagnosis,description,1
5579,790,Diagnosis,symptoms,1
5580,790,Diagnosis,workup,1
5581,790,Diagnosis,treatment,1
5582,791,Diagnosis,name,1
5583,791,Diagnosis,description,1
5584,791,Diagnosis,symptoms,1
5585,791,Diagnosis,workup,1
5586,791,Diagnosis,treatment,1
5587,792,Diagnosis,name,1
5588,792,Diagnosis,description,1
5589,792,Diagnosis,symptoms,1
5590,792,Diagnosis,workup,1
5591,792,Diagnosis,treatment,1
5592,793,Diagnosis,name,1
5593,793,Diagnosis,description,1
5594,793,Diagnosis,symptoms,1
5595,793,Diagnosis,workup,1
5596,793,Diagnosis,treatment,1
5597,794,Diagnosis,name,1
5598,794,Diagnosis,description,1
5599,794,Diagnosis,symptoms,1
5600,794,Diagnosis,workup,1
5601,794,Diagnosis,treatment,1
5602,795,Diagnosis,name,1
5603,795,Diagnosis,description,1
5604,795,Diagnosis,symptoms,1
5605,795,Diagnosis,workup,1
5606,795,Diagnosis,treatment,1
5607,796,Diagnosis,name,1
5608,796,Diagnosis,description,1
5609,796,Diagnosis,symptoms,1
5610,796,Diagnosis,workup,1
5611,796,Diagnosis,treatment,1
5612,797,Diagnosis,name,1
5613,797,Diagnosis,description,1
5614,797,Diagnosis,symptoms,1
5615,797,Diagnosis,workup,1
5616,797,Diagnosis,treatment,1
5617,798,Diagnosis,name,1
5618,798,Diagnosis,description,1
5619,798,Diagnosis,symptoms,1
5620,798,Diagnosis,workup,1
5621,798,Diagnosis,treatment,1
5622,799,Diagnosis,name,1
5623,799,Diagnosis,description,1
5624,799,Diagnosis,symptoms,1
5625,799,Diagnosis,workup,1
5626,799,Diagnosis,treatment,1
5627,800,Diagnosis,name,1
5628,800,Diagnosis,description,1
5629,800,Diagnosis,symptoms,1
5630,800,Diagnosis,workup,1
5631,800,Diagnosis,treatment,1
5632,801,Diagnosis,name,1
5633,801,Diagnosis,description,1
5634,801,Diagnosis,symptoms,1
5635,801,Diagnosis,workup,1
5636,801,Diagnosis,treatment,1
5637,802,Diagnosis,name,1
5638,802,Diagnosis,description,1
5639,802,Diagnosis,symptoms,1
5640,802,Diagnosis,workup,1
5641,802,Diagnosis,treatment,1
5642,803,Diagnosis,name,1
5643,803,Diagnosis,description,1
5644,803,Diagnosis,symptoms,1
5645,803,Diagnosis,workup,1
5646,803,Diagnosis,treatment,1
5647,805,Diagnosis,name,1
5648,805,Diagnosis,description,1
5649,805,Diagnosis,symptoms,1
5650,805,Diagnosis,workup,1
5651,805,Diagnosis,treatment,1
5657,807,Diagnosis,name,1
5658,807,Diagnosis,description,1
5659,807,Diagnosis,symptoms,1
5660,807,Diagnosis,workup,1
5661,807,Diagnosis,treatment,1
5662,809,Diagnosis,name,1
5663,809,Diagnosis,description,1
5664,809,Diagnosis,symptoms,1
5665,809,Diagnosis,workup,1
5666,809,Diagnosis,treatment,1
5667,810,Diagnosis,name,1
5668,810,Diagnosis,description,1
5669,810,Diagnosis,symptoms,1
5670,810,Diagnosis,workup,1
5671,810,Diagnosis,treatment,1
5672,811,Diagnosis,name,1
5673,811,Diagnosis,description,1
5674,811,Diagnosis,symptoms,1
5675,811,Diagnosis,workup,1
5676,811,Diagnosis,treatment,1
5677,812,Diagnosis,name,1
5678,812,Diagnosis,description,1
5679,812,Diagnosis,symptoms,1
5680,812,Diagnosis,workup,1
5681,812,Diagnosis,treatment,1
5682,813,Diagnosis,name,1
5683,813,Diagnosis,description,1
5684,813,Diagnosis,symptoms,1
5685,813,Diagnosis,workup,1
5686,813,Diagnosis,treatment,1
5687,814,Diagnosis,name,1
5688,814,Diagnosis,description,1
5689,814,Diagnosis,symptoms,1
5690,814,Diagnosis,workup,1
5691,814,Diagnosis,treatment,1
5692,815,Diagnosis,name,1
5693,815,Diagnosis,description,1
5694,815,Diagnosis,symptoms,1
5695,815,Diagnosis,workup,1
5696,815,Diagnosis,treatment,1
5697,816,Diagnosis,name,1
5698,816,Diagnosis,description,1
5699,816,Diagnosis,symptoms,1
5700,816,Diagnosis,workup,1
5701,816,Diagnosis,treatment,1
5702,817,Diagnosis,name,1
5703,817,Diagnosis,description,1
5704,817,Diagnosis,symptoms,1
5705,817,Diagnosis,workup,1
5706,817,Diagnosis,treatment,1
5707,818,Diagnosis,name,1
5708,818,Diagnosis,description,1
5709,818,Diagnosis,symptoms,1
5710,818,Diagnosis,workup,1
5711,818,Diagnosis,treatment,1
5712,819,Diagnosis,name,1
5713,819,Diagnosis,description,1
5714,819,Diagnosis,symptoms,1
5715,819,Diagnosis,workup,1
5716,819,Diagnosis,treatment,1
5717,820,Diagnosis,name,1
5718,820,Diagnosis,description,1
5719,820,Diagnosis,symptoms,1
5720,820,Diagnosis,workup,1
5721,820,Diagnosis,treatment,1
5722,821,Diagnosis,name,1
5723,821,Diagnosis,description,1
5724,821,Diagnosis,symptoms,1
5725,821,Diagnosis,workup,1
5726,821,Diagnosis,treatment,1
5727,822,Diagnosis,name,1
5728,822,Diagnosis,description,1
5729,822,Diagnosis,symptoms,1
5730,822,Diagnosis,workup,1
5731,822,Diagnosis,treatment,1
5732,823,Diagnosis,name,1
5733,823,Diagnosis,description,1
5734,823,Diagnosis,symptoms,1
5735,823,Diagnosis,workup,1
5736,823,Diagnosis,treatment,1
5737,824,Diagnosis,name,1
5738,824,Diagnosis,description,1
5739,824,Diagnosis,symptoms,1
5740,824,Diagnosis,workup,1
5741,824,Diagnosis,treatment,1
5742,825,Diagnosis,name,1
5743,825,Diagnosis,description,1
5744,825,Diagnosis,symptoms,1
5745,825,Diagnosis,workup,1
5746,825,Diagnosis,treatment,1
5747,826,Diagnosis,name,1
5748,826,Diagnosis,description,1
5749,826,Diagnosis,symptoms,1
5750,826,Diagnosis,workup,1
5751,826,Diagnosis,treatment,1
5752,827,Diagnosis,name,1
5753,827,Diagnosis,description,1
5754,827,Diagnosis,symptoms,1
5755,827,Diagnosis,workup,1
5756,827,Diagnosis,treatment,1
5757,828,Diagnosis,name,1
5758,828,Diagnosis,description,1
5759,828,Diagnosis,symptoms,1
5760,828,Diagnosis,workup,1
5761,828,Diagnosis,treatment,1
5762,829,Diagnosis,name,1
5763,829,Diagnosis,description,1
5764,829,Diagnosis,symptoms,1
5765,829,Diagnosis,workup,1
5766,829,Diagnosis,treatment,1
5767,830,Diagnosis,name,1
5768,830,Diagnosis,description,1
5769,830,Diagnosis,symptoms,1
5770,830,Diagnosis,workup,1
5771,830,Diagnosis,treatment,1
5777,832,Diagnosis,name,1
5778,832,Diagnosis,description,1
5779,832,Diagnosis,symptoms,1
5780,832,Diagnosis,workup,1
5781,832,Diagnosis,treatment,1
5782,833,Diagnosis,name,1
5783,833,Diagnosis,description,1
5784,833,Diagnosis,symptoms,1
5785,833,Diagnosis,workup,1
5786,833,Diagnosis,treatment,1
5787,834,Diagnosis,name,1
5788,834,Diagnosis,description,1
5789,834,Diagnosis,symptoms,1
5790,834,Diagnosis,workup,1
5791,834,Diagnosis,treatment,1
5792,835,Diagnosis,name,1
5793,835,Diagnosis,description,1
5794,835,Diagnosis,symptoms,1
5795,835,Diagnosis,workup,1
5796,835,Diagnosis,treatment,1
5797,836,Diagnosis,name,1
5798,836,Diagnosis,description,1
5799,836,Diagnosis,symptoms,1
5800,836,Diagnosis,workup,1
5801,836,Diagnosis,treatment,1
5802,837,Diagnosis,name,1
5803,837,Diagnosis,description,1
5804,837,Diagnosis,symptoms,1
5805,837,Diagnosis,workup,1
5806,837,Diagnosis,treatment,1
5807,838,Diagnosis,name,1
5808,838,Diagnosis,description,1
5809,838,Diagnosis,symptoms,1
5810,838,Diagnosis,workup,1
5811,838,Diagnosis,treatment,1
5812,839,Diagnosis,name,1
5813,839,Diagnosis,description,1
5814,839,Diagnosis,symptoms,1
5815,839,Diagnosis,workup,1
5816,839,Diagnosis,treatment,1
5817,840,Diagnosis,name,1
5818,840,Diagnosis,description,1
5819,840,Diagnosis,symptoms,1
5820,840,Diagnosis,workup,1
5821,840,Diagnosis,treatment,1
5822,841,Diagnosis,name,1
5823,841,Diagnosis,description,1
5824,841,Diagnosis,symptoms,1
5825,841,Diagnosis,workup,1
5826,841,Diagnosis,treatment,1
5827,842,Diagnosis,name,1
5828,842,Diagnosis,description,1
5829,842,Diagnosis,symptoms,1
5830,842,Diagnosis,workup,1
5831,842,Diagnosis,treatment,1
5832,848,Diagnosis,name,1
5833,848,Diagnosis,description,1
5834,848,Diagnosis,symptoms,1
5835,848,Diagnosis,workup,1
5836,848,Diagnosis,treatment,1
5837,849,Diagnosis,name,1
5838,849,Diagnosis,description,1
5839,849,Diagnosis,symptoms,1
5840,849,Diagnosis,workup,1
5841,849,Diagnosis,treatment,1
5842,851,Diagnosis,name,1
5843,851,Diagnosis,description,1
5844,851,Diagnosis,symptoms,1
5845,851,Diagnosis,workup,1
5846,851,Diagnosis,treatment,1
5847,852,Diagnosis,name,1
5848,852,Diagnosis,description,1
5849,852,Diagnosis,symptoms,1
5850,852,Diagnosis,workup,1
5851,852,Diagnosis,treatment,1
5852,853,Diagnosis,name,1
5853,853,Diagnosis,description,1
5854,853,Diagnosis,symptoms,1
5855,853,Diagnosis,workup,1
5856,853,Diagnosis,treatment,1
5857,854,Diagnosis,name,1
5858,854,Diagnosis,description,1
5859,854,Diagnosis,symptoms,1
5860,854,Diagnosis,workup,1
5861,854,Diagnosis,treatment,1
5862,855,Diagnosis,name,1
5863,855,Diagnosis,description,1
5864,855,Diagnosis,symptoms,1
5865,855,Diagnosis,workup,1
5866,855,Diagnosis,treatment,1
5867,856,Diagnosis,name,1
5868,856,Diagnosis,description,1
5869,856,Diagnosis,symptoms,1
5870,856,Diagnosis,workup,1
5871,856,Diagnosis,treatment,1
5872,857,Diagnosis,name,1
5873,857,Diagnosis,description,1
5874,857,Diagnosis,symptoms,1
5875,857,Diagnosis,workup,1
5876,857,Diagnosis,treatment,1
5877,858,Diagnosis,name,1
5878,858,Diagnosis,description,1
5879,858,Diagnosis,symptoms,1
5880,858,Diagnosis,workup,1
5881,858,Diagnosis,treatment,1
5882,859,Diagnosis,name,1
5883,859,Diagnosis,description,1
5884,859,Diagnosis,symptoms,1
5885,859,Diagnosis,workup,1
5886,859,Diagnosis,treatment,1
5887,860,Diagnosis,name,1
5888,860,Diagnosis,description,1
5889,860,Diagnosis,symptoms,1
5890,860,Diagnosis,workup,1
5891,860,Diagnosis,treatment,1
5892,861,Diagnosis,name,1
5893,861,Diagnosis,description,1
5894,861,Diagnosis,symptoms,1
5895,861,Diagnosis,workup,1
5896,861,Diagnosis,treatment,1
5897,862,Diagnosis,name,1
5898,862,Diagnosis,description,1
5899,862,Diagnosis,symptoms,1
5900,862,Diagnosis,workup,1
5901,862,Diagnosis,treatment,1
5902,863,Diagnosis,name,1
5903,863,Diagnosis,description,1
5904,863,Diagnosis,symptoms,1
5905,863,Diagnosis,workup,1
5906,863,Diagnosis,treatment,1
5907,864,Diagnosis,name,1
5908,864,Diagnosis,description,1
5909,864,Diagnosis,symptoms,1
5910,864,Diagnosis,workup,1
5911,864,Diagnosis,treatment,1
5912,865,Diagnosis,name,1
5913,865,Diagnosis,description,1
5914,865,Diagnosis,symptoms,1
5915,865,Diagnosis,workup,1
5916,865,Diagnosis,treatment,1
5917,866,Diagnosis,name,1
5918,866,Diagnosis,description,1
5919,866,Diagnosis,symptoms,1
5920,866,Diagnosis,workup,1
5921,866,Diagnosis,treatment,1
5922,867,Diagnosis,name,1
5923,867,Diagnosis,description,1
5924,867,Diagnosis,symptoms,1
5925,867,Diagnosis,workup,1
5926,867,Diagnosis,treatment,1
5927,868,Diagnosis,name,1
5928,868,Diagnosis,description,1
5929,868,Diagnosis,symptoms,1
5930,868,Diagnosis,workup,1
5931,868,Diagnosis,treatment,1
5932,869,Diagnosis,name,1
5933,869,Diagnosis,description,1
5934,869,Diagnosis,symptoms,1
5935,869,Diagnosis,workup,1
5936,869,Diagnosis,treatment,1
5937,870,Diagnosis,name,1
5938,870,Diagnosis,description,1
5939,870,Diagnosis,symptoms,1
5940,870,Diagnosis,workup,1
5941,870,Diagnosis,treatment,1
5942,871,Diagnosis,name,1
5943,871,Diagnosis,description,1
5944,871,Diagnosis,symptoms,1
5945,871,Diagnosis,workup,1
5946,871,Diagnosis,treatment,1
5947,872,Diagnosis,name,1
5948,872,Diagnosis,description,1
5949,872,Diagnosis,symptoms,1
5950,872,Diagnosis,workup,1
5951,872,Diagnosis,treatment,1
5952,873,Diagnosis,name,1
5953,873,Diagnosis,description,1
5954,873,Diagnosis,symptoms,1
5955,873,Diagnosis,workup,1
5956,873,Diagnosis,treatment,1
5957,874,Diagnosis,name,1
5958,874,Diagnosis,description,1
5959,874,Diagnosis,symptoms,1
5960,874,Diagnosis,workup,1
5961,874,Diagnosis,treatment,1
5962,875,Diagnosis,name,1
5963,875,Diagnosis,description,1
5964,875,Diagnosis,symptoms,1
5965,875,Diagnosis,workup,1
5966,875,Diagnosis,treatment,1
5967,876,Diagnosis,name,1
5968,876,Diagnosis,description,1
5969,876,Diagnosis,symptoms,1
5970,876,Diagnosis,workup,1
5971,876,Diagnosis,treatment,1
5972,877,Diagnosis,name,1
5973,877,Diagnosis,description,1
5974,877,Diagnosis,symptoms,1
5975,877,Diagnosis,workup,1
5976,877,Diagnosis,treatment,1
5977,878,Diagnosis,name,1
5978,878,Diagnosis,description,1
5979,878,Diagnosis,symptoms,1
5980,878,Diagnosis,workup,1
5981,878,Diagnosis,treatment,1
5982,879,Diagnosis,name,1
5983,879,Diagnosis,description,1
5984,879,Diagnosis,symptoms,1
5985,879,Diagnosis,workup,1
5986,879,Diagnosis,treatment,1
5992,882,Diagnosis,name,1
5993,882,Diagnosis,description,1
5994,882,Diagnosis,symptoms,1
5995,882,Diagnosis,workup,1
5996,882,Diagnosis,treatment,1
5997,883,Diagnosis,name,1
5998,883,Diagnosis,description,1
5999,883,Diagnosis,symptoms,1
6000,883,Diagnosis,workup,1
6001,883,Diagnosis,treatment,1
6002,884,Diagnosis,name,1
6003,884,Diagnosis,description,1
6004,884,Diagnosis,symptoms,1
6005,884,Diagnosis,workup,1
6006,884,Diagnosis,treatment,1
6007,885,Diagnosis,name,1
6008,885,Diagnosis,description,1
6009,885,Diagnosis,symptoms,1
6010,885,Diagnosis,workup,1
6011,885,Diagnosis,treatment,1
6012,886,Diagnosis,name,1
6013,886,Diagnosis,description,1
6014,886,Diagnosis,symptoms,1
6015,886,Diagnosis,workup,1
6016,886,Diagnosis,treatment,1
6017,887,Diagnosis,name,1
6018,887,Diagnosis,description,1
6019,887,Diagnosis,symptoms,1
6020,887,Diagnosis,workup,1
6021,887,Diagnosis,treatment,1
6022,888,Diagnosis,name,1
6023,888,Diagnosis,description,1
6024,888,Diagnosis,symptoms,1
6025,888,Diagnosis,workup,1
6026,888,Diagnosis,treatment,1
6027,889,Diagnosis,name,1
6028,889,Diagnosis,description,1
6029,889,Diagnosis,symptoms,1
6030,889,Diagnosis,workup,1
6031,889,Diagnosis,treatment,1
6032,890,Diagnosis,name,1
6033,890,Diagnosis,description,1
6034,890,Diagnosis,symptoms,1
6035,890,Diagnosis,workup,1
6036,890,Diagnosis,treatment,1
6037,891,Diagnosis,name,1
6038,891,Diagnosis,description,1
6039,891,Diagnosis,symptoms,1
6040,891,Diagnosis,workup,1
6041,891,Diagnosis,treatment,1
6042,892,Diagnosis,name,1
6043,892,Diagnosis,description,1
6044,892,Diagnosis,symptoms,1
6045,892,Diagnosis,workup,1
6046,892,Diagnosis,treatment,1
6047,893,Diagnosis,name,1
6048,893,Diagnosis,description,1
6049,893,Diagnosis,symptoms,1
6050,893,Diagnosis,workup,1
6051,893,Diagnosis,treatment,1
6052,894,Diagnosis,name,1
6053,894,Diagnosis,description,1
6054,894,Diagnosis,symptoms,1
6055,894,Diagnosis,workup,1
6056,894,Diagnosis,treatment,1
6057,895,Diagnosis,name,1
6058,895,Diagnosis,description,1
6059,895,Diagnosis,symptoms,1
6060,895,Diagnosis,workup,1
6061,895,Diagnosis,treatment,1
6062,896,Diagnosis,name,1
6063,896,Diagnosis,description,1
6064,896,Diagnosis,symptoms,1
6065,896,Diagnosis,workup,1
6066,896,Diagnosis,treatment,1
6067,897,Diagnosis,name,1
6068,897,Diagnosis,description,1
6069,897,Diagnosis,symptoms,1
6070,897,Diagnosis,workup,1
6071,897,Diagnosis,treatment,1
6072,898,Diagnosis,name,1
6073,898,Diagnosis,description,1
6074,898,Diagnosis,symptoms,1
6075,898,Diagnosis,workup,1
6076,898,Diagnosis,treatment,1
6077,899,Diagnosis,name,1
6078,899,Diagnosis,description,1
6079,899,Diagnosis,symptoms,1
6080,899,Diagnosis,workup,1
6081,899,Diagnosis,treatment,1
6082,900,Diagnosis,name,1
6083,900,Diagnosis,description,1
6084,900,Diagnosis,symptoms,1
6085,900,Diagnosis,workup,1
6086,900,Diagnosis,treatment,1
6087,901,Diagnosis,name,1
6088,901,Diagnosis,description,1
6089,901,Diagnosis,symptoms,1
6090,901,Diagnosis,workup,1
6091,901,Diagnosis,treatment,1
6092,902,Diagnosis,name,1
6093,902,Diagnosis,description,1
6094,902,Diagnosis,symptoms,1
6095,902,Diagnosis,workup,1
6096,902,Diagnosis,treatment,1
6097,903,Diagnosis,name,1
6098,903,Diagnosis,description,1
6099,903,Diagnosis,symptoms,1
6100,903,Diagnosis,workup,1
6101,903,Diagnosis,treatment,1
6102,904,Diagnosis,name,1
6103,904,Diagnosis,description,1
6104,904,Diagnosis,symptoms,1
6105,904,Diagnosis,workup,1
6106,904,Diagnosis,treatment,1
6107,905,Diagnosis,name,1
6108,905,Diagnosis,description,1
6109,905,Diagnosis,symptoms,1
6110,905,Diagnosis,workup,1
6111,905,Diagnosis,treatment,1
6112,906,Diagnosis,name,1
6113,906,Diagnosis,description,1
6114,906,Diagnosis,symptoms,1
6115,906,Diagnosis,workup,1
6116,906,Diagnosis,treatment,1
6117,907,Diagnosis,name,1
6118,907,Diagnosis,description,1
6119,907,Diagnosis,symptoms,1
6120,907,Diagnosis,workup,1
6121,907,Diagnosis,treatment,1
6122,908,Diagnosis,name,1
6123,908,Diagnosis,description,1
6124,908,Diagnosis,symptoms,1
6125,908,Diagnosis,workup,1
6126,908,Diagnosis,treatment,1
6127,909,Diagnosis,name,1
6128,909,Diagnosis,description,1
6129,909,Diagnosis,symptoms,1
6130,909,Diagnosis,workup,1
6131,909,Diagnosis,treatment,1
6132,910,Diagnosis,name,1
6133,910,Diagnosis,description,1
6134,910,Diagnosis,symptoms,1
6135,910,Diagnosis,workup,1
6136,910,Diagnosis,treatment,1
6137,911,Diagnosis,name,1
6138,911,Diagnosis,description,1
6139,911,Diagnosis,symptoms,1
6140,911,Diagnosis,workup,1
6141,911,Diagnosis,treatment,1
6142,912,Diagnosis,name,1
6143,912,Diagnosis,description,1
6144,912,Diagnosis,symptoms,1
6145,912,Diagnosis,workup,1
6146,912,Diagnosis,treatment,1
6147,913,Diagnosis,name,1
6148,913,Diagnosis,description,1
6149,913,Diagnosis,symptoms,1
6150,913,Diagnosis,workup,1
6151,913,Diagnosis,treatment,1
6152,914,Diagnosis,name,1
6153,914,Diagnosis,description,1
6154,914,Diagnosis,symptoms,1
6155,914,Diagnosis,workup,1
6156,914,Diagnosis,treatment,1
6157,915,Diagnosis,name,1
6158,915,Diagnosis,description,1
6159,915,Diagnosis,symptoms,1
6160,915,Diagnosis,workup,1
6161,915,Diagnosis,treatment,1
6162,916,Diagnosis,name,1
6163,916,Diagnosis,description,1
6164,916,Diagnosis,symptoms,1
6165,916,Diagnosis,workup,1
6166,916,Diagnosis,treatment,1
6167,917,Diagnosis,name,1
6168,917,Diagnosis,description,1
6169,917,Diagnosis,symptoms,1
6170,917,Diagnosis,workup,1
6171,917,Diagnosis,treatment,1
6172,918,Diagnosis,name,1
6173,918,Diagnosis,description,1
6174,918,Diagnosis,symptoms,1
6175,918,Diagnosis,workup,1
6176,918,Diagnosis,treatment,1
6177,919,Diagnosis,name,1
6178,919,Diagnosis,description,1
6179,919,Diagnosis,symptoms,1
6180,919,Diagnosis,workup,1
6181,919,Diagnosis,treatment,1
6182,920,Diagnosis,name,1
6183,920,Diagnosis,description,1
6184,920,Diagnosis,symptoms,1
6185,920,Diagnosis,workup,1
6186,920,Diagnosis,treatment,1
6187,921,Diagnosis,name,1
6188,921,Diagnosis,description,1
6189,921,Diagnosis,symptoms,1
6190,921,Diagnosis,workup,1
6191,921,Diagnosis,treatment,1
6192,922,Diagnosis,name,1
6193,922,Diagnosis,description,1
6194,922,Diagnosis,symptoms,1
6195,922,Diagnosis,workup,1
6196,922,Diagnosis,treatment,1
6197,923,Diagnosis,name,1
6198,923,Diagnosis,description,1
6199,923,Diagnosis,symptoms,1
6200,923,Diagnosis,workup,1
6201,923,Diagnosis,treatment,1
6202,924,Diagnosis,name,1
6203,924,Diagnosis,description,1
6204,924,Diagnosis,symptoms,1
6205,924,Diagnosis,workup,1
6206,924,Diagnosis,treatment,1
6207,925,Diagnosis,name,1
6208,925,Diagnosis,description,1
6209,925,Diagnosis,symptoms,1
6210,925,Diagnosis,workup,1
6211,925,Diagnosis,treatment,1
6212,926,Diagnosis,name,1
6213,926,Diagnosis,description,1
6214,926,Diagnosis,symptoms,1
6215,926,Diagnosis,workup,1
6216,926,Diagnosis,treatment,1
6217,927,Diagnosis,name,1
6218,927,Diagnosis,description,1
6219,927,Diagnosis,symptoms,1
6220,927,Diagnosis,workup,1
6221,927,Diagnosis,treatment,1
6227,929,Diagnosis,name,1
6228,929,Diagnosis,description,1
6229,929,Diagnosis,symptoms,1
6230,929,Diagnosis,workup,1
6231,929,Diagnosis,treatment,1
6232,930,Diagnosis,name,1
6233,930,Diagnosis,description,1
6234,930,Diagnosis,symptoms,1
6235,930,Diagnosis,workup,1
6236,930,Diagnosis,treatment,1
6237,931,Diagnosis,name,1
6238,931,Diagnosis,description,1
6239,931,Diagnosis,symptoms,1
6240,931,Diagnosis,workup,1
6241,931,Diagnosis,treatment,1
6242,932,Diagnosis,name,1
6243,932,Diagnosis,description,1
6244,932,Diagnosis,symptoms,1
6245,932,Diagnosis,workup,1
6246,932,Diagnosis,treatment,1
6247,933,Diagnosis,name,1
6248,933,Diagnosis,description,1
6249,933,Diagnosis,symptoms,1
6250,933,Diagnosis,workup,1
6251,933,Diagnosis,treatment,1
6252,934,Diagnosis,name,1
6253,934,Diagnosis,description,1
6254,934,Diagnosis,symptoms,1
6255,934,Diagnosis,workup,1
6256,934,Diagnosis,treatment,1
6257,935,Diagnosis,name,1
6258,935,Diagnosis,description,1
6259,935,Diagnosis,symptoms,1
6260,935,Diagnosis,workup,1
6261,935,Diagnosis,treatment,1
6262,936,Diagnosis,name,1
6263,936,Diagnosis,description,1
6264,936,Diagnosis,symptoms,1
6265,936,Diagnosis,workup,1
6266,936,Diagnosis,treatment,1
6267,937,Diagnosis,name,1
6268,937,Diagnosis,description,1
6269,937,Diagnosis,symptoms,1
6270,937,Diagnosis,workup,1
6271,937,Diagnosis,treatment,1
6272,938,Diagnosis,name,1
6273,938,Diagnosis,description,1
6274,938,Diagnosis,symptoms,1
6275,938,Diagnosis,workup,1
6276,938,Diagnosis,treatment,1
6277,939,Diagnosis,name,1
6278,939,Diagnosis,description,1
6279,939,Diagnosis,symptoms,1
6280,939,Diagnosis,workup,1
6281,939,Diagnosis,treatment,1
6282,940,Diagnosis,name,1
6283,940,Diagnosis,description,1
6284,940,Diagnosis,symptoms,1
6285,940,Diagnosis,workup,1
6286,940,Diagnosis,treatment,1
6287,941,Diagnosis,name,1
6288,941,Diagnosis,description,1
6289,941,Diagnosis,symptoms,1
6290,941,Diagnosis,workup,1
6291,941,Diagnosis,treatment,1
6292,942,Diagnosis,name,1
6293,942,Diagnosis,description,1
6294,942,Diagnosis,symptoms,1
6295,942,Diagnosis,workup,1
6296,942,Diagnosis,treatment,1
6297,943,Diagnosis,name,1
6298,943,Diagnosis,description,1
6299,943,Diagnosis,symptoms,1
6300,943,Diagnosis,workup,1
6301,943,Diagnosis,treatment,1
6302,944,Diagnosis,name,1
6303,944,Diagnosis,description,1
6304,944,Diagnosis,symptoms,1
6305,944,Diagnosis,workup,1
6306,944,Diagnosis,treatment,1
6307,945,Diagnosis,name,1
6308,945,Diagnosis,description,1
6309,945,Diagnosis,symptoms,1
6310,945,Diagnosis,workup,1
6311,945,Diagnosis,treatment,1
6312,946,Diagnosis,name,1
6313,946,Diagnosis,description,1
6314,946,Diagnosis,symptoms,1
6315,946,Diagnosis,workup,1
6316,946,Diagnosis,treatment,1
6317,947,Diagnosis,name,1
6318,947,Diagnosis,description,1
6319,947,Diagnosis,symptoms,1
6320,947,Diagnosis,workup,1
6321,947,Diagnosis,treatment,1
6322,948,Diagnosis,name,1
6323,948,Diagnosis,description,1
6324,948,Diagnosis,symptoms,1
6325,948,Diagnosis,workup,1
6326,948,Diagnosis,treatment,1
6327,949,Diagnosis,name,1
6328,949,Diagnosis,description,1
6329,949,Diagnosis,symptoms,1
6330,949,Diagnosis,workup,1
6331,949,Diagnosis,treatment,1
6332,950,Diagnosis,name,1
6333,950,Diagnosis,description,1
6334,950,Diagnosis,symptoms,1
6335,950,Diagnosis,workup,1
6336,950,Diagnosis,treatment,1
6337,951,Diagnosis,name,1
6338,951,Diagnosis,description,1
6339,951,Diagnosis,symptoms,1
6340,951,Diagnosis,workup,1
6341,951,Diagnosis,treatment,1
6342,952,Diagnosis,name,1
6343,952,Diagnosis,description,1
6344,952,Diagnosis,symptoms,1
6345,952,Diagnosis,workup,1
6346,952,Diagnosis,treatment,1
6347,953,Diagnosis,name,1
6348,953,Diagnosis,description,1
6349,953,Diagnosis,symptoms,1
6350,953,Diagnosis,workup,1
6351,953,Diagnosis,treatment,1
6352,954,Diagnosis,name,1
6353,954,Diagnosis,description,1
6354,954,Diagnosis,symptoms,1
6355,954,Diagnosis,workup,1
6356,954,Diagnosis,treatment,1
6357,955,Diagnosis,name,1
6358,955,Diagnosis,description,1
6359,955,Diagnosis,symptoms,1
6360,955,Diagnosis,workup,1
6361,955,Diagnosis,treatment,1
6362,956,Diagnosis,name,1
6363,956,Diagnosis,description,1
6364,956,Diagnosis,symptoms,1
6365,956,Diagnosis,workup,1
6366,956,Diagnosis,treatment,1
6367,957,Diagnosis,name,1
6368,957,Diagnosis,description,1
6369,957,Diagnosis,symptoms,1
6370,957,Diagnosis,workup,1
6371,957,Diagnosis,treatment,1
6372,958,Diagnosis,name,1
6373,958,Diagnosis,description,1
6374,958,Diagnosis,symptoms,1
6375,958,Diagnosis,workup,1
6376,958,Diagnosis,treatment,1
6377,960,Diagnosis,name,1
6378,960,Diagnosis,description,1
6379,960,Diagnosis,symptoms,1
6380,960,Diagnosis,workup,1
6381,960,Diagnosis,treatment,1
6382,961,Diagnosis,name,1
6383,961,Diagnosis,description,1
6384,961,Diagnosis,symptoms,1
6385,961,Diagnosis,workup,1
6386,961,Diagnosis,treatment,1
6387,962,Diagnosis,name,1
6388,962,Diagnosis,description,1
6389,962,Diagnosis,symptoms,1
6390,962,Diagnosis,workup,1
6391,962,Diagnosis,treatment,1
6392,963,Diagnosis,name,1
6393,963,Diagnosis,description,1
6394,963,Diagnosis,symptoms,1
6395,963,Diagnosis,workup,1
6396,963,Diagnosis,treatment,1
6397,964,Diagnosis,name,1
6398,964,Diagnosis,description,1
6399,964,Diagnosis,symptoms,1
6400,964,Diagnosis,workup,1
6401,964,Diagnosis,treatment,1
6402,965,Diagnosis,name,1
6403,965,Diagnosis,description,1
6404,965,Diagnosis,symptoms,1
6405,965,Diagnosis,workup,1
6406,965,Diagnosis,treatment,1
6407,966,Diagnosis,name,1
6408,966,Diagnosis,description,1
6409,966,Diagnosis,symptoms,1
6410,966,Diagnosis,workup,1
6411,966,Diagnosis,treatment,1
6412,967,Diagnosis,name,1
6413,967,Diagnosis,description,1
6414,967,Diagnosis,symptoms,1
6415,967,Diagnosis,workup,1
6416,967,Diagnosis,treatment,1
6417,968,Diagnosis,name,1
6418,968,Diagnosis,description,1
6419,968,Diagnosis,symptoms,1
6420,968,Diagnosis,workup,1
6421,968,Diagnosis,treatment,1
6422,969,Diagnosis,name,1
6423,969,Diagnosis,description,1
6424,969,Diagnosis,symptoms,1
6425,969,Diagnosis,workup,1
6426,969,Diagnosis,treatment,1
6427,971,Diagnosis,name,1
6428,971,Diagnosis,description,1
6429,971,Diagnosis,symptoms,1
6430,971,Diagnosis,workup,1
6431,971,Diagnosis,treatment,1
6432,972,Diagnosis,name,1
6433,972,Diagnosis,description,1
6434,972,Diagnosis,symptoms,1
6435,972,Diagnosis,workup,1
6436,972,Diagnosis,treatment,1
6437,973,Diagnosis,name,1
6438,973,Diagnosis,description,1
6439,973,Diagnosis,symptoms,1
6440,973,Diagnosis,workup,1
6441,973,Diagnosis,treatment,1
6442,974,Diagnosis,name,1
6443,974,Diagnosis,description,1
6444,974,Diagnosis,symptoms,1
6445,974,Diagnosis,workup,1
6446,974,Diagnosis,treatment,1
6447,975,Diagnosis,name,1
6448,975,Diagnosis,description,1
6449,975,Diagnosis,symptoms,1
6450,975,Diagnosis,workup,1
6451,975,Diagnosis,treatment,1
6452,977,Diagnosis,name,1
6453,977,Diagnosis,description,1
6454,977,Diagnosis,symptoms,1
6455,977,Diagnosis,workup,1
6456,977,Diagnosis,treatment,1
6457,978,Diagnosis,name,1
6458,978,Diagnosis,description,1
6459,978,Diagnosis,symptoms,1
6460,978,Diagnosis,workup,1
6461,978,Diagnosis,treatment,1
6462,979,Diagnosis,name,1
6463,979,Diagnosis,description,1
6464,979,Diagnosis,symptoms,1
6465,979,Diagnosis,workup,1
6466,979,Diagnosis,treatment,1
6467,980,Diagnosis,name,1
6468,980,Diagnosis,description,1
6469,980,Diagnosis,symptoms,1
6470,980,Diagnosis,workup,1
6471,980,Diagnosis,treatment,1
6472,981,Diagnosis,name,1
6473,981,Diagnosis,description,1
6474,981,Diagnosis,symptoms,1
6475,981,Diagnosis,workup,1
6476,981,Diagnosis,treatment,1
6477,982,Diagnosis,name,1
6478,982,Diagnosis,description,1
6479,982,Diagnosis,symptoms,1
6480,982,Diagnosis,workup,1
6481,982,Diagnosis,treatment,1
6482,983,Diagnosis,name,1
6483,983,Diagnosis,description,1
6484,983,Diagnosis,symptoms,1
6485,983,Diagnosis,workup,1
6486,983,Diagnosis,treatment,1
6487,984,Diagnosis,name,1
6488,984,Diagnosis,description,1
6489,984,Diagnosis,symptoms,1
6490,984,Diagnosis,workup,1
6491,984,Diagnosis,treatment,1
6492,985,Diagnosis,name,1
6493,985,Diagnosis,description,1
6494,985,Diagnosis,symptoms,1
6495,985,Diagnosis,workup,1
6496,985,Diagnosis,treatment,1
6497,986,Diagnosis,name,1
6498,986,Diagnosis,description,1
6499,986,Diagnosis,symptoms,1
6500,986,Diagnosis,workup,1
6501,986,Diagnosis,treatment,1
6502,987,Diagnosis,name,1
6503,987,Diagnosis,description,1
6504,987,Diagnosis,symptoms,1
6505,987,Diagnosis,workup,1
6506,987,Diagnosis,treatment,1
6507,988,Diagnosis,name,1
6508,988,Diagnosis,description,1
6509,988,Diagnosis,symptoms,1
6510,988,Diagnosis,workup,1
6511,988,Diagnosis,treatment,1
6512,989,Diagnosis,name,1
6513,989,Diagnosis,description,1
6514,989,Diagnosis,symptoms,1
6515,989,Diagnosis,workup,1
6516,989,Diagnosis,treatment,1
6517,990,Diagnosis,name,1
6518,990,Diagnosis,description,1
6519,990,Diagnosis,symptoms,1
6520,990,Diagnosis,workup,1
6521,990,Diagnosis,treatment,1
6522,991,Diagnosis,name,1
6523,991,Diagnosis,description,1
6524,991,Diagnosis,symptoms,1
6525,991,Diagnosis,workup,1
6526,991,Diagnosis,treatment,1
6527,992,Diagnosis,name,1
6528,992,Diagnosis,description,1
6529,992,Diagnosis,symptoms,1
6530,992,Diagnosis,workup,1
6531,992,Diagnosis,treatment,1
6532,993,Diagnosis,name,1
6533,993,Diagnosis,description,1
6534,993,Diagnosis,symptoms,1
6535,993,Diagnosis,workup,1
6536,993,Diagnosis,treatment,1
6537,994,Diagnosis,name,1
6538,994,Diagnosis,description,1
6539,994,Diagnosis,symptoms,1
6540,994,Diagnosis,workup,1
6541,994,Diagnosis,treatment,1
6542,995,Diagnosis,name,1
6543,995,Diagnosis,description,1
6544,995,Diagnosis,symptoms,1
6545,995,Diagnosis,workup,1
6546,995,Diagnosis,treatment,1
6547,997,Diagnosis,name,1
6548,997,Diagnosis,description,1
6549,997,Diagnosis,symptoms,1
6550,997,Diagnosis,workup,1
6551,997,Diagnosis,treatment,1
6552,998,Diagnosis,name,1
6553,998,Diagnosis,description,1
6554,998,Diagnosis,symptoms,1
6555,998,Diagnosis,workup,1
6556,998,Diagnosis,treatment,1
6557,999,Diagnosis,name,1
6558,999,Diagnosis,description,1
6559,999,Diagnosis,symptoms,1
6560,999,Diagnosis,workup,1
6561,999,Diagnosis,treatment,1
6562,1000,Diagnosis,name,1
6563,1000,Diagnosis,description,1
6564,1000,Diagnosis,symptoms,1
6565,1000,Diagnosis,workup,1
6566,1000,Diagnosis,treatment,1
6567,1001,Diagnosis,name,1
6568,1001,Diagnosis,description,1
6569,1001,Diagnosis,symptoms,1
6570,1001,Diagnosis,workup,1
6571,1001,Diagnosis,treatment,1
6572,1002,Diagnosis,name,1
6573,1002,Diagnosis,description,1
6574,1002,Diagnosis,symptoms,1
6575,1002,Diagnosis,workup,1
6576,1002,Diagnosis,treatment,1
6577,1003,Diagnosis,name,1
6578,1003,Diagnosis,description,1
6579,1003,Diagnosis,symptoms,1
6580,1003,Diagnosis,workup,1
6581,1003,Diagnosis,treatment,1
6582,1004,Diagnosis,name,1
6583,1004,Diagnosis,description,1
6584,1004,Diagnosis,symptoms,1
6585,1004,Diagnosis,workup,1
6586,1004,Diagnosis,treatment,1
6592,1006,Diagnosis,name,1
6593,1006,Diagnosis,description,1
6594,1006,Diagnosis,symptoms,1
6595,1006,Diagnosis,workup,1
6596,1006,Diagnosis,treatment,1
6597,1007,Diagnosis,name,1
6598,1007,Diagnosis,description,1
6599,1007,Diagnosis,symptoms,1
6600,1007,Diagnosis,workup,1
6601,1007,Diagnosis,treatment,1
6602,1008,Diagnosis,name,1
6603,1008,Diagnosis,description,1
6604,1008,Diagnosis,symptoms,1
6605,1008,Diagnosis,workup,1
6606,1008,Diagnosis,treatment,1
6607,1009,Diagnosis,name,1
6608,1009,Diagnosis,description,1
6609,1009,Diagnosis,symptoms,1
6610,1009,Diagnosis,workup,1
6611,1009,Diagnosis,treatment,1
6612,1010,Diagnosis,name,1
6613,1010,Diagnosis,description,1
6614,1010,Diagnosis,symptoms,1
6615,1010,Diagnosis,workup,1
6616,1010,Diagnosis,treatment,1
6617,1011,Diagnosis,name,1
6618,1011,Diagnosis,description,1
6619,1011,Diagnosis,symptoms,1
6620,1011,Diagnosis,workup,1
6621,1011,Diagnosis,treatment,1
6622,1012,Diagnosis,name,1
6623,1012,Diagnosis,description,1
6624,1012,Diagnosis,symptoms,1
6625,1012,Diagnosis,workup,1
6626,1012,Diagnosis,treatment,1
6627,1013,Diagnosis,name,1
6628,1013,Diagnosis,description,1
6629,1013,Diagnosis,symptoms,1
6630,1013,Diagnosis,workup,1
6631,1013,Diagnosis,treatment,1
6632,1014,Diagnosis,name,1
6633,1014,Diagnosis,description,1
6634,1014,Diagnosis,symptoms,1
6635,1014,Diagnosis,workup,1
6636,1014,Diagnosis,treatment,1
6637,1015,Diagnosis,name,1
6638,1015,Diagnosis,description,1
6639,1015,Diagnosis,symptoms,1
6640,1015,Diagnosis,workup,1
6641,1015,Diagnosis,treatment,1
6642,1016,Diagnosis,name,1
6643,1016,Diagnosis,description,1
6644,1016,Diagnosis,symptoms,1
6645,1016,Diagnosis,workup,1
6646,1016,Diagnosis,treatment,1
6647,1017,Diagnosis,name,1
6648,1017,Diagnosis,description,1
6649,1017,Diagnosis,symptoms,1
6650,1017,Diagnosis,workup,1
6651,1017,Diagnosis,treatment,1
6652,1018,Diagnosis,name,1
6653,1018,Diagnosis,description,1
6654,1018,Diagnosis,symptoms,1
6655,1018,Diagnosis,workup,1
6656,1018,Diagnosis,treatment,1
6657,1019,Diagnosis,name,1
6658,1019,Diagnosis,description,1
6659,1019,Diagnosis,symptoms,1
6660,1019,Diagnosis,workup,1
6661,1019,Diagnosis,treatment,1
6662,1020,Diagnosis,name,1
6663,1020,Diagnosis,description,1
6664,1020,Diagnosis,symptoms,1
6665,1020,Diagnosis,workup,1
6666,1020,Diagnosis,treatment,1
6667,1021,Diagnosis,name,1
6668,1021,Diagnosis,description,1
6669,1021,Diagnosis,symptoms,1
6670,1021,Diagnosis,workup,1
6671,1021,Diagnosis,treatment,1
6672,1022,Diagnosis,name,1
6673,1022,Diagnosis,description,1
6674,1022,Diagnosis,symptoms,1
6675,1022,Diagnosis,workup,1
6676,1022,Diagnosis,treatment,1
6677,1023,Diagnosis,name,1
6678,1023,Diagnosis,description,1
6679,1023,Diagnosis,symptoms,1
6680,1023,Diagnosis,workup,1
6681,1023,Diagnosis,treatment,1
6682,1024,Diagnosis,name,1
6683,1024,Diagnosis,description,1
6684,1024,Diagnosis,symptoms,1
6685,1024,Diagnosis,workup,1
6686,1024,Diagnosis,treatment,1
6687,1025,Diagnosis,name,1
6688,1025,Diagnosis,description,1
6689,1025,Diagnosis,symptoms,1
6690,1025,Diagnosis,workup,1
6691,1025,Diagnosis,treatment,1
6692,1026,Diagnosis,name,1
6693,1026,Diagnosis,description,1
6694,1026,Diagnosis,symptoms,1
6695,1026,Diagnosis,workup,1
6696,1026,Diagnosis,treatment,1
6697,1027,Diagnosis,name,1
6698,1027,Diagnosis,description,1
6699,1027,Diagnosis,symptoms,1
6700,1027,Diagnosis,workup,1
6701,1027,Diagnosis,treatment,1
6702,1028,Diagnosis,name,1
6703,1028,Diagnosis,description,1
6704,1028,Diagnosis,symptoms,1
6705,1028,Diagnosis,workup,1
6706,1028,Diagnosis,treatment,1
6707,1029,Diagnosis,name,1
6708,1029,Diagnosis,description,1
6709,1029,Diagnosis,symptoms,1
6710,1029,Diagnosis,workup,1
6711,1029,Diagnosis,treatment,1
6712,1030,Diagnosis,name,1
6713,1030,Diagnosis,description,1
6714,1030,Diagnosis,symptoms,1
6715,1030,Diagnosis,workup,1
6716,1030,Diagnosis,treatment,1
6717,1031,Diagnosis,name,1
6718,1031,Diagnosis,description,1
6719,1031,Diagnosis,symptoms,1
6720,1031,Diagnosis,workup,1
6721,1031,Diagnosis,treatment,1
6722,1032,Diagnosis,name,1
6723,1032,Diagnosis,description,1
6724,1032,Diagnosis,symptoms,1
6725,1032,Diagnosis,workup,1
6726,1032,Diagnosis,treatment,1
6727,1033,Diagnosis,name,1
6728,1033,Diagnosis,description,1
6729,1033,Diagnosis,symptoms,1
6730,1033,Diagnosis,workup,1
6731,1033,Diagnosis,treatment,1
6732,1034,Diagnosis,name,1
6733,1034,Diagnosis,description,1
6734,1034,Diagnosis,symptoms,1
6735,1034,Diagnosis,workup,1
6736,1034,Diagnosis,treatment,1
6737,1035,Diagnosis,name,1
6738,1035,Diagnosis,description,1
6739,1035,Diagnosis,symptoms,1
6740,1035,Diagnosis,workup,1
6741,1035,Diagnosis,treatment,1
6742,1036,Diagnosis,name,1
6743,1036,Diagnosis,description,1
6744,1036,Diagnosis,symptoms,1
6745,1036,Diagnosis,workup,1
6746,1036,Diagnosis,treatment,1
6747,1037,Diagnosis,name,1
6748,1037,Diagnosis,description,1
6749,1037,Diagnosis,symptoms,1
6750,1037,Diagnosis,workup,1
6751,1037,Diagnosis,treatment,1
6752,1038,Diagnosis,name,1
6753,1038,Diagnosis,description,1
6754,1038,Diagnosis,symptoms,1
6755,1038,Diagnosis,workup,1
6756,1038,Diagnosis,treatment,1
6757,1039,Diagnosis,name,1
6758,1039,Diagnosis,description,1
6759,1039,Diagnosis,symptoms,1
6760,1039,Diagnosis,workup,1
6761,1039,Diagnosis,treatment,1
6762,1040,Diagnosis,name,1
6763,1040,Diagnosis,description,1
6764,1040,Diagnosis,symptoms,1
6765,1040,Diagnosis,workup,1
6766,1040,Diagnosis,treatment,1
6767,1041,Diagnosis,name,1
6768,1041,Diagnosis,description,1
6769,1041,Diagnosis,symptoms,1
6770,1041,Diagnosis,workup,1
6771,1041,Diagnosis,treatment,1
6772,1042,Diagnosis,name,1
6773,1042,Diagnosis,description,1
6774,1042,Diagnosis,symptoms,1
6775,1042,Diagnosis,workup,1
6776,1042,Diagnosis,treatment,1
6777,1043,Diagnosis,name,1
6778,1043,Diagnosis,description,1
6779,1043,Diagnosis,symptoms,1
6780,1043,Diagnosis,workup,1
6781,1043,Diagnosis,treatment,1
6782,1044,Diagnosis,name,1
6783,1044,Diagnosis,description,1
6784,1044,Diagnosis,symptoms,1
6785,1044,Diagnosis,workup,1
6786,1044,Diagnosis,treatment,1
6787,1045,Diagnosis,name,1
6788,1045,Diagnosis,description,1
6789,1045,Diagnosis,symptoms,1
6790,1045,Diagnosis,workup,1
6791,1045,Diagnosis,treatment,1
6792,1046,Diagnosis,name,1
6793,1046,Diagnosis,description,1
6794,1046,Diagnosis,symptoms,1
6795,1046,Diagnosis,workup,1
6796,1046,Diagnosis,treatment,1
6797,1047,Diagnosis,name,1
6798,1047,Diagnosis,description,1
6799,1047,Diagnosis,symptoms,1
6800,1047,Diagnosis,workup,1
6801,1047,Diagnosis,treatment,1
6807,1049,Diagnosis,name,1
6808,1049,Diagnosis,description,1
6809,1049,Diagnosis,symptoms,1
6810,1049,Diagnosis,workup,1
6811,1049,Diagnosis,treatment,1
6812,1050,Diagnosis,name,1
6813,1050,Diagnosis,description,1
6814,1050,Diagnosis,symptoms,1
6815,1050,Diagnosis,workup,1
6816,1050,Diagnosis,treatment,1
6817,1051,Diagnosis,name,1
6818,1051,Diagnosis,description,1
6819,1051,Diagnosis,symptoms,1
6820,1051,Diagnosis,workup,1
6821,1051,Diagnosis,treatment,1
6822,1052,Diagnosis,name,1
6823,1052,Diagnosis,description,1
6824,1052,Diagnosis,symptoms,1
6825,1052,Diagnosis,workup,1
6826,1052,Diagnosis,treatment,1
6827,1053,Diagnosis,name,1
6828,1053,Diagnosis,description,1
6829,1053,Diagnosis,symptoms,1
6830,1053,Diagnosis,workup,1
6831,1053,Diagnosis,treatment,1
6832,1054,Diagnosis,name,1
6833,1054,Diagnosis,description,1
6834,1054,Diagnosis,symptoms,1
6835,1054,Diagnosis,workup,1
6836,1054,Diagnosis,treatment,1
6837,1055,Diagnosis,name,1
6838,1055,Diagnosis,description,1
6839,1055,Diagnosis,symptoms,1
6840,1055,Diagnosis,workup,1
6841,1055,Diagnosis,treatment,1
6842,1056,Diagnosis,name,1
6843,1056,Diagnosis,description,1
6844,1056,Diagnosis,symptoms,1
6845,1056,Diagnosis,workup,1
6846,1056,Diagnosis,treatment,1
6847,1057,Diagnosis,name,1
6848,1057,Diagnosis,description,1
6849,1057,Diagnosis,symptoms,1
6850,1057,Diagnosis,workup,1
6851,1057,Diagnosis,treatment,1
6852,1058,Diagnosis,name,1
6853,1058,Diagnosis,description,1
6854,1058,Diagnosis,symptoms,1
6855,1058,Diagnosis,workup,1
6856,1058,Diagnosis,treatment,1
6857,1059,Diagnosis,name,1
6858,1059,Diagnosis,description,1
6859,1059,Diagnosis,symptoms,1
6860,1059,Diagnosis,workup,1
6861,1059,Diagnosis,treatment,1
6862,1060,Diagnosis,name,1
6863,1060,Diagnosis,description,1
6864,1060,Diagnosis,symptoms,1
6865,1060,Diagnosis,workup,1
6866,1060,Diagnosis,treatment,1
6867,1061,Diagnosis,name,1
6868,1061,Diagnosis,description,1
6869,1061,Diagnosis,symptoms,1
6870,1061,Diagnosis,workup,1
6871,1061,Diagnosis,treatment,1
6872,1062,Diagnosis,name,1
6873,1062,Diagnosis,description,1
6874,1062,Diagnosis,symptoms,1
6875,1062,Diagnosis,workup,1
6876,1062,Diagnosis,treatment,1
6877,1063,Diagnosis,name,1
6878,1063,Diagnosis,description,1
6879,1063,Diagnosis,symptoms,1
6880,1063,Diagnosis,workup,1
6881,1063,Diagnosis,treatment,1
6882,1064,Diagnosis,name,1
6883,1064,Diagnosis,description,1
6884,1064,Diagnosis,symptoms,1
6885,1064,Diagnosis,workup,1
6886,1064,Diagnosis,treatment,1
6887,1065,Diagnosis,name,1
6888,1065,Diagnosis,description,1
6889,1065,Diagnosis,symptoms,1
6890,1065,Diagnosis,workup,1
6891,1065,Diagnosis,treatment,1
6892,1066,Diagnosis,name,1
6893,1066,Diagnosis,description,1
6894,1066,Diagnosis,symptoms,1
6895,1066,Diagnosis,workup,1
6896,1066,Diagnosis,treatment,1
6897,1067,Diagnosis,name,1
6898,1067,Diagnosis,description,1
6899,1067,Diagnosis,symptoms,1
6900,1067,Diagnosis,workup,1
6901,1067,Diagnosis,treatment,1
6902,1068,Diagnosis,name,1
6903,1068,Diagnosis,description,1
6904,1068,Diagnosis,symptoms,1
6905,1068,Diagnosis,workup,1
6906,1068,Diagnosis,treatment,1
6907,1069,Diagnosis,name,1
6908,1069,Diagnosis,description,1
6909,1069,Diagnosis,symptoms,1
6910,1069,Diagnosis,workup,1
6911,1069,Diagnosis,treatment,1
6912,1070,Diagnosis,name,1
6913,1070,Diagnosis,description,1
6914,1070,Diagnosis,symptoms,1
6915,1070,Diagnosis,workup,1
6916,1070,Diagnosis,treatment,1
6917,1071,Diagnosis,name,1
6918,1071,Diagnosis,description,1
6919,1071,Diagnosis,symptoms,1
6920,1071,Diagnosis,workup,1
6921,1071,Diagnosis,treatment,1
6922,1072,Diagnosis,name,1
6923,1072,Diagnosis,description,1
6924,1072,Diagnosis,symptoms,1
6925,1072,Diagnosis,workup,1
6926,1072,Diagnosis,treatment,1
6927,1073,Diagnosis,name,1
6928,1073,Diagnosis,description,1
6929,1073,Diagnosis,symptoms,1
6930,1073,Diagnosis,workup,1
6931,1073,Diagnosis,treatment,1
6932,1074,Diagnosis,name,1
6933,1074,Diagnosis,description,1
6934,1074,Diagnosis,symptoms,1
6935,1074,Diagnosis,workup,1
6936,1074,Diagnosis,treatment,1
6937,1075,Diagnosis,name,1
6938,1075,Diagnosis,description,1
6939,1075,Diagnosis,symptoms,1
6940,1075,Diagnosis,workup,1
6941,1075,Diagnosis,treatment,1
6942,1076,Diagnosis,name,1
6943,1076,Diagnosis,description,1
6944,1076,Diagnosis,symptoms,1
6945,1076,Diagnosis,workup,1
6946,1076,Diagnosis,treatment,1
6947,1077,Diagnosis,name,1
6948,1077,Diagnosis,description,1
6949,1077,Diagnosis,symptoms,1
6950,1077,Diagnosis,workup,1
6951,1077,Diagnosis,treatment,1
6952,1078,Diagnosis,name,1
6953,1078,Diagnosis,description,1
6954,1078,Diagnosis,symptoms,1
6955,1078,Diagnosis,workup,1
6956,1078,Diagnosis,treatment,1
6957,1079,Diagnosis,name,1
6958,1079,Diagnosis,description,1
6959,1079,Diagnosis,symptoms,1
6960,1079,Diagnosis,workup,1
6961,1079,Diagnosis,treatment,1
6962,1080,Diagnosis,name,1
6963,1080,Diagnosis,description,1
6964,1080,Diagnosis,symptoms,1
6965,1080,Diagnosis,workup,1
6966,1080,Diagnosis,treatment,1
6967,1081,Diagnosis,name,1
6968,1081,Diagnosis,description,1
6969,1081,Diagnosis,symptoms,1
6970,1081,Diagnosis,workup,1
6971,1081,Diagnosis,treatment,1
6972,1082,Diagnosis,name,1
6973,1082,Diagnosis,description,1
6974,1082,Diagnosis,symptoms,1
6975,1082,Diagnosis,workup,1
6976,1082,Diagnosis,treatment,1
6977,1083,Diagnosis,name,1
6978,1083,Diagnosis,description,1
6979,1083,Diagnosis,symptoms,1
6980,1083,Diagnosis,workup,1
6981,1083,Diagnosis,treatment,1
6982,1084,Diagnosis,name,1
6983,1084,Diagnosis,description,1
6984,1084,Diagnosis,symptoms,1
6985,1084,Diagnosis,workup,1
6986,1084,Diagnosis,treatment,1
6987,1090,Diagnosis,name,1
6988,1090,Diagnosis,description,1
6989,1090,Diagnosis,symptoms,1
6990,1090,Diagnosis,workup,1
6991,1090,Diagnosis,treatment,1
6992,1091,Diagnosis,name,1
6993,1091,Diagnosis,description,1
6994,1091,Diagnosis,symptoms,1
6995,1091,Diagnosis,workup,1
6996,1091,Diagnosis,treatment,1
6997,1092,Diagnosis,name,1
6998,1092,Diagnosis,description,1
6999,1092,Diagnosis,symptoms,1
7000,1092,Diagnosis,workup,1
7001,1092,Diagnosis,treatment,1
7002,1093,Diagnosis,name,1
7003,1093,Diagnosis,description,1
7004,1093,Diagnosis,symptoms,1
7005,1093,Diagnosis,workup,1
7006,1093,Diagnosis,treatment,1
7007,1094,Diagnosis,name,1
7008,1094,Diagnosis,description,1
7009,1094,Diagnosis,symptoms,1
7010,1094,Diagnosis,workup,1
7011,1094,Diagnosis,treatment,1
7012,1095,Diagnosis,name,1
7013,1095,Diagnosis,description,1
7014,1095,Diagnosis,symptoms,1
7015,1095,Diagnosis,workup,1
7016,1095,Diagnosis,treatment,1
7017,1096,Diagnosis,name,1
7018,1096,Diagnosis,description,1
7019,1096,Diagnosis,symptoms,1
7020,1096,Diagnosis,workup,1
7021,1096,Diagnosis,treatment,1
7022,1097,Diagnosis,name,1
7023,1097,Diagnosis,description,1
7024,1097,Diagnosis,symptoms,1
7025,1097,Diagnosis,workup,1
7026,1097,Diagnosis,treatment,1
7027,1098,Diagnosis,name,1
7028,1098,Diagnosis,description,1
7029,1098,Diagnosis,symptoms,1
7030,1098,Diagnosis,workup,1
7031,1098,Diagnosis,treatment,1
7032,1099,Diagnosis,name,1
7033,1099,Diagnosis,description,1
7034,1099,Diagnosis,symptoms,1
7035,1099,Diagnosis,workup,1
7036,1099,Diagnosis,treatment,1
7037,1100,Diagnosis,name,1
7038,1100,Diagnosis,description,1
7039,1100,Diagnosis,symptoms,1
7040,1100,Diagnosis,workup,1
7041,1100,Diagnosis,treatment,1
7042,1102,Diagnosis,name,1
7043,1102,Diagnosis,description,1
7044,1102,Diagnosis,symptoms,1
7045,1102,Diagnosis,workup,1
7046,1102,Diagnosis,treatment,1
7047,1103,Diagnosis,name,1
7048,1103,Diagnosis,description,1
7049,1103,Diagnosis,symptoms,1
7050,1103,Diagnosis,workup,1
7051,1103,Diagnosis,treatment,1
7052,1106,Diagnosis,name,1
7053,1106,Diagnosis,description,1
7054,1106,Diagnosis,symptoms,1
7055,1106,Diagnosis,workup,1
7056,1106,Diagnosis,treatment,1
7057,1108,Diagnosis,name,1
7058,1108,Diagnosis,description,1
7059,1108,Diagnosis,symptoms,1
7060,1108,Diagnosis,workup,1
7061,1108,Diagnosis,treatment,1
7062,1111,Diagnosis,name,1
7063,1111,Diagnosis,description,1
7064,1111,Diagnosis,symptoms,1
7065,1111,Diagnosis,workup,1
7066,1111,Diagnosis,treatment,1
7067,1112,Diagnosis,name,1
7068,1112,Diagnosis,description,1
7069,1112,Diagnosis,symptoms,1
7070,1112,Diagnosis,workup,1
7071,1112,Diagnosis,treatment,1
7072,1113,Diagnosis,name,1
7073,1113,Diagnosis,description,1
7074,1113,Diagnosis,symptoms,1
7075,1113,Diagnosis,workup,1
7076,1113,Diagnosis,treatment,1
7077,1114,Diagnosis,name,1
7078,1114,Diagnosis,description,1
7079,1114,Diagnosis,symptoms,1
7080,1114,Diagnosis,workup,1
7081,1114,Diagnosis,treatment,1
7082,1115,Diagnosis,name,1
7083,1115,Diagnosis,description,1
7084,1115,Diagnosis,symptoms,1
7085,1115,Diagnosis,workup,1
7086,1115,Diagnosis,treatment,1
7087,1116,Diagnosis,name,1
7088,1116,Diagnosis,description,1
7089,1116,Diagnosis,symptoms,1
7090,1116,Diagnosis,workup,1
7091,1116,Diagnosis,treatment,1
7092,1118,Diagnosis,name,1
7093,1118,Diagnosis,description,1
7094,1118,Diagnosis,symptoms,1
7095,1118,Diagnosis,workup,1
7096,1118,Diagnosis,treatment,1
7097,1119,Diagnosis,name,1
7098,1119,Diagnosis,description,1
7099,1119,Diagnosis,symptoms,1
7100,1119,Diagnosis,workup,1
7101,1119,Diagnosis,treatment,1
7102,1121,Diagnosis,name,1
7103,1121,Diagnosis,description,1
7104,1121,Diagnosis,symptoms,1
7105,1121,Diagnosis,workup,1
7106,1121,Diagnosis,treatment,1
7107,1124,Diagnosis,name,1
7108,1124,Diagnosis,description,1
7109,1124,Diagnosis,symptoms,1
7110,1124,Diagnosis,workup,1
7111,1124,Diagnosis,treatment,1
7112,1125,Diagnosis,name,1
7113,1125,Diagnosis,description,1
7114,1125,Diagnosis,symptoms,1
7115,1125,Diagnosis,workup,1
7116,1125,Diagnosis,treatment,1
7117,1126,Diagnosis,name,1
7118,1126,Diagnosis,description,1
7119,1126,Diagnosis,symptoms,1
7120,1126,Diagnosis,workup,1
7121,1126,Diagnosis,treatment,1
7122,1127,Diagnosis,name,1
7123,1127,Diagnosis,description,1
7124,1127,Diagnosis,symptoms,1
7125,1127,Diagnosis,workup,1
7126,1127,Diagnosis,treatment,1
7127,1128,Diagnosis,name,1
7128,1128,Diagnosis,description,1
7129,1128,Diagnosis,symptoms,1
7130,1128,Diagnosis,workup,1
7131,1128,Diagnosis,treatment,1
7132,1129,Diagnosis,name,1
7133,1129,Diagnosis,description,1
7134,1129,Diagnosis,symptoms,1
7135,1129,Diagnosis,workup,1
7136,1129,Diagnosis,treatment,1
7137,1130,Diagnosis,name,1
7138,1130,Diagnosis,description,1
7139,1130,Diagnosis,symptoms,1
7140,1130,Diagnosis,workup,1
7141,1130,Diagnosis,treatment,1
7142,1131,Diagnosis,name,1
7143,1131,Diagnosis,description,1
7144,1131,Diagnosis,symptoms,1
7145,1131,Diagnosis,workup,1
7146,1131,Diagnosis,treatment,1
7147,1132,Diagnosis,name,1
7148,1132,Diagnosis,description,1
7149,1132,Diagnosis,symptoms,1
7150,1132,Diagnosis,workup,1
7151,1132,Diagnosis,treatment,1
7152,1133,Diagnosis,name,1
7153,1133,Diagnosis,description,1
7154,1133,Diagnosis,symptoms,1
7155,1133,Diagnosis,workup,1
7156,1133,Diagnosis,treatment,1
7157,1134,Diagnosis,name,1
7158,1134,Diagnosis,description,1
7159,1134,Diagnosis,symptoms,1
7160,1134,Diagnosis,workup,1
7161,1134,Diagnosis,treatment,1
7162,1135,Diagnosis,name,1
7163,1135,Diagnosis,description,1
7164,1135,Diagnosis,symptoms,1
7165,1135,Diagnosis,workup,1
7166,1135,Diagnosis,treatment,1
7167,1136,Diagnosis,name,1
7168,1136,Diagnosis,description,1
7169,1136,Diagnosis,symptoms,1
7170,1136,Diagnosis,workup,1
7171,1136,Diagnosis,treatment,1
7172,1137,Diagnosis,name,1
7173,1137,Diagnosis,description,1
7174,1137,Diagnosis,symptoms,1
7175,1137,Diagnosis,workup,1
7176,1137,Diagnosis,treatment,1
7177,1138,Diagnosis,name,1
7178,1138,Diagnosis,description,1
7179,1138,Diagnosis,symptoms,1
7180,1138,Diagnosis,workup,1
7181,1138,Diagnosis,treatment,1
7182,1139,Diagnosis,name,1
7183,1139,Diagnosis,description,1
7184,1139,Diagnosis,symptoms,1
7185,1139,Diagnosis,workup,1
7186,1139,Diagnosis,treatment,1
7187,1140,Diagnosis,name,1
7188,1140,Diagnosis,description,1
7189,1140,Diagnosis,symptoms,1
7190,1140,Diagnosis,workup,1
7191,1140,Diagnosis,treatment,1
7192,1141,Diagnosis,name,1
7193,1141,Diagnosis,description,1
7194,1141,Diagnosis,symptoms,1
7195,1141,Diagnosis,workup,1
7196,1141,Diagnosis,treatment,1
7197,1142,Diagnosis,name,1
7198,1142,Diagnosis,description,1
7199,1142,Diagnosis,symptoms,1
7200,1142,Diagnosis,workup,1
7201,1142,Diagnosis,treatment,1
7202,1143,Diagnosis,name,1
7203,1143,Diagnosis,description,1
7204,1143,Diagnosis,symptoms,1
7205,1143,Diagnosis,workup,1
7206,1143,Diagnosis,treatment,1
7207,1144,Diagnosis,name,1
7208,1144,Diagnosis,description,1
7209,1144,Diagnosis,symptoms,1
7210,1144,Diagnosis,workup,1
7211,1144,Diagnosis,treatment,1
7212,1145,Diagnosis,name,1
7213,1145,Diagnosis,description,1
7214,1145,Diagnosis,symptoms,1
7215,1145,Diagnosis,workup,1
7216,1145,Diagnosis,treatment,1
7217,1146,Diagnosis,name,1
7218,1146,Diagnosis,description,1
7219,1146,Diagnosis,symptoms,1
7220,1146,Diagnosis,workup,1
7221,1146,Diagnosis,treatment,1
7222,1155,Diagnosis,name,1
7223,1155,Diagnosis,workup,1
7224,1155,Diagnosis,description,1
7225,1155,Diagnosis,symptoms,1
7226,1155,Diagnosis,treatment,1
7228,581,Procedure,name,1
7230,581,Procedure,description,1
7232,581,Procedure,common_complications,1
7234,582,Procedure,name,1
7236,582,Procedure,description,1
7238,582,Procedure,common_complications,1
7240,583,Procedure,name,1
7242,583,Procedure,description,1
7244,583,Procedure,common_complications,1
7246,584,Procedure,name,1
7248,584,Procedure,description,1
7250,584,Procedure,common_complications,1
7252,585,Procedure,name,1
7254,585,Procedure,description,1
7256,585,Procedure,common_complications,1
7258,586,Procedure,name,1
7260,586,Procedure,description,1
7262,586,Procedure,common_complications,1
7264,587,Procedure,name,1
7266,587,Procedure,description,1
7268,587,Procedure,common_complications,1
7270,588,Procedure,name,1
7272,588,Procedure,description,1
7274,588,Procedure,common_complications,1
7276,589,Procedure,name,1
7278,589,Procedure,description,1
7280,589,Procedure,common_complications,1
7282,590,Procedure,name,1
7284,590,Procedure,description,1
7286,590,Procedure,common_complications,1
7288,591,Procedure,name,1
7290,591,Procedure,description,1
7292,591,Procedure,common_complications,1
7294,592,Procedure,name,1
7296,592,Procedure,description,1
7298,592,Procedure,common_complications,1
7300,593,Procedure,name,1
7302,593,Procedure,description,1
7304,593,Procedure,common_complications,1
7306,594,Procedure,name,1
7308,594,Procedure,description,1
7310,594,Procedure,common_complications,1
7312,595,Procedure,name,1
7314,595,Procedure,description,1
7316,595,Procedure,common_complications,1
7318,596,Procedure,name,1
7320,596,Procedure,description,1
7322,596,Procedure,common_complications,1
7324,597,Procedure,name,1
7326,597,Procedure,description,1
7328,597,Procedure,common_complications,1
7330,598,Procedure,name,1
7332,598,Procedure,description,1
7334,598,Procedure,common_complications,1
7336,599,Procedure,name,1
7338,599,Procedure,description,1
7340,599,Procedure,common_complications,1
7342,600,Procedure,name,1
7344,600,Procedure,description,1
7346,600,Procedure,common_complications,1
7348,601,Procedure,name,1
7350,601,Procedure,description,1
7352,601,Procedure,common_complications,1
7354,603,Procedure,name,1
7356,603,Procedure,description,1
7358,603,Procedure,common_complications,1
7360,605,Procedure,name,1
7362,605,Procedure,description,1
7364,605,Procedure,common_complications,1
7366,607,Procedure,name,1
7368,607,Procedure,description,1
7370,607,Procedure,common_complications,1
7372,609,Procedure,name,1
7374,609,Procedure,description,1
7376,609,Procedure,common_complications,1
7378,611,Procedure,name,1
7380,611,Procedure,description,1
7382,611,Procedure,common_complications,1
7384,613,Procedure,name,1
7386,613,Procedure,description,1
7388,613,Procedure,common_complications,1
7390,617,Procedure,name,1
7392,617,Procedure,description,1
7394,617,Procedure,common_complications,1
7396,619,Procedure,name,1
7398,619,Procedure,description,1
7400,619,Procedure,common_complications,1
7402,621,Procedure,name,1
7404,621,Procedure,description,1
7406,621,Procedure,common_complications,1
7408,623,Procedure,name,1
7410,623,Procedure,description,1
7412,623,Procedure,common_complications,1
7414,625,Procedure,name,1
7416,625,Procedure,description,1
7418,625,Procedure,common_complications,1
7420,627,Procedure,name,1
7422,627,Procedure,description,1
7424,627,Procedure,common_complications,1
7426,629,Procedure,name,1
7428,629,Procedure,description,1
7430,629,Procedure,common_complications,1
7432,631,Procedure,name,1
7434,631,Procedure,description,1
7436,631,Procedure,common_complications,1
7438,633,Procedure,name,1
7440,633,Procedure,description,1
7442,633,Procedure,common_complications,1
7444,635,Procedure,name,1
7446,635,Procedure,description,1
7448,635,Procedure,common_complications,1
7450,639,Procedure,name,1
7452,639,Procedure,description,1
7454,639,Procedure,common_complications,1
7456,641,Procedure,name,1
7458,641,Procedure,description,1
7460,641,Procedure,common_complications,1
7462,643,Procedure,name,1
7464,643,Procedure,description,1
7466,643,Procedure,common_complications,1
7468,645,Procedure,name,1
7470,645,Procedure,description,1
7472,645,Procedure,common_complications,1
7474,649,Procedure,name,1
7476,649,Procedure,description,1
7478,649,Procedure,common_complications,1
7480,651,Procedure,name,1
7482,651,Procedure,description,1
7484,651,Procedure,common_complications,1
7486,652,Procedure,name,1
7488,652,Procedure,description,1
7490,652,Procedure,common_complications,1
7492,654,Procedure,name,1
7494,654,Procedure,description,1
7496,654,Procedure,common_complications,1
7498,656,Procedure,name,1
7500,656,Procedure,description,1
7502,656,Procedure,common_complications,1
7504,658,Procedure,name,1
7506,658,Procedure,description,1
7508,658,Procedure,common_complications,1
7510,1202,Diagnosis,description,1
7512,1202,Diagnosis,symptoms,1
7514,1202,Diagnosis,workup,1
7516,1202,Diagnosis,treatment,1
7518,1203,Diagnosis,description,1
7520,1203,Diagnosis,symptoms,1
7522,1203,Diagnosis,workup,1
7524,1203,Diagnosis,treatment,1
7526,1548,Diagnosis,description,1
7528,1548,Diagnosis,symptoms,1
7530,1548,Diagnosis,workup,1
7532,1548,Diagnosis,treatment,1
7534,1546,Diagnosis,description,1
7536,1546,Diagnosis,symptoms,1
7538,1546,Diagnosis,workup,1
7540,1546,Diagnosis,treatment,1
7542,1544,Diagnosis,description,1
7544,1544,Diagnosis,symptoms,1
7546,1544,Diagnosis,workup,1
7548,1544,Diagnosis,treatment,1
7550,1542,Diagnosis,description,1
7552,1542,Diagnosis,symptoms,1
7554,1542,Diagnosis,workup,1
7556,1542,Diagnosis,treatment,1
7558,1540,Diagnosis,description,1
7560,1540,Diagnosis,symptoms,1
7562,1540,Diagnosis,workup,1
7564,1540,Diagnosis,treatment,1
7566,1539,Diagnosis,description,1
7568,1539,Diagnosis,symptoms,1
7570,1539,Diagnosis,workup,1
7572,1539,Diagnosis,treatment,1
7574,1537,Diagnosis,description,1
7576,1537,Diagnosis,symptoms,1
7578,1537,Diagnosis,workup,1
7580,1537,Diagnosis,treatment,1
7582,1535,Diagnosis,description,1
7584,1535,Diagnosis,symptoms,1
7586,1535,Diagnosis,workup,1
7588,1535,Diagnosis,treatment,1
7590,1533,Diagnosis,description,1
7592,1533,Diagnosis,symptoms,1
7594,1533,Diagnosis,workup,1
7596,1533,Diagnosis,treatment,1
7598,1531,Diagnosis,description,1
7600,1531,Diagnosis,symptoms,1
7602,1531,Diagnosis,workup,1
7604,1531,Diagnosis,treatment,1
7606,1529,Diagnosis,description,1
7608,1529,Diagnosis,symptoms,1
7610,1529,Diagnosis,workup,1
7612,1529,Diagnosis,treatment,1
7614,1527,Diagnosis,description,1
7616,1527,Diagnosis,symptoms,1
7618,1527,Diagnosis,workup,1
7620,1527,Diagnosis,treatment,1
7622,1525,Diagnosis,description,1
7624,1525,Diagnosis,symptoms,1
7626,1525,Diagnosis,workup,1
7628,1525,Diagnosis,treatment,1
7630,1204,Diagnosis,description,1
7632,1204,Diagnosis,symptoms,1
7634,1204,Diagnosis,workup,1
7636,1204,Diagnosis,treatment,1
7638,1205,Diagnosis,description,1
7640,1205,Diagnosis,symptoms,1
7642,1205,Diagnosis,workup,1
7644,1205,Diagnosis,treatment,1
7646,1523,Diagnosis,description,1
7648,1523,Diagnosis,symptoms,1
7650,1523,Diagnosis,workup,1
7652,1523,Diagnosis,treatment,1
7654,1206,Diagnosis,description,1
7656,1206,Diagnosis,symptoms,1
7658,1206,Diagnosis,workup,1
7660,1206,Diagnosis,treatment,1
7662,1207,Diagnosis,description,1
7664,1207,Diagnosis,symptoms,1
7666,1207,Diagnosis,workup,1
7668,1207,Diagnosis,treatment,1
7670,1521,Diagnosis,description,1
7672,1521,Diagnosis,symptoms,1
7674,1521,Diagnosis,workup,1
7676,1521,Diagnosis,treatment,1
7678,1208,Diagnosis,description,1
7680,1208,Diagnosis,symptoms,1
7682,1208,Diagnosis,workup,1
7684,1208,Diagnosis,treatment,1
7686,1209,Diagnosis,description,1
7688,1209,Diagnosis,symptoms,1
7690,1209,Diagnosis,workup,1
7692,1209,Diagnosis,treatment,1
7694,1210,Diagnosis,description,1
7696,1210,Diagnosis,symptoms,1
7698,1210,Diagnosis,workup,1
7700,1210,Diagnosis,treatment,1
7702,1211,Diagnosis,description,1
7704,1211,Diagnosis,symptoms,1
7706,1211,Diagnosis,workup,1
7708,1211,Diagnosis,treatment,1
7710,1212,Diagnosis,description,1
7712,1212,Diagnosis,symptoms,1
7714,1212,Diagnosis,workup,1
7716,1212,Diagnosis,treatment,1
7718,1519,Diagnosis,description,1
7720,1519,Diagnosis,symptoms,1
7722,1519,Diagnosis,workup,1
7724,1519,Diagnosis,treatment,1
7726,1213,Diagnosis,description,1
7728,1213,Diagnosis,symptoms,1
7730,1213,Diagnosis,workup,1
7732,1213,Diagnosis,treatment,1
7734,1214,Diagnosis,description,1
7736,1214,Diagnosis,symptoms,1
7738,1214,Diagnosis,workup,1
7740,1214,Diagnosis,treatment,1
7742,1517,Diagnosis,description,1
7744,1517,Diagnosis,symptoms,1
7746,1517,Diagnosis,workup,1
7748,1517,Diagnosis,treatment,1
7750,1215,Diagnosis,description,1
7752,1215,Diagnosis,symptoms,1
7754,1215,Diagnosis,workup,1
7756,1215,Diagnosis,treatment,1
7758,1216,Diagnosis,description,1
7760,1216,Diagnosis,symptoms,1
7762,1216,Diagnosis,workup,1
7764,1216,Diagnosis,treatment,1
7766,1515,Diagnosis,description,1
7768,1515,Diagnosis,symptoms,1
7770,1515,Diagnosis,workup,1
7772,1515,Diagnosis,treatment,1
7774,1217,Diagnosis,name,1
7776,1217,Diagnosis,description,1
7778,1217,Diagnosis,symptoms,1
7780,1217,Diagnosis,workup,1
7782,1217,Diagnosis,treatment,1
7784,1513,Diagnosis,description,1
7786,1513,Diagnosis,symptoms,1
7788,1513,Diagnosis,workup,1
7790,1513,Diagnosis,treatment,1
7792,1218,Diagnosis,name,1
7794,1218,Diagnosis,description,1
7796,1218,Diagnosis,symptoms,1
7798,1218,Diagnosis,workup,1
7800,1218,Diagnosis,treatment,1
7802,1511,Diagnosis,description,1
7804,1511,Diagnosis,symptoms,1
7806,1511,Diagnosis,workup,1
7808,1511,Diagnosis,treatment,1
7810,1219,Diagnosis,name,1
7812,1219,Diagnosis,description,1
7814,1219,Diagnosis,symptoms,1
7816,1219,Diagnosis,workup,1
7818,1219,Diagnosis,treatment,1
7820,1511,Diagnosis,name,1
7822,1220,Diagnosis,name,1
7824,1220,Diagnosis,description,1
7826,1220,Diagnosis,symptoms,1
7828,1220,Diagnosis,workup,1
7830,1220,Diagnosis,treatment,1
7832,1509,Diagnosis,name,1
7834,1509,Diagnosis,description,1
7836,1509,Diagnosis,symptoms,1
7838,1509,Diagnosis,workup,1
7840,1509,Diagnosis,treatment,1
7842,1221,Diagnosis,name,1
7844,1221,Diagnosis,description,1
7846,1221,Diagnosis,symptoms,1
7848,1221,Diagnosis,workup,1
7850,1221,Diagnosis,treatment,1
7852,1222,Diagnosis,name,1
7854,1222,Diagnosis,description,1
7856,1222,Diagnosis,symptoms,1
7858,1222,Diagnosis,workup,1
7860,1222,Diagnosis,treatment,1
7862,1507,Diagnosis,name,1
7864,1507,Diagnosis,description,1
7866,1507,Diagnosis,symptoms,1
7868,1507,Diagnosis,workup,1
7870,1507,Diagnosis,treatment,1
7872,1223,Diagnosis,name,1
7874,1223,Diagnosis,description,1
7876,1223,Diagnosis,symptoms,1
7878,1223,Diagnosis,workup,1
7880,1223,Diagnosis,treatment,1
7882,1505,Diagnosis,name,1
7884,1505,Diagnosis,description,1
7886,1505,Diagnosis,symptoms,1
7888,1505,Diagnosis,workup,1
7890,1505,Diagnosis,treatment,1
7892,1224,Diagnosis,name,1
7894,1224,Diagnosis,description,1
7896,1224,Diagnosis,symptoms,1
7898,1224,Diagnosis,workup,1
7900,1224,Diagnosis,treatment,1
7902,1225,Diagnosis,name,1
7904,1225,Diagnosis,description,1
7906,1225,Diagnosis,symptoms,1
7908,1225,Diagnosis,workup,1
7910,1225,Diagnosis,treatment,1
7912,1503,Diagnosis,name,1
7914,1503,Diagnosis,description,1
7916,1503,Diagnosis,symptoms,1
7918,1503,Diagnosis,workup,1
7920,1503,Diagnosis,treatment,1
7922,1226,Diagnosis,name,1
7924,1226,Diagnosis,description,1
7926,1226,Diagnosis,symptoms,1
7928,1226,Diagnosis,workup,1
7930,1226,Diagnosis,treatment,1
7932,1227,Diagnosis,name,1
7934,1227,Diagnosis,description,1
7936,1227,Diagnosis,symptoms,1
7938,1227,Diagnosis,workup,1
7940,1227,Diagnosis,treatment,1
7942,1501,Diagnosis,name,1
7944,1501,Diagnosis,description,1
7946,1501,Diagnosis,symptoms,1
7948,1501,Diagnosis,workup,1
7950,1501,Diagnosis,treatment,1
7952,1228,Diagnosis,description,1
7954,1228,Diagnosis,symptoms,1
7956,1228,Diagnosis,workup,1
7958,1228,Diagnosis,treatment,1
7960,1229,Diagnosis,name,1
7962,1229,Diagnosis,description,1
7964,1229,Diagnosis,symptoms,1
7966,1229,Diagnosis,workup,1
7968,1229,Diagnosis,treatment,1
7970,1230,Diagnosis,name,1
7972,1230,Diagnosis,description,1
7974,1230,Diagnosis,symptoms,1
7976,1230,Diagnosis,workup,1
7978,1230,Diagnosis,treatment,1
7980,1499,Diagnosis,name,1
7982,1499,Diagnosis,description,1
7984,1499,Diagnosis,symptoms,1
7986,1499,Diagnosis,workup,1
7988,1499,Diagnosis,treatment,1
7990,1231,Diagnosis,name,1
7992,1231,Diagnosis,description,1
7994,1231,Diagnosis,symptoms,1
7996,1231,Diagnosis,workup,1
7998,1231,Diagnosis,treatment,1
8000,1232,Diagnosis,name,1
8002,1232,Diagnosis,description,1
8004,1232,Diagnosis,symptoms,1
8006,1232,Diagnosis,workup,1
8008,1232,Diagnosis,treatment,1
8010,1497,Diagnosis,name,1
8012,1497,Diagnosis,description,1
8014,1497,Diagnosis,symptoms,1
8016,1497,Diagnosis,workup,1
8018,1497,Diagnosis,treatment,1
8020,1233,Diagnosis,name,1
8022,1233,Diagnosis,description,1
8024,1233,Diagnosis,symptoms,1
8026,1233,Diagnosis,workup,1
8028,1233,Diagnosis,treatment,1
8030,1234,Diagnosis,name,1
8032,1234,Diagnosis,description,1
8034,1234,Diagnosis,symptoms,1
8036,1234,Diagnosis,workup,1
8038,1234,Diagnosis,treatment,1
8040,1495,Diagnosis,name,1
8042,1495,Diagnosis,description,1
8044,1495,Diagnosis,symptoms,1
8046,1495,Diagnosis,workup,1
8048,1495,Diagnosis,treatment,1
8050,1235,Diagnosis,name,1
8052,1235,Diagnosis,description,1
8054,1235,Diagnosis,symptoms,1
8056,1235,Diagnosis,workup,1
8058,1235,Diagnosis,treatment,1
8060,1493,Diagnosis,name,1
8062,1493,Diagnosis,description,1
8064,1493,Diagnosis,symptoms,1
8066,1493,Diagnosis,workup,1
8068,1493,Diagnosis,treatment,1
8070,1237,Diagnosis,name,1
8072,1237,Diagnosis,description,1
8074,1237,Diagnosis,symptoms,1
8076,1237,Diagnosis,workup,1
8078,1237,Diagnosis,treatment,1
8090,1239,Diagnosis,name,1
8092,1239,Diagnosis,description,1
8094,1239,Diagnosis,symptoms,1
8096,1239,Diagnosis,workup,1
8098,1239,Diagnosis,treatment,1
8100,1240,Diagnosis,name,1
8102,1240,Diagnosis,description,1
8104,1240,Diagnosis,symptoms,1
8106,1240,Diagnosis,workup,1
8108,1240,Diagnosis,treatment,1
8110,1241,Diagnosis,name,1
8112,1241,Diagnosis,description,1
8114,1241,Diagnosis,symptoms,1
8116,1241,Diagnosis,workup,1
8118,1241,Diagnosis,treatment,1
8120,1243,Diagnosis,name,1
8122,1243,Diagnosis,description,1
8124,1243,Diagnosis,symptoms,1
8126,1243,Diagnosis,workup,1
8128,1243,Diagnosis,treatment,1
8130,1489,Diagnosis,name,1
8132,1489,Diagnosis,description,1
8134,1489,Diagnosis,symptoms,1
8136,1489,Diagnosis,workup,1
8138,1489,Diagnosis,treatment,1
8140,1487,Diagnosis,name,1
8142,1487,Diagnosis,description,1
8144,1487,Diagnosis,symptoms,1
8146,1487,Diagnosis,workup,1
8148,1487,Diagnosis,treatment,1
8150,1483,Diagnosis,name,1
8152,1483,Diagnosis,description,1
8154,1483,Diagnosis,symptoms,1
8156,1483,Diagnosis,workup,1
8158,1483,Diagnosis,treatment,1
8160,1479,Diagnosis,name,1
8162,1479,Diagnosis,description,1
8164,1479,Diagnosis,symptoms,1
8166,1479,Diagnosis,workup,1
8168,1479,Diagnosis,treatment,1
8170,1245,Diagnosis,name,1
8172,1245,Diagnosis,description,1
8174,1245,Diagnosis,symptoms,1
8176,1245,Diagnosis,workup,1
8178,1245,Diagnosis,treatment,1
8180,1475,Diagnosis,name,1
8182,1475,Diagnosis,description,1
8184,1475,Diagnosis,symptoms,1
8186,1475,Diagnosis,workup,1
8188,1475,Diagnosis,treatment,1
8190,1247,Diagnosis,name,1
8192,1247,Diagnosis,description,1
8194,1247,Diagnosis,symptoms,1
8196,1247,Diagnosis,workup,1
8198,1247,Diagnosis,treatment,1
8200,1249,Diagnosis,name,1
8202,1249,Diagnosis,description,1
8204,1249,Diagnosis,symptoms,1
8206,1249,Diagnosis,workup,1
8208,1249,Diagnosis,treatment,1
8210,1473,Diagnosis,name,1
8212,1473,Diagnosis,description,1
8214,1473,Diagnosis,symptoms,1
8216,1473,Diagnosis,workup,1
8218,1473,Diagnosis,treatment,1
8220,1251,Diagnosis,name,1
8222,1251,Diagnosis,description,1
8224,1251,Diagnosis,symptoms,1
8226,1251,Diagnosis,workup,1
8228,1251,Diagnosis,treatment,1
8230,1253,Diagnosis,name,1
8232,1253,Diagnosis,description,1
8234,1253,Diagnosis,symptoms,1
8236,1253,Diagnosis,workup,1
8238,1253,Diagnosis,treatment,1
8240,1255,Diagnosis,name,1
8242,1255,Diagnosis,description,1
8244,1255,Diagnosis,symptoms,1
8246,1255,Diagnosis,workup,1
8248,1255,Diagnosis,treatment,1
8250,1471,Diagnosis,name,1
8252,1471,Diagnosis,description,1
8254,1471,Diagnosis,symptoms,1
8256,1471,Diagnosis,workup,1
8258,1471,Diagnosis,treatment,1
8260,1257,Diagnosis,name,1
8262,1257,Diagnosis,description,1
8264,1257,Diagnosis,symptoms,1
8266,1257,Diagnosis,workup,1
8268,1257,Diagnosis,treatment,1
8270,1469,Diagnosis,name,1
8272,1469,Diagnosis,description,1
8274,1469,Diagnosis,symptoms,1
8276,1469,Diagnosis,workup,1
8278,1469,Diagnosis,treatment,1
8280,1259,Diagnosis,description,1
8282,1259,Diagnosis,symptoms,1
8284,1259,Diagnosis,workup,1
8286,1259,Diagnosis,treatment,1
8288,1261,Diagnosis,name,1
8290,1261,Diagnosis,description,1
8292,1261,Diagnosis,symptoms,1
8294,1261,Diagnosis,workup,1
8296,1261,Diagnosis,treatment,1
8298,1467,Diagnosis,name,1
8300,1467,Diagnosis,description,1
8302,1467,Diagnosis,symptoms,1
8304,1467,Diagnosis,workup,1
8306,1467,Diagnosis,treatment,1
8308,1263,Diagnosis,name,1
8310,1263,Diagnosis,description,1
8312,1263,Diagnosis,symptoms,1
8314,1263,Diagnosis,workup,1
8316,1263,Diagnosis,treatment,1
8318,1465,Diagnosis,name,1
8320,1465,Diagnosis,description,1
8322,1465,Diagnosis,symptoms,1
8324,1465,Diagnosis,workup,1
8326,1465,Diagnosis,treatment,1
8328,1265,Diagnosis,name,1
8330,1265,Diagnosis,description,1
8332,1265,Diagnosis,symptoms,1
8334,1265,Diagnosis,workup,1
8336,1265,Diagnosis,treatment,1
8338,1463,Diagnosis,name,1
8340,1463,Diagnosis,description,1
8342,1463,Diagnosis,symptoms,1
8344,1463,Diagnosis,workup,1
8346,1463,Diagnosis,treatment,1
8348,1461,Diagnosis,name,1
8350,1461,Diagnosis,description,1
8352,1461,Diagnosis,symptoms,1
8354,1461,Diagnosis,workup,1
8356,1461,Diagnosis,treatment,1
8358,1457,Diagnosis,name,1
8360,1457,Diagnosis,description,1
8362,1457,Diagnosis,symptoms,1
8364,1457,Diagnosis,workup,1
8366,1457,Diagnosis,treatment,1
8368,1455,Diagnosis,name,1
8370,1455,Diagnosis,description,1
8372,1455,Diagnosis,symptoms,1
8374,1455,Diagnosis,workup,1
8376,1455,Diagnosis,treatment,1
8378,1453,Diagnosis,name,1
8380,1453,Diagnosis,description,1
8382,1453,Diagnosis,symptoms,1
8384,1453,Diagnosis,workup,1
8386,1453,Diagnosis,treatment,1
8388,1451,Diagnosis,name,1
8390,1451,Diagnosis,description,1
8392,1451,Diagnosis,symptoms,1
8394,1451,Diagnosis,workup,1
8396,1451,Diagnosis,treatment,1
8398,1449,Diagnosis,name,1
8400,1449,Diagnosis,description,1
8402,1449,Diagnosis,symptoms,1
8404,1449,Diagnosis,workup,1
8406,1449,Diagnosis,treatment,1
8408,1445,Diagnosis,name,1
8410,1445,Diagnosis,description,1
8412,1445,Diagnosis,symptoms,1
8414,1445,Diagnosis,workup,1
8416,1445,Diagnosis,treatment,1
8418,1443,Diagnosis,name,1
8420,1443,Diagnosis,description,1
8422,1443,Diagnosis,symptoms,1
8424,1443,Diagnosis,workup,1
8426,1443,Diagnosis,treatment,1
8428,1441,Diagnosis,name,1
8430,1441,Diagnosis,description,1
8432,1441,Diagnosis,symptoms,1
8434,1441,Diagnosis,workup,1
8436,1441,Diagnosis,treatment,1
8438,1439,Diagnosis,name,1
8440,1439,Diagnosis,description,1
8442,1439,Diagnosis,symptoms,1
8444,1439,Diagnosis,workup,1
8446,1439,Diagnosis,treatment,1
8448,1437,Diagnosis,name,1
8450,1437,Diagnosis,description,1
8452,1437,Diagnosis,symptoms,1
8454,1437,Diagnosis,workup,1
8456,1437,Diagnosis,treatment,1
8458,1435,Diagnosis,name,1
8460,1435,Diagnosis,description,1
8462,1435,Diagnosis,symptoms,1
8464,1435,Diagnosis,workup,1
8466,1435,Diagnosis,treatment,1
8468,1433,Diagnosis,name,1
8470,1433,Diagnosis,description,1
8472,1433,Diagnosis,symptoms,1
8474,1433,Diagnosis,workup,1
8476,1433,Diagnosis,treatment,1
8478,1431,Diagnosis,name,1
8480,1431,Diagnosis,description,1
8482,1431,Diagnosis,symptoms,1
8484,1431,Diagnosis,workup,1
8486,1431,Diagnosis,treatment,1
8488,1429,Diagnosis,name,1
8490,1429,Diagnosis,description,1
8492,1429,Diagnosis,symptoms,1
8494,1429,Diagnosis,workup,1
8496,1429,Diagnosis,treatment,1
8498,1427,Diagnosis,name,1
8500,1427,Diagnosis,description,1
8502,1427,Diagnosis,symptoms,1
8504,1427,Diagnosis,workup,1
8506,1427,Diagnosis,treatment,1
8508,1425,Diagnosis,name,1
8510,1425,Diagnosis,description,1
8512,1425,Diagnosis,symptoms,1
8514,1425,Diagnosis,workup,1
8516,1425,Diagnosis,treatment,1
8518,1423,Diagnosis,name,1
8520,1423,Diagnosis,description,1
8522,1423,Diagnosis,symptoms,1
8524,1423,Diagnosis,workup,1
8526,1423,Diagnosis,treatment,1
8528,1421,Diagnosis,name,1
8530,1421,Diagnosis,description,1
8532,1421,Diagnosis,symptoms,1
8534,1421,Diagnosis,workup,1
8536,1421,Diagnosis,treatment,1
8538,1417,Diagnosis,name,1
8540,1417,Diagnosis,description,1
8542,1417,Diagnosis,symptoms,1
8544,1417,Diagnosis,workup,1
8546,1417,Diagnosis,treatment,1
8548,1415,Diagnosis,name,1
8550,1415,Diagnosis,description,1
8552,1415,Diagnosis,symptoms,1
8554,1415,Diagnosis,workup,1
8556,1415,Diagnosis,treatment,1
8558,1411,Diagnosis,name,1
8560,1411,Diagnosis,description,1
8562,1411,Diagnosis,symptoms,1
8564,1411,Diagnosis,workup,1
8566,1411,Diagnosis,treatment,1
8568,1267,Diagnosis,name,1
8570,1267,Diagnosis,description,1
8572,1267,Diagnosis,symptoms,1
8574,1267,Diagnosis,workup,1
8576,1267,Diagnosis,treatment,1
8578,1269,Diagnosis,name,1
8580,1269,Diagnosis,description,1
8582,1269,Diagnosis,symptoms,1
8584,1269,Diagnosis,workup,1
8586,1269,Diagnosis,treatment,1
8588,1271,Diagnosis,name,1
8590,1271,Diagnosis,description,1
8592,1271,Diagnosis,symptoms,1
8594,1271,Diagnosis,workup,1
8596,1271,Diagnosis,treatment,1
8598,1273,Diagnosis,name,1
8600,1273,Diagnosis,description,1
8602,1273,Diagnosis,symptoms,1
8604,1273,Diagnosis,workup,1
8606,1273,Diagnosis,treatment,1
8608,1275,Diagnosis,name,1
8610,1275,Diagnosis,description,1
8612,1275,Diagnosis,symptoms,1
8614,1275,Diagnosis,workup,1
8616,1275,Diagnosis,treatment,1
8618,1277,Diagnosis,name,1
8620,1277,Diagnosis,description,1
8622,1277,Diagnosis,symptoms,1
8624,1277,Diagnosis,workup,1
8626,1277,Diagnosis,treatment,1
8628,1279,Diagnosis,name,1
8630,1279,Diagnosis,description,1
8632,1279,Diagnosis,symptoms,1
8634,1279,Diagnosis,workup,1
8636,1279,Diagnosis,treatment,1
8638,1281,Diagnosis,name,1
8640,1281,Diagnosis,description,1
8642,1281,Diagnosis,symptoms,1
8644,1281,Diagnosis,workup,1
8646,1281,Diagnosis,treatment,1
8648,1283,Diagnosis,name,1
8650,1283,Diagnosis,description,1
8652,1283,Diagnosis,symptoms,1
8654,1283,Diagnosis,workup,1
8656,1283,Diagnosis,treatment,1
8658,1285,Diagnosis,name,1
8660,1285,Diagnosis,description,1
8662,1285,Diagnosis,symptoms,1
8664,1285,Diagnosis,workup,1
8666,1285,Diagnosis,treatment,1
8668,1287,Diagnosis,name,1
8670,1287,Diagnosis,description,1
8672,1287,Diagnosis,symptoms,1
8674,1287,Diagnosis,workup,1
8676,1287,Diagnosis,treatment,1
8678,1289,Diagnosis,name,1
8680,1289,Diagnosis,description,1
8682,1289,Diagnosis,symptoms,1
8684,1289,Diagnosis,workup,1
8686,1289,Diagnosis,treatment,1
8688,1291,Diagnosis,name,1
8690,1291,Diagnosis,description,1
8692,1291,Diagnosis,symptoms,1
8694,1291,Diagnosis,workup,1
8696,1291,Diagnosis,treatment,1
8698,1293,Diagnosis,name,1
8700,1293,Diagnosis,description,1
8702,1293,Diagnosis,symptoms,1
8704,1293,Diagnosis,workup,1
8706,1293,Diagnosis,treatment,1
8708,1295,Diagnosis,name,1
8710,1295,Diagnosis,description,1
8712,1295,Diagnosis,symptoms,1
8714,1295,Diagnosis,workup,1
8716,1295,Diagnosis,treatment,1
8718,1297,Diagnosis,name,1
8720,1297,Diagnosis,description,1
8722,1297,Diagnosis,symptoms,1
8724,1297,Diagnosis,workup,1
8726,1297,Diagnosis,treatment,1
8728,1299,Diagnosis,name,1
8730,1299,Diagnosis,description,1
8732,1299,Diagnosis,symptoms,1
8734,1299,Diagnosis,workup,1
8736,1299,Diagnosis,treatment,1
8738,1301,Diagnosis,name,1
8740,1301,Diagnosis,description,1
8742,1301,Diagnosis,symptoms,1
8744,1301,Diagnosis,workup,1
8746,1301,Diagnosis,treatment,1
8748,1303,Diagnosis,name,1
8750,1303,Diagnosis,description,1
8752,1303,Diagnosis,symptoms,1
8754,1303,Diagnosis,workup,1
8756,1303,Diagnosis,treatment,1
8758,1305,Diagnosis,name,1
8760,1305,Diagnosis,description,1
8762,1305,Diagnosis,symptoms,1
8764,1305,Diagnosis,workup,1
8766,1305,Diagnosis,treatment,1
8768,1307,Diagnosis,name,1
8770,1307,Diagnosis,description,1
8772,1307,Diagnosis,symptoms,1
8774,1307,Diagnosis,workup,1
8776,1307,Diagnosis,treatment,1
8778,1309,Diagnosis,name,1
8780,1309,Diagnosis,description,1
8782,1309,Diagnosis,symptoms,1
8784,1309,Diagnosis,workup,1
8786,1309,Diagnosis,treatment,1
8788,1311,Diagnosis,name,1
8790,1311,Diagnosis,description,1
8792,1311,Diagnosis,symptoms,1
8794,1311,Diagnosis,workup,1
8796,1311,Diagnosis,treatment,1
8798,1315,Diagnosis,name,1
8800,1315,Diagnosis,description,1
8802,1315,Diagnosis,symptoms,1
8804,1315,Diagnosis,workup,1
8806,1315,Diagnosis,treatment,1
8808,1317,Diagnosis,name,1
8810,1317,Diagnosis,description,1
8812,1317,Diagnosis,symptoms,1
8814,1317,Diagnosis,workup,1
8816,1317,Diagnosis,treatment,1
8818,1319,Diagnosis,name,1
8820,1319,Diagnosis,description,1
8822,1319,Diagnosis,symptoms,1
8824,1319,Diagnosis,workup,1
8826,1319,Diagnosis,treatment,1
8828,1321,Diagnosis,name,1
8830,1321,Diagnosis,description,1
8832,1321,Diagnosis,symptoms,1
8834,1321,Diagnosis,workup,1
8836,1321,Diagnosis,treatment,1
8838,1323,Diagnosis,name,1
8840,1323,Diagnosis,description,1
8842,1323,Diagnosis,symptoms,1
8844,1323,Diagnosis,workup,1
8846,1323,Diagnosis,treatment,1
8848,1325,Diagnosis,name,1
8850,1325,Diagnosis,description,1
8852,1325,Diagnosis,symptoms,1
8854,1325,Diagnosis,workup,1
8856,1325,Diagnosis,treatment,1
8858,1327,Diagnosis,name,1
8860,1327,Diagnosis,description,1
8862,1327,Diagnosis,symptoms,1
8864,1327,Diagnosis,workup,1
8866,1327,Diagnosis,treatment,1
8868,1329,Diagnosis,name,1
8870,1329,Diagnosis,description,1
8872,1329,Diagnosis,symptoms,1
8874,1329,Diagnosis,workup,1
8876,1329,Diagnosis,treatment,1
8878,1331,Diagnosis,name,1
8880,1331,Diagnosis,description,1
8882,1331,Diagnosis,symptoms,1
8884,1331,Diagnosis,workup,1
8886,1331,Diagnosis,treatment,1
8888,1333,Diagnosis,name,1
8890,1333,Diagnosis,description,1
8892,1333,Diagnosis,symptoms,1
8894,1333,Diagnosis,workup,1
8896,1333,Diagnosis,treatment,1
8898,1335,Diagnosis,name,1
8900,1335,Diagnosis,description,1
8902,1335,Diagnosis,symptoms,1
8904,1335,Diagnosis,workup,1
8906,1335,Diagnosis,treatment,1
8908,1337,Diagnosis,name,1
8910,1337,Diagnosis,description,1
8912,1337,Diagnosis,symptoms,1
8914,1337,Diagnosis,workup,1
8916,1337,Diagnosis,treatment,1
8918,1339,Diagnosis,name,1
8920,1339,Diagnosis,description,1
8922,1339,Diagnosis,symptoms,1
8924,1339,Diagnosis,workup,1
8926,1339,Diagnosis,treatment,1
8928,1345,Diagnosis,name,1
8930,1345,Diagnosis,description,1
8932,1345,Diagnosis,symptoms,1
8934,1345,Diagnosis,workup,1
8936,1345,Diagnosis,treatment,1
8938,1347,Diagnosis,name,1
8940,1347,Diagnosis,description,1
8942,1347,Diagnosis,symptoms,1
8944,1347,Diagnosis,workup,1
8946,1347,Diagnosis,treatment,1
8948,1349,Diagnosis,name,1
8950,1349,Diagnosis,description,1
8952,1349,Diagnosis,symptoms,1
8954,1349,Diagnosis,workup,1
8956,1349,Diagnosis,treatment,1
8958,1351,Diagnosis,name,1
8960,1351,Diagnosis,description,1
8962,1351,Diagnosis,symptoms,1
8964,1351,Diagnosis,workup,1
8966,1351,Diagnosis,treatment,1
8968,1353,Diagnosis,name,1
8970,1353,Diagnosis,description,1
8972,1353,Diagnosis,symptoms,1
8974,1353,Diagnosis,workup,1
8976,1353,Diagnosis,treatment,1
8978,1355,Diagnosis,name,1
8980,1355,Diagnosis,description,1
8982,1355,Diagnosis,symptoms,1
8984,1355,Diagnosis,workup,1
8986,1355,Diagnosis,treatment,1
8988,1357,Diagnosis,name,1
8990,1357,Diagnosis,description,1
8992,1357,Diagnosis,symptoms,1
8994,1357,Diagnosis,workup,1
8996,1357,Diagnosis,treatment,1
8998,1359,Diagnosis,name,1
9000,1359,Diagnosis,description,1
9002,1359,Diagnosis,symptoms,1
9004,1359,Diagnosis,workup,1
9006,1359,Diagnosis,treatment,1
9008,1361,Diagnosis,name,1
9010,1361,Diagnosis,description,1
9012,1361,Diagnosis,symptoms,1
9014,1361,Diagnosis,workup,1
9016,1361,Diagnosis,treatment,1
9018,1363,Diagnosis,name,1
9020,1363,Diagnosis,description,1
9022,1363,Diagnosis,symptoms,1
9024,1363,Diagnosis,workup,1
9026,1363,Diagnosis,treatment,1
9028,1365,Diagnosis,name,1
9030,1365,Diagnosis,description,1
9032,1365,Diagnosis,symptoms,1
9034,1365,Diagnosis,workup,1
9036,1365,Diagnosis,treatment,1
9038,1367,Diagnosis,name,1
9040,1367,Diagnosis,description,1
9042,1367,Diagnosis,symptoms,1
9044,1367,Diagnosis,workup,1
9046,1367,Diagnosis,treatment,1
9048,1369,Diagnosis,name,1
9050,1369,Diagnosis,description,1
9052,1369,Diagnosis,symptoms,1
9054,1369,Diagnosis,workup,1
9056,1369,Diagnosis,treatment,1
9058,1371,Diagnosis,name,1
9060,1371,Diagnosis,description,1
9062,1371,Diagnosis,symptoms,1
9064,1371,Diagnosis,workup,1
9066,1371,Diagnosis,treatment,1
9068,1373,Diagnosis,name,1
9070,1373,Diagnosis,description,1
9072,1373,Diagnosis,symptoms,1
9074,1373,Diagnosis,workup,1
9076,1373,Diagnosis,treatment,1
9078,1375,Diagnosis,name,1
9080,1375,Diagnosis,description,1
9082,1375,Diagnosis,symptoms,1
9084,1375,Diagnosis,workup,1
9086,1375,Diagnosis,treatment,1
9088,1379,Diagnosis,name,1
9090,1379,Diagnosis,description,1
9092,1379,Diagnosis,symptoms,1
9094,1379,Diagnosis,workup,1
9096,1379,Diagnosis,treatment,1
9098,1381,Diagnosis,name,1
9100,1383,Diagnosis,name,1
9102,1383,Diagnosis,description,1
9104,1383,Diagnosis,symptoms,1
9106,1383,Diagnosis,workup,1
9108,1383,Diagnosis,treatment,1
9110,1385,Diagnosis,name,1
9112,1385,Diagnosis,description,1
9114,1385,Diagnosis,symptoms,1
9116,1385,Diagnosis,workup,1
9118,1385,Diagnosis,treatment,1
9120,1387,Diagnosis,name,1
9122,1387,Diagnosis,description,1
9124,1387,Diagnosis,symptoms,1
9126,1387,Diagnosis,workup,1
9128,1387,Diagnosis,treatment,1
9130,1389,Diagnosis,name,1
9132,1389,Diagnosis,description,1
9134,1389,Diagnosis,symptoms,1
9136,1389,Diagnosis,workup,1
9138,1389,Diagnosis,treatment,1
9140,1393,Diagnosis,name,1
9142,1393,Diagnosis,description,1
9144,1393,Diagnosis,symptoms,1
9146,1393,Diagnosis,workup,1
9148,1393,Diagnosis,treatment,1
9150,1395,Diagnosis,name,1
9152,1395,Diagnosis,description,1
9154,1395,Diagnosis,symptoms,1
9156,1395,Diagnosis,workup,1
9158,1395,Diagnosis,treatment,1
9160,1409,Diagnosis,name,1
9162,1409,Diagnosis,description,1
9164,1409,Diagnosis,symptoms,1
9166,1409,Diagnosis,workup,1
9168,1409,Diagnosis,treatment,1
9170,1405,Diagnosis,name,1
9172,1405,Diagnosis,description,1
9174,1405,Diagnosis,symptoms,1
9176,1405,Diagnosis,workup,1
9178,1405,Diagnosis,treatment,1
9180,1403,Diagnosis,name,1
9182,1403,Diagnosis,description,1
9184,1403,Diagnosis,symptoms,1
9186,1403,Diagnosis,workup,1
9188,1403,Diagnosis,treatment,1
9190,1399,Diagnosis,name,1
9192,1399,Diagnosis,description,1
9194,1399,Diagnosis,symptoms,1
9196,1399,Diagnosis,workup,1
9198,1399,Diagnosis,treatment,1
9200,1397,Diagnosis,name,1
9202,1397,Diagnosis,description,1
9204,1397,Diagnosis,symptoms,1
9206,1397,Diagnosis,workup,1
9208,1397,Diagnosis,treatment,1
9210,808,Diagnosis,name,1
9212,808,Diagnosis,description,1
9214,808,Diagnosis,symptoms,1
9216,808,Diagnosis,workup,1
9218,808,Diagnosis,treatment,1
9220,1147,Diagnosis,name,1
9222,1147,Diagnosis,description,1
9224,1147,Diagnosis,symptoms,1
9226,1147,Diagnosis,workup,1
9228,1147,Diagnosis,treatment,1
9230,1148,Diagnosis,name,1
9232,1148,Diagnosis,description,1
9234,1148,Diagnosis,symptoms,1
9236,1148,Diagnosis,workup,1
9238,1148,Diagnosis,treatment,1
9240,1149,Diagnosis,name,1
9242,1149,Diagnosis,description,1
9244,1149,Diagnosis,symptoms,1
9246,1149,Diagnosis,workup,1
9248,1149,Diagnosis,treatment,1
9250,1150,Diagnosis,name,1
9252,1150,Diagnosis,description,1
9254,1150,Diagnosis,symptoms,1
9256,1150,Diagnosis,workup,1
9258,1150,Diagnosis,treatment,1
9260,1151,Diagnosis,name,1
9262,1151,Diagnosis,description,1
9264,1151,Diagnosis,symptoms,1
9266,1151,Diagnosis,workup,1
9268,1151,Diagnosis,treatment,1
9270,1152,Diagnosis,name,1
9272,1152,Diagnosis,description,1
9274,1152,Diagnosis,symptoms,1
9276,1152,Diagnosis,workup,1
9278,1152,Diagnosis,treatment,1
9280,1153,Diagnosis,name,1
9282,1153,Diagnosis,description,1
9284,1153,Diagnosis,symptoms,1
9286,1153,Diagnosis,workup,1
9288,1153,Diagnosis,treatment,1
9290,1154,Diagnosis,name,1
9292,1154,Diagnosis,description,1
9294,1154,Diagnosis,symptoms,1
9296,1154,Diagnosis,workup,1
9298,1154,Diagnosis,treatment,1
9300,1156,Diagnosis,name,1
9302,1156,Diagnosis,description,1
9304,1156,Diagnosis,symptoms,1
9306,1156,Diagnosis,workup,1
9308,1156,Diagnosis,treatment,1
9310,1157,Diagnosis,name,1
9312,1157,Diagnosis,description,1
9314,1157,Diagnosis,symptoms,1
9316,1157,Diagnosis,workup,1
9318,1157,Diagnosis,treatment,1
9320,1158,Diagnosis,name,1
9322,1158,Diagnosis,description,1
9324,1158,Diagnosis,symptoms,1
9326,1158,Diagnosis,workup,1
9328,1158,Diagnosis,treatment,1
9330,1159,Diagnosis,name,1
9332,1159,Diagnosis,description,1
9334,1159,Diagnosis,symptoms,1
9336,1159,Diagnosis,workup,1
9338,1159,Diagnosis,treatment,1
9340,1161,Diagnosis,name,1
9342,1161,Diagnosis,description,1
9344,1161,Diagnosis,symptoms,1
9346,1161,Diagnosis,workup,1
9348,1161,Diagnosis,treatment,1
9350,1163,Diagnosis,name,1
9352,1163,Diagnosis,description,1
9354,1163,Diagnosis,symptoms,1
9356,1163,Diagnosis,workup,1
9358,1163,Diagnosis,treatment,1
9360,1164,Diagnosis,name,1
9362,1164,Diagnosis,description,1
9364,1164,Diagnosis,symptoms,1
9366,1164,Diagnosis,workup,1
9368,1164,Diagnosis,treatment,1
9370,1165,Diagnosis,name,1
9372,1165,Diagnosis,description,1
9374,1165,Diagnosis,symptoms,1
9376,1165,Diagnosis,workup,1
9378,1165,Diagnosis,treatment,1
9380,1166,Diagnosis,name,1
9382,1166,Diagnosis,description,1
9384,1166,Diagnosis,symptoms,1
9386,1166,Diagnosis,workup,1
9388,1166,Diagnosis,treatment,1
9390,1167,Diagnosis,name,1
9392,1167,Diagnosis,description,1
9394,1167,Diagnosis,symptoms,1
9396,1167,Diagnosis,workup,1
9398,1167,Diagnosis,treatment,1
9400,1168,Diagnosis,name,1
9402,1168,Diagnosis,description,1
9404,1168,Diagnosis,symptoms,1
9406,1168,Diagnosis,workup,1
9408,1168,Diagnosis,treatment,1
9410,1169,Diagnosis,name,1
9412,1169,Diagnosis,description,1
9414,1169,Diagnosis,symptoms,1
9416,1169,Diagnosis,workup,1
9418,1169,Diagnosis,treatment,1
9420,1170,Diagnosis,name,1
9422,1170,Diagnosis,description,1
9424,1170,Diagnosis,symptoms,1
9426,1170,Diagnosis,workup,1
9428,1170,Diagnosis,treatment,1
9430,1171,Diagnosis,name,1
9432,1171,Diagnosis,description,1
9434,1171,Diagnosis,symptoms,1
9436,1171,Diagnosis,workup,1
9438,1171,Diagnosis,treatment,1
9440,1176,Diagnosis,name,1
9442,1176,Diagnosis,description,1
9444,1176,Diagnosis,symptoms,1
9446,1176,Diagnosis,workup,1
9448,1176,Diagnosis,treatment,1
9450,1177,Diagnosis,name,1
9452,1177,Diagnosis,description,1
9454,1177,Diagnosis,symptoms,1
9456,1177,Diagnosis,workup,1
9458,1177,Diagnosis,treatment,1
9460,1178,Diagnosis,name,1
9462,1178,Diagnosis,description,1
9464,1178,Diagnosis,symptoms,1
9466,1178,Diagnosis,workup,1
9468,1178,Diagnosis,treatment,1
9470,1179,Diagnosis,name,1
9472,1179,Diagnosis,description,1
9474,1179,Diagnosis,symptoms,1
9476,1179,Diagnosis,workup,1
9478,1179,Diagnosis,treatment,1
9480,1180,Diagnosis,name,1
9482,1180,Diagnosis,description,1
9484,1180,Diagnosis,symptoms,1
9486,1180,Diagnosis,workup,1
9488,1180,Diagnosis,treatment,1
9490,1181,Diagnosis,name,1
9492,1181,Diagnosis,description,1
9494,1181,Diagnosis,symptoms,1
9496,1181,Diagnosis,workup,1
9498,1181,Diagnosis,treatment,1
9500,1182,Diagnosis,name,1
9502,1182,Diagnosis,description,1
9504,1182,Diagnosis,symptoms,1
9506,1182,Diagnosis,workup,1
9508,1182,Diagnosis,treatment,1
9510,1183,Diagnosis,name,1
9512,1183,Diagnosis,description,1
9514,1183,Diagnosis,symptoms,1
9516,1183,Diagnosis,workup,1
9518,1183,Diagnosis,treatment,1
9520,1184,Diagnosis,name,1
9522,1184,Diagnosis,description,1
9524,1184,Diagnosis,symptoms,1
9526,1184,Diagnosis,workup,1
9528,1184,Diagnosis,treatment,1
9530,1185,Diagnosis,name,1
9532,1185,Diagnosis,description,1
9534,1185,Diagnosis,symptoms,1
9536,1185,Diagnosis,workup,1
9538,1185,Diagnosis,treatment,1
9540,1186,Diagnosis,name,1
9542,1186,Diagnosis,description,1
9544,1186,Diagnosis,symptoms,1
9546,1186,Diagnosis,workup,1
9548,1186,Diagnosis,treatment,1
9550,1187,Diagnosis,name,1
9552,1187,Diagnosis,description,1
9554,1187,Diagnosis,symptoms,1
9556,1187,Diagnosis,workup,1
9558,1187,Diagnosis,treatment,1
9560,1188,Diagnosis,name,1
9562,1188,Diagnosis,description,1
9564,1188,Diagnosis,symptoms,1
9566,1188,Diagnosis,workup,1
9568,1188,Diagnosis,treatment,1
9570,1189,Diagnosis,name,1
9572,1189,Diagnosis,description,1
9574,1189,Diagnosis,symptoms,1
9576,1189,Diagnosis,workup,1
9578,1189,Diagnosis,treatment,1
9580,1190,Diagnosis,name,1
9582,1190,Diagnosis,description,1
9584,1190,Diagnosis,symptoms,1
9586,1190,Diagnosis,workup,1
9588,1190,Diagnosis,treatment,1
9590,1191,Diagnosis,name,1
9592,1191,Diagnosis,description,1
9594,1191,Diagnosis,symptoms,1
9596,1191,Diagnosis,workup,1
9598,1191,Diagnosis,treatment,1
9600,1192,Diagnosis,name,1
9602,1192,Diagnosis,description,1
9604,1192,Diagnosis,symptoms,1
9606,1192,Diagnosis,workup,1
9608,1192,Diagnosis,treatment,1
9610,1193,Diagnosis,name,1
9612,1193,Diagnosis,description,1
9614,1193,Diagnosis,symptoms,1
9616,1193,Diagnosis,workup,1
9618,1193,Diagnosis,treatment,1
9620,1194,Diagnosis,name,1
9622,1194,Diagnosis,description,1
9624,1194,Diagnosis,symptoms,1
9626,1194,Diagnosis,workup,1
9628,1194,Diagnosis,treatment,1
9630,1195,Diagnosis,name,1
9632,1195,Diagnosis,description,1
9634,1195,Diagnosis,symptoms,1
9636,1195,Diagnosis,workup,1
9638,1195,Diagnosis,treatment,1
9640,1196,Diagnosis,name,1
9642,1196,Diagnosis,description,1
9644,1196,Diagnosis,symptoms,1
9646,1196,Diagnosis,workup,1
9648,1196,Diagnosis,treatment,1
9650,1197,Diagnosis,name,1
9652,1197,Diagnosis,description,1
9654,1197,Diagnosis,symptoms,1
9656,1197,Diagnosis,workup,1
9658,1197,Diagnosis,treatment,1
9660,1198,Diagnosis,name,1
9662,1198,Diagnosis,description,1
9664,1198,Diagnosis,symptoms,1
9666,1198,Diagnosis,workup,1
9668,1198,Diagnosis,treatment,1
9670,1199,Diagnosis,name,1
9672,1199,Diagnosis,description,1
9674,1199,Diagnosis,symptoms,1
9676,1199,Diagnosis,workup,1
9678,1199,Diagnosis,treatment,1
9680,1200,Diagnosis,name,1
9682,1200,Diagnosis,description,1
9684,1200,Diagnosis,symptoms,1
9686,1200,Diagnosis,workup,1
9688,1200,Diagnosis,treatment,1
9690,1201,Diagnosis,name,1
9692,1201,Diagnosis,description,1
9694,1201,Diagnosis,symptoms,1
9696,1201,Diagnosis,workup,1
9698,1201,Diagnosis,treatment,1
9700,1202,Diagnosis,name,1
9702,1203,Diagnosis,name,1
9704,1204,Diagnosis,name,1
9706,1205,Diagnosis,name,1
9708,1206,Diagnosis,name,1
9710,1207,Diagnosis,name,1
9712,1208,Diagnosis,name,1
9714,1209,Diagnosis,name,1
9716,1210,Diagnosis,name,1
9718,1211,Diagnosis,name,1
9720,1212,Diagnosis,name,1
9722,1213,Diagnosis,name,1
9724,1214,Diagnosis,name,1
9726,1215,Diagnosis,name,1
9728,1216,Diagnosis,name,1
9730,1548,Diagnosis,name,1
9732,1546,Diagnosis,name,1
9734,1544,Diagnosis,name,1
9736,1542,Diagnosis,name,1
9738,1540,Diagnosis,name,1
9740,1539,Diagnosis,name,1
9742,1537,Diagnosis,name,1
9744,1535,Diagnosis,name,1
9746,1533,Diagnosis,name,1
9748,1531,Diagnosis,name,1
9750,1529,Diagnosis,name,1
9752,1527,Diagnosis,name,1
9754,1525,Diagnosis,name,1
9756,1523,Diagnosis,name,1
9758,1521,Diagnosis,name,1
9760,1519,Diagnosis,name,1
9762,1517,Diagnosis,name,1
9764,1515,Diagnosis,name,1
9766,1513,Diagnosis,name,1
9772,1,Procedure,name,1
9774,1,Procedure,description,1
9776,1550,Diagnosis,name,2
9778,1550,Diagnosis,description,2
9780,1550,Diagnosis,symptoms,2
9782,1550,Diagnosis,workup,2
9784,1550,Diagnosis,treatment,2
9786,1552,Diagnosis,name,2
9788,1552,Diagnosis,description,2
9790,1552,Diagnosis,symptoms,2
9792,1552,Diagnosis,workup,2
9794,1552,Diagnosis,treatment,2
9796,1554,Diagnosis,name,2
9798,1554,Diagnosis,description,2
9800,1554,Diagnosis,symptoms,2
9802,1554,Diagnosis,workup,2
9804,1554,Diagnosis,treatment,2
9806,87,Diagnosis,name,2
9808,87,Diagnosis,description,2
9810,87,Diagnosis,symptoms,2
9812,87,Diagnosis,workup,2
9814,87,Diagnosis,treatment,2
9816,1556,Diagnosis,name,2
9818,1556,Diagnosis,description,2
9820,1556,Diagnosis,symptoms,2
9822,1556,Diagnosis,workup,2
9824,1556,Diagnosis,treatment,2
9826,1558,Diagnosis,name,2
9828,1558,Diagnosis,description,2
9830,1558,Diagnosis,symptoms,2
9832,1558,Diagnosis,workup,2
9834,1558,Diagnosis,treatment,2
9836,1560,Diagnosis,name,2
9838,1560,Diagnosis,description,2
9840,1560,Diagnosis,symptoms,2
9842,1560,Diagnosis,workup,2
9844,1560,Diagnosis,treatment,2
9846,1562,Diagnosis,name,2
9848,1562,Diagnosis,description,2
9850,1562,Diagnosis,symptoms,2
9852,1562,Diagnosis,workup,2
9854,1562,Diagnosis,treatment,2
9856,1564,Diagnosis,name,2
9858,1564,Diagnosis,description,2
9860,1564,Diagnosis,symptoms,2
9862,1564,Diagnosis,workup,2
9864,1564,Diagnosis,treatment,2
9866,1566,Diagnosis,name,2
9868,1566,Diagnosis,description,2
9870,1566,Diagnosis,symptoms,2
9872,1566,Diagnosis,workup,2
9874,1566,Diagnosis,treatment,2
9876,138,Diagnosis,name,2
9878,138,Diagnosis,description,2
9880,138,Diagnosis,symptoms,2
9882,138,Diagnosis,workup,2
9884,138,Diagnosis,treatment,2
9886,1568,Diagnosis,name,2
9888,1568,Diagnosis,description,2
9890,1568,Diagnosis,symptoms,2
9892,1568,Diagnosis,workup,2
9894,1568,Diagnosis,treatment,2
9896,1570,Diagnosis,name,2
9898,1570,Diagnosis,description,2
9900,1570,Diagnosis,symptoms,2
9902,1570,Diagnosis,workup,2
9904,1570,Diagnosis,treatment,2
9906,1572,Diagnosis,name,2
9908,1572,Diagnosis,description,2
9910,1572,Diagnosis,symptoms,2
9912,1572,Diagnosis,workup,2
9914,1572,Diagnosis,treatment,2
9916,1574,Diagnosis,name,2
9918,1574,Diagnosis,description,2
9920,1574,Diagnosis,symptoms,2
9922,1574,Diagnosis,workup,2
9924,1574,Diagnosis,treatment,2
9926,1576,Diagnosis,name,2
9928,1576,Diagnosis,description,2
9930,1576,Diagnosis,symptoms,2
9932,1576,Diagnosis,workup,2
9934,1576,Diagnosis,treatment,2
9936,1578,Diagnosis,name,2
9938,1578,Diagnosis,description,2
9940,1578,Diagnosis,symptoms,2
9942,1578,Diagnosis,workup,2
9944,1578,Diagnosis,treatment,2
9946,1580,Diagnosis,name,2
9948,1580,Diagnosis,description,2
9950,1580,Diagnosis,symptoms,2
9952,1580,Diagnosis,workup,2
9954,1580,Diagnosis,treatment,2
9956,1491,Diagnosis,name,2
9958,1491,Diagnosis,description,2
9960,1491,Diagnosis,symptoms,2
9962,1491,Diagnosis,workup,2
9964,1491,Diagnosis,treatment,2
9966,1582,Diagnosis,name,2
9968,1582,Diagnosis,description,2
9970,1582,Diagnosis,symptoms,2
9972,1582,Diagnosis,workup,2
9974,1582,Diagnosis,treatment,2
9976,1584,Diagnosis,name,2
9978,1584,Diagnosis,description,2
9980,1584,Diagnosis,symptoms,2
9982,1584,Diagnosis,workup,2
9984,1584,Diagnosis,treatment,2
9986,1586,Diagnosis,name,2
9988,1586,Diagnosis,description,2
9990,1586,Diagnosis,symptoms,2
9992,1586,Diagnosis,workup,2
9994,1586,Diagnosis,treatment,2
9996,1588,Diagnosis,name,2
9998,1588,Diagnosis,description,2
10000,1588,Diagnosis,symptoms,2
10002,1588,Diagnosis,workup,2
10004,1588,Diagnosis,treatment,2
10006,701,Diagnosis,name,2
10008,701,Diagnosis,description,2
10010,701,Diagnosis,symptoms,2
10012,701,Diagnosis,workup,2
10014,701,Diagnosis,treatment,2
10016,1590,Diagnosis,name,2
10018,1590,Diagnosis,description,2
10020,1590,Diagnosis,symptoms,2
10022,1590,Diagnosis,workup,2
10024,1590,Diagnosis,treatment,2
10026,1592,Diagnosis,name,2
10028,1592,Diagnosis,description,2
10030,1592,Diagnosis,symptoms,2
10032,1592,Diagnosis,workup,2
10034,1592,Diagnosis,treatment,2
10036,1594,Diagnosis,name,2
10038,1594,Diagnosis,description,2
10040,1594,Diagnosis,symptoms,2
10042,1594,Diagnosis,workup,2
10044,1594,Diagnosis,treatment,2
10046,1596,Diagnosis,name,2
10048,1596,Diagnosis,description,2
10050,1596,Diagnosis,symptoms,2
10052,1596,Diagnosis,workup,2
10054,1596,Diagnosis,treatment,2
10056,1598,Diagnosis,name,2
10058,1598,Diagnosis,description,2
10060,1598,Diagnosis,symptoms,2
10062,1598,Diagnosis,workup,2
10064,1598,Diagnosis,treatment,2
10066,1600,Diagnosis,name,2
10068,1600,Diagnosis,description,2
10070,1600,Diagnosis,symptoms,2
10072,1600,Diagnosis,workup,2
10074,1600,Diagnosis,treatment,2
10076,881,Diagnosis,name,2
10078,881,Diagnosis,description,2
10080,881,Diagnosis,symptoms,2
10082,881,Diagnosis,workup,2
10084,881,Diagnosis,treatment,2
10086,1602,Diagnosis,name,2
10088,1602,Diagnosis,description,2
10090,1602,Diagnosis,symptoms,2
10092,1602,Diagnosis,workup,2
10094,1602,Diagnosis,treatment,2
10096,1604,Diagnosis,name,2
10098,1604,Diagnosis,description,2
10100,1604,Diagnosis,symptoms,2
10102,1604,Diagnosis,workup,2
10104,1604,Diagnosis,treatment,2
10106,1606,Diagnosis,name,2
10108,1606,Diagnosis,description,2
10110,1606,Diagnosis,symptoms,2
10112,1606,Diagnosis,workup,2
10114,1606,Diagnosis,treatment,2
10116,553,Diagnosis,description,2
10118,553,Diagnosis,symptoms,2
10120,553,Diagnosis,workup,2
10122,553,Diagnosis,treatment,2
10124,553,Diagnosis,name,2
10126,525,Diagnosis,name,2
10128,525,Diagnosis,description,2
10130,525,Diagnosis,symptoms,2
10132,525,Diagnosis,workup,2
10134,525,Diagnosis,treatment,2
10136,1608,Diagnosis,name,2
10138,1608,Diagnosis,description,2
10140,1608,Diagnosis,symptoms,2
10142,1608,Diagnosis,workup,2
10144,1608,Diagnosis,treatment,2
10146,209,Diagnosis,name,2
10148,209,Diagnosis,description,2
10150,209,Diagnosis,symptoms,2
10152,209,Diagnosis,workup,2
10154,209,Diagnosis,treatment,2
10156,1610,Diagnosis,name,2
10158,1610,Diagnosis,description,2
10160,1610,Diagnosis,symptoms,2
10162,1610,Diagnosis,workup,2
10164,1610,Diagnosis,treatment,2
10166,318,Diagnosis,name,2
10168,318,Diagnosis,description,2
10170,318,Diagnosis,symptoms,2
10172,318,Diagnosis,workup,2
10174,318,Diagnosis,treatment,2
10176,1612,Diagnosis,name,2
10178,1612,Diagnosis,description,2
10180,1612,Diagnosis,symptoms,2
10182,1612,Diagnosis,workup,2
10184,1612,Diagnosis,treatment,2
10186,1614,Diagnosis,name,2
10188,1614,Diagnosis,description,2
10190,1614,Diagnosis,symptoms,2
10192,1614,Diagnosis,workup,2
10194,1614,Diagnosis,treatment,2
10196,562,Diagnosis,name,2
10198,562,Diagnosis,description,2
10200,562,Diagnosis,symptoms,2
10202,562,Diagnosis,workup,2
10204,562,Diagnosis,treatment,2
10206,1616,Diagnosis,name,2
10208,1616,Diagnosis,description,2
10210,1616,Diagnosis,symptoms,2
10212,1616,Diagnosis,workup,2
10214,1616,Diagnosis,treatment,2
10216,1618,Diagnosis,name,2
10218,1618,Diagnosis,description,2
10220,1618,Diagnosis,symptoms,2
10222,1618,Diagnosis,workup,2
10224,1618,Diagnosis,treatment,2
10226,1620,Diagnosis,name,2
10228,1620,Diagnosis,description,2
10230,1620,Diagnosis,symptoms,2
10232,1620,Diagnosis,workup,2
10234,1620,Diagnosis,treatment,2
10236,660,Procedure,name,2
10238,660,Procedure,description,2
10240,660,Procedure,common_complications,2
10242,662,Procedure,name,2
10244,662,Procedure,description,2
10246,662,Procedure,common_complications,2
10248,664,Procedure,name,2
10250,664,Procedure,description,2
10252,664,Procedure,common_complications,2
10254,666,Procedure,name,2
10256,666,Procedure,description,2
10258,666,Procedure,common_complications,2
10260,668,Procedure,name,2
10262,668,Procedure,description,2
10266,668,Procedure,common_complications,2
10268,670,Procedure,name,2
10270,670,Procedure,description,2
10272,670,Procedure,common_complications,2
10274,672,Procedure,name,2
10276,672,Procedure,description,2
10278,672,Procedure,common_complications,2
10280,674,Procedure,name,2
10282,674,Procedure,description,2
10284,674,Procedure,common_complications,2
10286,263,Procedure,name,2
10288,263,Procedure,description,2
10290,263,Procedure,common_complications,2
10292,676,Procedure,name,2
10294,676,Procedure,description,2
10296,676,Procedure,common_complications,2
10298,678,Procedure,name,2
10300,678,Procedure,description,2
10302,678,Procedure,common_complications,2
10304,680,Procedure,name,2
10306,680,Procedure,description,2
10308,680,Procedure,common_complications,2
10310,682,Procedure,name,2
10312,682,Procedure,description,2
10314,682,Procedure,common_complications,2
10316,684,Procedure,name,2
10318,684,Procedure,description,2
10320,684,Procedure,common_complications,2
10322,686,Procedure,name,2
10324,686,Procedure,description,2
10326,686,Procedure,common_complications,2
10328,688,Procedure,name,2
10330,688,Procedure,description,2
10332,688,Procedure,common_complications,2
10334,690,Procedure,name,2
10336,690,Procedure,description,2
10338,690,Procedure,common_complications,2
10340,692,Procedure,name,2
10342,692,Procedure,description,2
10344,692,Procedure,common_complications,2
10346,694,Procedure,name,2
10348,694,Procedure,description,2
10350,694,Procedure,common_complications,2
10352,696,Procedure,name,2
10354,696,Procedure,description,2
10356,696,Procedure,common_complications,2
10358,698,Procedure,name,2
10360,698,Procedure,description,2
10362,698,Procedure,common_complications,2
10364,700,Procedure,name,2
10366,700,Procedure,description,2
10368,700,Procedure,common_complications,2
10370,702,Procedure,name,2
10372,702,Procedure,description,2
10374,702,Procedure,common_complications,2
10376,704,Procedure,name,2
10378,704,Procedure,description,2
10380,704,Procedure,common_complications,2
10382,706,Procedure,name,2
10384,706,Procedure,description,2
10386,706,Procedure,common_complications,2
10388,708,Procedure,name,2
10390,708,Procedure,description,2
10392,708,Procedure,common_complications,2
10394,710,Procedure,name,2
10396,710,Procedure,description,2
10398,710,Procedure,common_complications,2
