_id,diagnosis_id,medication_id,created_at,updated_at
1,4,872,2011-04-21 20:46:13,2011-04-21 20:46:13
2,4,261,2011-04-21 20:46:13,2011-04-21 20:46:13
3,4,417,2011-04-21 20:46:13,2011-04-21 20:46:13
4,4,629,2011-04-21 20:46:13,2011-04-21 20:46:13
5,4,768,2011-04-21 20:46:13,2011-04-21 20:46:13
12,5,524,2011-04-21 20:46:14,2011-04-21 20:46:14
14,8,261,2011-04-21 20:46:14,2011-04-21 20:46:14
15,8,417,2011-04-21 20:46:14,2011-04-21 20:46:14
16,8,629,2011-04-21 20:46:14,2011-04-21 20:46:14
17,8,768,2011-04-21 20:46:14,2011-04-21 20:46:14
18,8,185,2011-04-21 20:46:14,2011-04-21 20:46:14
19,8,219,2011-04-21 20:46:14,2011-04-21 20:46:14
21,8,358,2011-04-21 20:46:14,2011-04-21 20:46:14
22,8,396,2011-04-21 20:46:14,2011-04-21 20:46:14
23,8,464,2011-04-21 20:46:14,2011-04-21 20:46:14
24,8,556,2011-04-21 20:46:14,2011-04-21 20:46:14
25,8,715,2011-04-21 20:46:14,2011-04-21 20:46:14
26,8,862,2011-04-21 20:46:14,2011-04-21 20:46:14
27,8,915,2011-04-21 20:46:14,2011-04-21 20:46:14
28,9,261,2011-04-21 20:46:14,2011-04-21 20:46:14
29,9,417,2011-04-21 20:46:14,2011-04-21 20:46:14
30,9,629,2011-04-21 20:46:14,2011-04-21 20:46:14
31,9,768,2011-04-21 20:46:14,2011-04-21 20:46:14
32,9,185,2011-04-21 20:46:14,2011-04-21 20:46:14
33,9,219,2011-04-21 20:46:14,2011-04-21 20:46:14
35,9,358,2011-04-21 20:46:15,2011-04-21 20:46:15
36,9,396,2011-04-21 20:46:15,2011-04-21 20:46:15
37,9,464,2011-04-21 20:46:15,2011-04-21 20:46:15
38,9,556,2011-04-21 20:46:15,2011-04-21 20:46:15
39,9,715,2011-04-21 20:46:15,2011-04-21 20:46:15
40,9,862,2011-04-21 20:46:15,2011-04-21 20:46:15
41,9,915,2011-04-21 20:46:15,2011-04-21 20:46:15
42,10,201,2011-04-21 20:46:15,2011-04-21 20:46:15
43,10,536,2011-04-21 20:46:15,2011-04-21 20:46:15
44,10,609,2011-04-21 20:46:15,2011-04-21 20:46:15
45,10,834,2011-04-21 20:46:15,2011-04-21 20:46:15
46,13,261,2011-04-21 20:46:15,2011-04-21 20:46:15
47,13,417,2011-04-21 20:46:15,2011-04-21 20:46:15
48,13,629,2011-04-21 20:46:15,2011-04-21 20:46:15
49,13,768,2011-04-21 20:46:15,2011-04-21 20:46:15
50,13,185,2011-04-21 20:46:15,2011-04-21 20:46:15
51,13,219,2011-04-21 20:46:15,2011-04-21 20:46:15
53,13,358,2011-04-21 20:46:15,2011-04-21 20:46:15
54,13,396,2011-04-21 20:46:15,2011-04-21 20:46:15
55,13,464,2011-04-21 20:46:15,2011-04-21 20:46:15
56,13,556,2011-04-21 20:46:15,2011-04-21 20:46:15
57,13,715,2011-04-21 20:46:15,2011-04-21 20:46:15
58,13,862,2011-04-21 20:46:15,2011-04-21 20:46:15
59,13,915,2011-04-21 20:46:15,2011-04-21 20:46:15
60,14,744,2011-04-21 20:46:15,2011-04-21 20:46:15
61,14,185,2011-04-21 20:46:15,2011-04-21 20:46:15
62,14,219,2011-04-21 20:46:15,2011-04-21 20:46:15
64,14,358,2011-04-21 20:46:15,2011-04-21 20:46:15
65,14,396,2011-04-21 20:46:15,2011-04-21 20:46:15
66,14,464,2011-04-21 20:46:15,2011-04-21 20:46:15
67,14,556,2011-04-21 20:46:15,2011-04-21 20:46:15
68,14,715,2011-04-21 20:46:15,2011-04-21 20:46:15
69,14,862,2011-04-21 20:46:15,2011-04-21 20:46:15
70,14,915,2011-04-21 20:46:16,2011-04-21 20:46:16
72,16,417,2011-04-21 20:46:16,2011-04-21 20:46:16
73,16,629,2011-04-21 20:46:16,2011-04-21 20:46:16
74,16,768,2011-04-21 20:46:16,2011-04-21 20:46:16
75,16,622,2011-04-21 20:46:16,2011-04-21 20:46:16
76,16,714,2011-04-21 20:46:16,2011-04-21 20:46:16
78,17,417,2011-04-21 20:46:16,2011-04-21 20:46:16
79,17,629,2011-04-21 20:46:16,2011-04-21 20:46:16
80,17,768,2011-04-21 20:46:16,2011-04-21 20:46:16
81,18,261,2011-04-21 20:46:16,2011-04-21 20:46:16
82,18,417,2011-04-21 20:46:16,2011-04-21 20:46:16
83,18,629,2011-04-21 20:46:16,2011-04-21 20:46:16
84,18,768,2011-04-21 20:46:16,2011-04-21 20:46:16
85,18,185,2011-04-21 20:46:16,2011-04-21 20:46:16
86,18,219,2011-04-21 20:46:16,2011-04-21 20:46:16
88,18,358,2011-04-21 20:46:16,2011-04-21 20:46:16
89,18,396,2011-04-21 20:46:16,2011-04-21 20:46:16
90,18,464,2011-04-21 20:46:16,2011-04-21 20:46:16
91,18,556,2011-04-21 20:46:16,2011-04-21 20:46:16
92,18,715,2011-04-21 20:46:16,2011-04-21 20:46:16
93,18,862,2011-04-21 20:46:16,2011-04-21 20:46:16
94,18,915,2011-04-21 20:46:16,2011-04-21 20:46:16
95,19,374,2011-04-21 20:46:17,2011-04-21 20:46:17
96,19,135,2011-04-21 20:46:17,2011-04-21 20:46:17
97,19,738,2011-04-21 20:46:17,2011-04-21 20:46:17
98,19,585,2011-04-21 20:46:17,2011-04-21 20:46:17
99,19,25,2011-04-21 20:46:17,2011-04-21 20:46:17
100,19,305,2011-04-21 20:46:17,2011-04-21 20:46:17
101,19,618,2011-04-21 20:46:17,2011-04-21 20:46:17
102,19,820,2011-04-21 20:46:17,2011-04-21 20:46:17
103,19,697,2011-04-21 20:46:17,2011-04-21 20:46:17
104,19,327,2011-04-21 20:46:17,2011-04-21 20:46:17
105,19,805,2011-04-21 20:46:17,2011-04-21 20:46:17
106,19,728,2011-04-21 20:46:17,2011-04-21 20:46:17
107,19,491,2011-04-21 20:46:17,2011-04-21 20:46:17
108,19,635,2011-04-21 20:46:17,2011-04-21 20:46:17
109,19,64,2011-04-21 20:46:17,2011-04-21 20:46:17
110,19,275,2011-04-21 20:46:17,2011-04-21 20:46:17
111,19,737,2011-04-21 20:46:17,2011-04-21 20:46:17
112,19,675,2011-04-21 20:46:17,2011-04-21 20:46:17
113,19,788,2011-04-21 20:46:17,2011-04-21 20:46:17
114,19,891,2011-04-21 20:46:17,2011-04-21 20:46:17
115,19,251,2011-04-21 20:46:17,2011-04-21 20:46:17
116,19,834,2011-04-21 20:46:17,2011-04-21 20:46:17
117,19,201,2011-04-21 20:46:17,2011-04-21 20:46:17
118,19,239,2011-04-21 20:46:17,2011-04-21 20:46:17
119,19,362,2011-04-21 20:46:17,2011-04-21 20:46:17
120,19,726,2011-04-21 20:46:17,2011-04-21 20:46:17
121,20,801,2011-04-21 20:46:18,2011-04-21 20:46:18
122,20,507,2011-04-21 20:46:18,2011-04-21 20:46:18
123,20,534,2011-04-21 20:46:18,2011-04-21 20:46:18
124,20,688,2011-04-21 20:46:18,2011-04-21 20:46:18
125,20,669,2011-04-21 20:46:18,2011-04-21 20:46:18
126,20,873,2011-04-21 20:46:18,2011-04-21 20:46:18
127,20,764,2011-04-21 20:46:18,2011-04-21 20:46:18
128,20,520,2011-04-21 20:46:18,2011-04-21 20:46:18
129,20,674,2011-04-21 20:46:18,2011-04-21 20:46:18
130,20,451,2011-04-21 20:46:18,2011-04-21 20:46:18
131,20,187,2011-04-21 20:46:18,2011-04-21 20:46:18
132,20,218,2011-04-21 20:46:18,2011-04-21 20:46:18
133,20,834,2011-04-21 20:46:18,2011-04-21 20:46:18
134,20,574,2011-04-21 20:46:18,2011-04-21 20:46:18
135,20,474,2011-04-21 20:46:18,2011-04-21 20:46:18
136,20,222,2011-04-21 20:46:18,2011-04-21 20:46:18
137,20,111,2011-04-21 20:46:18,2011-04-21 20:46:18
138,20,127,2011-04-21 20:46:18,2011-04-21 20:46:18
139,20,578,2011-04-21 20:46:18,2011-04-21 20:46:18
140,20,726,2011-04-21 20:46:18,2011-04-21 20:46:18
141,20,536,2011-04-21 20:46:18,2011-04-21 20:46:18
142,20,201,2011-04-21 20:46:18,2011-04-21 20:46:18
143,20,609,2011-04-21 20:46:18,2011-04-21 20:46:18
144,21,106,2011-04-21 20:46:18,2011-04-21 20:46:18
145,21,227,2011-04-21 20:46:18,2011-04-21 20:46:18
146,21,319,2011-04-21 20:46:18,2011-04-21 20:46:18
147,22,801,2011-04-21 20:46:19,2011-04-21 20:46:19
148,22,507,2011-04-21 20:46:19,2011-04-21 20:46:19
149,22,534,2011-04-21 20:46:19,2011-04-21 20:46:19
150,22,688,2011-04-21 20:46:19,2011-04-21 20:46:19
151,22,669,2011-04-21 20:46:19,2011-04-21 20:46:19
152,22,873,2011-04-21 20:46:19,2011-04-21 20:46:19
154,22,520,2011-04-21 20:46:19,2011-04-21 20:46:19
155,22,674,2011-04-21 20:46:19,2011-04-21 20:46:19
156,22,451,2011-04-21 20:46:19,2011-04-21 20:46:19
157,22,187,2011-04-21 20:46:19,2011-04-21 20:46:19
158,22,218,2011-04-21 20:46:19,2011-04-21 20:46:19
159,22,834,2011-04-21 20:46:19,2011-04-21 20:46:19
160,22,574,2011-04-21 20:46:19,2011-04-21 20:46:19
161,22,474,2011-04-21 20:46:19,2011-04-21 20:46:19
162,22,222,2011-04-21 20:46:19,2011-04-21 20:46:19
163,22,111,2011-04-21 20:46:19,2011-04-21 20:46:19
164,22,127,2011-04-21 20:46:19,2011-04-21 20:46:19
165,22,578,2011-04-21 20:46:19,2011-04-21 20:46:19
166,22,726,2011-04-21 20:46:19,2011-04-21 20:46:19
167,22,536,2011-04-21 20:46:19,2011-04-21 20:46:19
168,22,201,2011-04-21 20:46:20,2011-04-21 20:46:20
169,22,609,2011-04-21 20:46:20,2011-04-21 20:46:20
170,23,201,2011-04-21 20:46:20,2011-04-21 20:46:20
171,23,536,2011-04-21 20:46:20,2011-04-21 20:46:20
172,23,609,2011-04-21 20:46:20,2011-04-21 20:46:20
173,23,834,2011-04-21 20:46:20,2011-04-21 20:46:20
174,23,222,2011-04-21 20:46:20,2011-04-21 20:46:20
175,25,106,2011-04-21 20:46:20,2011-04-21 20:46:20
176,25,227,2011-04-21 20:46:20,2011-04-21 20:46:20
177,25,319,2011-04-21 20:46:20,2011-04-21 20:46:20
178,26,746,2011-04-21 20:46:20,2011-04-21 20:46:20
179,26,797,2011-04-21 20:46:20,2011-04-21 20:46:20
180,26,297,2011-04-21 20:46:20,2011-04-21 20:46:20
181,26,819,2011-04-21 20:46:20,2011-04-21 20:46:20
182,26,838,2011-04-21 20:46:20,2011-04-21 20:46:20
183,27,746,2011-04-21 20:46:20,2011-04-21 20:46:20
184,27,816,2011-04-21 20:46:20,2011-04-21 20:46:20
185,27,321,2011-04-21 20:46:20,2011-04-21 20:46:20
186,27,876,2011-04-21 20:46:20,2011-04-21 20:46:20
187,27,393,2011-04-21 20:46:20,2011-04-21 20:46:20
188,27,161,2011-04-21 20:46:20,2011-04-21 20:46:20
189,27,175,2011-04-21 20:46:20,2011-04-21 20:46:20
190,27,488,2011-04-21 20:46:20,2011-04-21 20:46:20
191,27,424,2011-04-21 20:46:20,2011-04-21 20:46:20
192,27,113,2011-04-21 20:46:20,2011-04-21 20:46:20
193,27,912,2011-04-21 20:46:20,2011-04-21 20:46:20
194,27,702,2011-04-21 20:46:21,2011-04-21 20:46:21
195,27,177,2011-04-21 20:46:21,2011-04-21 20:46:21
196,27,726,2011-04-21 20:46:21,2011-04-21 20:46:21
197,27,65,2011-04-21 20:46:21,2011-04-21 20:46:21
198,27,483,2011-04-21 20:46:21,2011-04-21 20:46:21
199,27,633,2011-04-21 20:46:21,2011-04-21 20:46:21
200,27,53,2011-04-21 20:46:21,2011-04-21 20:46:21
201,27,575,2011-04-21 20:46:21,2011-04-21 20:46:21
202,28,746,2011-04-21 20:46:21,2011-04-21 20:46:21
203,28,816,2011-04-21 20:46:21,2011-04-21 20:46:21
204,28,321,2011-04-21 20:46:21,2011-04-21 20:46:21
205,28,876,2011-04-21 20:46:21,2011-04-21 20:46:21
206,28,393,2011-04-21 20:46:21,2011-04-21 20:46:21
207,28,161,2011-04-21 20:46:21,2011-04-21 20:46:21
208,28,111,2011-04-21 20:46:21,2011-04-21 20:46:21
209,28,912,2011-04-21 20:46:22,2011-04-21 20:46:22
210,28,702,2011-04-21 20:46:22,2011-04-21 20:46:22
211,28,424,2011-04-21 20:46:22,2011-04-21 20:46:22
212,28,130,2011-04-21 20:46:22,2011-04-21 20:46:22
213,28,171,2011-04-21 20:46:22,2011-04-21 20:46:22
214,28,299,2011-04-21 20:46:22,2011-04-21 20:46:22
215,28,117,2011-04-21 20:46:22,2011-04-21 20:46:22
216,28,175,2011-04-21 20:46:22,2011-04-21 20:46:22
217,28,575,2011-04-21 20:46:22,2011-04-21 20:46:22
218,28,113,2011-04-21 20:46:22,2011-04-21 20:46:22
219,31,554,2011-04-21 20:46:22,2011-04-21 20:46:22
220,31,477,2011-04-21 20:46:22,2011-04-21 20:46:22
221,32,22,2011-04-21 20:46:22,2011-04-21 20:46:22
222,33,201,2011-04-21 20:46:22,2011-04-21 20:46:22
223,33,536,2011-04-21 20:46:22,2011-04-21 20:46:22
224,33,609,2011-04-21 20:46:22,2011-04-21 20:46:22
225,33,834,2011-04-21 20:46:22,2011-04-21 20:46:22
226,34,201,2011-04-21 20:46:22,2011-04-21 20:46:22
227,34,536,2011-04-21 20:46:22,2011-04-21 20:46:22
228,34,609,2011-04-21 20:46:22,2011-04-21 20:46:22
229,34,834,2011-04-21 20:46:22,2011-04-21 20:46:22
230,34,222,2011-04-21 20:46:22,2011-04-21 20:46:22
231,36,842,2011-04-21 20:46:23,2011-04-21 20:46:23
232,36,692,2011-04-21 20:46:23,2011-04-21 20:46:23
233,36,134,2011-04-21 20:46:23,2011-04-21 20:46:23
234,37,746,2011-04-21 20:46:23,2011-04-21 20:46:23
235,37,797,2011-04-21 20:46:23,2011-04-21 20:46:23
236,37,297,2011-04-21 20:46:23,2011-04-21 20:46:23
237,37,819,2011-04-21 20:46:23,2011-04-21 20:46:23
238,37,838,2011-04-21 20:46:23,2011-04-21 20:46:23
239,38,797,2011-04-21 20:46:23,2011-04-21 20:46:23
240,38,297,2011-04-21 20:46:23,2011-04-21 20:46:23
241,38,819,2011-04-21 20:46:23,2011-04-21 20:46:23
242,38,838,2011-04-21 20:46:23,2011-04-21 20:46:23
243,41,261,2011-04-21 20:46:23,2011-04-21 20:46:23
244,41,417,2011-04-21 20:46:23,2011-04-21 20:46:23
245,41,629,2011-04-21 20:46:23,2011-04-21 20:46:23
246,41,768,2011-04-21 20:46:23,2011-04-21 20:46:23
247,42,261,2011-04-21 20:46:24,2011-04-21 20:46:24
248,42,417,2011-04-21 20:46:24,2011-04-21 20:46:24
249,42,629,2011-04-21 20:46:24,2011-04-21 20:46:24
250,42,768,2011-04-21 20:46:24,2011-04-21 20:46:24
251,42,185,2011-04-21 20:46:24,2011-04-21 20:46:24
252,42,219,2011-04-21 20:46:24,2011-04-21 20:46:24
254,42,358,2011-04-21 20:46:24,2011-04-21 20:46:24
255,42,396,2011-04-21 20:46:24,2011-04-21 20:46:24
256,42,464,2011-04-21 20:46:24,2011-04-21 20:46:24
257,42,556,2011-04-21 20:46:24,2011-04-21 20:46:24
258,42,715,2011-04-21 20:46:24,2011-04-21 20:46:24
259,42,862,2011-04-21 20:46:24,2011-04-21 20:46:24
260,42,915,2011-04-21 20:46:24,2011-04-21 20:46:24
261,42,122,2011-04-21 20:46:24,2011-04-21 20:46:24
262,42,685,2011-04-21 20:46:24,2011-04-21 20:46:24
263,42,376,2011-04-21 20:46:24,2011-04-21 20:46:24
264,42,608,2011-04-21 20:46:24,2011-04-21 20:46:24
265,43,261,2011-04-21 20:46:24,2011-04-21 20:46:24
266,47,261,2011-04-21 20:46:24,2011-04-21 20:46:24
267,182,261,2011-04-21 20:46:24,2011-04-21 20:46:24
268,475,261,2011-04-21 20:46:24,2011-04-21 20:46:24
269,719,261,2011-04-21 20:46:24,2011-04-21 20:46:24
270,43,417,2011-04-21 20:46:24,2011-04-21 20:46:24
271,47,417,2011-04-21 20:46:24,2011-04-21 20:46:24
272,182,417,2011-04-21 20:46:24,2011-04-21 20:46:24
273,475,417,2011-04-21 20:46:24,2011-04-21 20:46:24
274,719,417,2011-04-21 20:46:24,2011-04-21 20:46:24
275,43,629,2011-04-21 20:46:24,2011-04-21 20:46:24
276,47,629,2011-04-21 20:46:24,2011-04-21 20:46:24
277,182,629,2011-04-21 20:46:24,2011-04-21 20:46:24
278,475,629,2011-04-21 20:46:24,2011-04-21 20:46:24
279,719,629,2011-04-21 20:46:24,2011-04-21 20:46:24
280,43,768,2011-04-21 20:46:24,2011-04-21 20:46:24
281,47,768,2011-04-21 20:46:24,2011-04-21 20:46:24
282,182,768,2011-04-21 20:46:24,2011-04-21 20:46:24
283,475,768,2011-04-21 20:46:24,2011-04-21 20:46:24
284,719,768,2011-04-21 20:46:24,2011-04-21 20:46:24
285,45,64,2011-04-21 20:46:25,2011-04-21 20:46:25
286,45,115,2011-04-21 20:46:25,2011-04-21 20:46:25
287,45,135,2011-04-21 20:46:25,2011-04-21 20:46:25
288,45,139,2011-04-21 20:46:25,2011-04-21 20:46:25
289,45,197,2011-04-21 20:46:25,2011-04-21 20:46:25
290,45,267,2011-04-21 20:46:25,2011-04-21 20:46:25
291,45,305,2011-04-21 20:46:25,2011-04-21 20:46:25
292,45,327,2011-04-21 20:46:25,2011-04-21 20:46:25
293,45,357,2011-04-21 20:46:25,2011-04-21 20:46:25
294,45,374,2011-04-21 20:46:25,2011-04-21 20:46:25
295,45,434,2011-04-21 20:46:25,2011-04-21 20:46:25
296,45,491,2011-04-21 20:46:25,2011-04-21 20:46:25
297,45,495,2011-04-21 20:46:25,2011-04-21 20:46:25
298,45,585,2011-04-21 20:46:25,2011-04-21 20:46:25
299,45,618,2011-04-21 20:46:25,2011-04-21 20:46:25
300,45,635,2011-04-21 20:46:25,2011-04-21 20:46:25
301,45,675,2011-04-21 20:46:25,2011-04-21 20:46:25
302,45,697,2011-04-21 20:46:25,2011-04-21 20:46:25
303,45,728,2011-04-21 20:46:25,2011-04-21 20:46:25
304,45,737,2011-04-21 20:46:25,2011-04-21 20:46:25
305,45,738,2011-04-21 20:46:25,2011-04-21 20:46:25
306,45,788,2011-04-21 20:46:25,2011-04-21 20:46:25
307,45,805,2011-04-21 20:46:25,2011-04-21 20:46:25
308,45,820,2011-04-21 20:46:25,2011-04-21 20:46:25
309,45,891,2011-04-21 20:46:25,2011-04-21 20:46:25
310,45,917,2011-04-21 20:46:25,2011-04-21 20:46:25
311,46,64,2011-04-21 20:46:25,2011-04-21 20:46:25
312,46,115,2011-04-21 20:46:25,2011-04-21 20:46:25
313,46,135,2011-04-21 20:46:25,2011-04-21 20:46:25
314,46,139,2011-04-21 20:46:25,2011-04-21 20:46:25
315,46,197,2011-04-21 20:46:25,2011-04-21 20:46:25
316,46,267,2011-04-21 20:46:25,2011-04-21 20:46:25
317,46,305,2011-04-21 20:46:25,2011-04-21 20:46:25
318,46,327,2011-04-21 20:46:25,2011-04-21 20:46:25
319,46,357,2011-04-21 20:46:25,2011-04-21 20:46:25
320,46,374,2011-04-21 20:46:25,2011-04-21 20:46:25
321,46,434,2011-04-21 20:46:25,2011-04-21 20:46:25
322,46,491,2011-04-21 20:46:25,2011-04-21 20:46:25
323,46,495,2011-04-21 20:46:25,2011-04-21 20:46:25
324,46,585,2011-04-21 20:46:25,2011-04-21 20:46:25
325,46,618,2011-04-21 20:46:25,2011-04-21 20:46:25
326,46,635,2011-04-21 20:46:25,2011-04-21 20:46:25
327,46,675,2011-04-21 20:46:25,2011-04-21 20:46:25
328,46,697,2011-04-21 20:46:25,2011-04-21 20:46:25
329,46,728,2011-04-21 20:46:25,2011-04-21 20:46:25
330,46,737,2011-04-21 20:46:25,2011-04-21 20:46:25
331,46,738,2011-04-21 20:46:25,2011-04-21 20:46:25
332,46,788,2011-04-21 20:46:25,2011-04-21 20:46:25
333,46,805,2011-04-21 20:46:25,2011-04-21 20:46:25
334,46,820,2011-04-21 20:46:25,2011-04-21 20:46:25
335,46,891,2011-04-21 20:46:25,2011-04-21 20:46:25
336,46,917,2011-04-21 20:46:25,2011-04-21 20:46:25
337,48,201,2011-04-21 20:46:26,2011-04-21 20:46:26
338,48,536,2011-04-21 20:46:26,2011-04-21 20:46:26
339,48,609,2011-04-21 20:46:26,2011-04-21 20:46:26
340,48,834,2011-04-21 20:46:26,2011-04-21 20:46:26
341,50,201,2011-04-21 20:46:26,2011-04-21 20:46:26
342,51,201,2011-04-21 20:46:26,2011-04-21 20:46:26
344,50,536,2011-04-21 20:46:26,2011-04-21 20:46:26
345,51,536,2011-04-21 20:46:26,2011-04-21 20:46:26
347,50,609,2011-04-21 20:46:26,2011-04-21 20:46:26
348,51,609,2011-04-21 20:46:26,2011-04-21 20:46:26
350,50,834,2011-04-21 20:46:26,2011-04-21 20:46:26
351,51,834,2011-04-21 20:46:26,2011-04-21 20:46:26
353,50,64,2011-04-21 20:46:26,2011-04-21 20:46:26
354,51,64,2011-04-21 20:46:26,2011-04-21 20:46:26
356,50,115,2011-04-21 20:46:26,2011-04-21 20:46:26
357,51,115,2011-04-21 20:46:27,2011-04-21 20:46:27
359,50,135,2011-04-21 20:46:27,2011-04-21 20:46:27
360,51,135,2011-04-21 20:46:27,2011-04-21 20:46:27
362,50,139,2011-04-21 20:46:27,2011-04-21 20:46:27
363,51,139,2011-04-21 20:46:27,2011-04-21 20:46:27
365,50,197,2011-04-21 20:46:27,2011-04-21 20:46:27
366,51,197,2011-04-21 20:46:27,2011-04-21 20:46:27
368,50,267,2011-04-21 20:46:27,2011-04-21 20:46:27
369,51,267,2011-04-21 20:46:27,2011-04-21 20:46:27
371,50,305,2011-04-21 20:46:27,2011-04-21 20:46:27
372,51,305,2011-04-21 20:46:27,2011-04-21 20:46:27
374,50,327,2011-04-21 20:46:27,2011-04-21 20:46:27
375,51,327,2011-04-21 20:46:27,2011-04-21 20:46:27
377,50,357,2011-04-21 20:46:27,2011-04-21 20:46:27
378,51,357,2011-04-21 20:46:27,2011-04-21 20:46:27
380,50,374,2011-04-21 20:46:27,2011-04-21 20:46:27
381,51,374,2011-04-21 20:46:27,2011-04-21 20:46:27
383,50,434,2011-04-21 20:46:27,2011-04-21 20:46:27
384,51,434,2011-04-21 20:46:27,2011-04-21 20:46:27
386,50,491,2011-04-21 20:46:27,2011-04-21 20:46:27
387,51,491,2011-04-21 20:46:27,2011-04-21 20:46:27
389,50,495,2011-04-21 20:46:27,2011-04-21 20:46:27
390,51,495,2011-04-21 20:46:27,2011-04-21 20:46:27
392,50,585,2011-04-21 20:46:27,2011-04-21 20:46:27
393,51,585,2011-04-21 20:46:27,2011-04-21 20:46:27
395,50,618,2011-04-21 20:46:27,2011-04-21 20:46:27
396,51,618,2011-04-21 20:46:27,2011-04-21 20:46:27
398,50,635,2011-04-21 20:46:27,2011-04-21 20:46:27
399,51,635,2011-04-21 20:46:27,2011-04-21 20:46:27
401,50,675,2011-04-21 20:46:27,2011-04-21 20:46:27
402,51,675,2011-04-21 20:46:27,2011-04-21 20:46:27
404,50,697,2011-04-21 20:46:27,2011-04-21 20:46:27
405,51,697,2011-04-21 20:46:27,2011-04-21 20:46:27
407,50,728,2011-04-21 20:46:27,2011-04-21 20:46:27
408,51,728,2011-04-21 20:46:27,2011-04-21 20:46:27
410,50,737,2011-04-21 20:46:28,2011-04-21 20:46:28
411,51,737,2011-04-21 20:46:28,2011-04-21 20:46:28
413,50,738,2011-04-21 20:46:28,2011-04-21 20:46:28
414,51,738,2011-04-21 20:46:28,2011-04-21 20:46:28
416,50,788,2011-04-21 20:46:28,2011-04-21 20:46:28
417,51,788,2011-04-21 20:46:28,2011-04-21 20:46:28
419,50,805,2011-04-21 20:46:28,2011-04-21 20:46:28
420,51,805,2011-04-21 20:46:28,2011-04-21 20:46:28
422,50,820,2011-04-21 20:46:28,2011-04-21 20:46:28
423,51,820,2011-04-21 20:46:28,2011-04-21 20:46:28
425,50,891,2011-04-21 20:46:28,2011-04-21 20:46:28
426,51,891,2011-04-21 20:46:28,2011-04-21 20:46:28
428,50,917,2011-04-21 20:46:28,2011-04-21 20:46:28
429,51,917,2011-04-21 20:46:28,2011-04-21 20:46:28
432,54,261,2011-04-21 20:46:29,2011-04-21 20:46:29
434,54,417,2011-04-21 20:46:29,2011-04-21 20:46:29
436,54,629,2011-04-21 20:46:29,2011-04-21 20:46:29
438,54,768,2011-04-21 20:46:29,2011-04-21 20:46:29
439,57,261,2011-04-21 20:46:29,2011-04-21 20:46:29
440,57,417,2011-04-21 20:46:29,2011-04-21 20:46:29
441,57,629,2011-04-21 20:46:29,2011-04-21 20:46:29
442,57,768,2011-04-21 20:46:29,2011-04-21 20:46:29
443,58,261,2011-04-21 20:46:29,2011-04-21 20:46:29
444,295,261,2011-04-21 20:46:29,2011-04-21 20:46:29
445,297,261,2011-04-21 20:46:29,2011-04-21 20:46:29
446,326,261,2011-04-21 20:46:29,2011-04-21 20:46:29
447,419,261,2011-04-21 20:46:29,2011-04-21 20:46:29
448,765,261,2011-04-21 20:46:29,2011-04-21 20:46:29
449,58,417,2011-04-21 20:46:29,2011-04-21 20:46:29
450,295,417,2011-04-21 20:46:29,2011-04-21 20:46:29
451,297,417,2011-04-21 20:46:29,2011-04-21 20:46:29
452,326,417,2011-04-21 20:46:29,2011-04-21 20:46:29
453,419,417,2011-04-21 20:46:29,2011-04-21 20:46:29
454,765,417,2011-04-21 20:46:29,2011-04-21 20:46:29
455,58,629,2011-04-21 20:46:29,2011-04-21 20:46:29
456,295,629,2011-04-21 20:46:29,2011-04-21 20:46:29
457,297,629,2011-04-21 20:46:29,2011-04-21 20:46:29
458,326,629,2011-04-21 20:46:29,2011-04-21 20:46:29
459,419,629,2011-04-21 20:46:29,2011-04-21 20:46:29
460,765,629,2011-04-21 20:46:29,2011-04-21 20:46:29
461,58,768,2011-04-21 20:46:29,2011-04-21 20:46:29
462,295,768,2011-04-21 20:46:29,2011-04-21 20:46:29
463,297,768,2011-04-21 20:46:29,2011-04-21 20:46:29
464,326,768,2011-04-21 20:46:29,2011-04-21 20:46:29
465,419,768,2011-04-21 20:46:29,2011-04-21 20:46:29
466,765,768,2011-04-21 20:46:29,2011-04-21 20:46:29
467,59,566,2011-04-21 20:46:29,2011-04-21 20:46:29
468,129,566,2011-04-21 20:46:29,2011-04-21 20:46:29
469,333,566,2011-04-21 20:46:29,2011-04-21 20:46:29
470,59,824,2011-04-21 20:46:29,2011-04-21 20:46:29
471,129,824,2011-04-21 20:46:29,2011-04-21 20:46:29
472,333,824,2011-04-21 20:46:29,2011-04-21 20:46:29
473,59,485,2011-04-21 20:46:30,2011-04-21 20:46:30
474,129,485,2011-04-21 20:46:30,2011-04-21 20:46:30
475,333,485,2011-04-21 20:46:30,2011-04-21 20:46:30
476,59,565,2011-04-21 20:46:30,2011-04-21 20:46:30
477,129,565,2011-04-21 20:46:30,2011-04-21 20:46:30
478,333,565,2011-04-21 20:46:30,2011-04-21 20:46:30
479,59,493,2011-04-21 20:46:30,2011-04-21 20:46:30
480,129,493,2011-04-21 20:46:30,2011-04-21 20:46:30
481,333,493,2011-04-21 20:46:30,2011-04-21 20:46:30
482,59,301,2011-04-21 20:46:30,2011-04-21 20:46:30
483,129,301,2011-04-21 20:46:30,2011-04-21 20:46:30
484,333,301,2011-04-21 20:46:30,2011-04-21 20:46:30
485,59,55,2011-04-21 20:46:30,2011-04-21 20:46:30
486,129,55,2011-04-21 20:46:30,2011-04-21 20:46:30
487,333,55,2011-04-21 20:46:30,2011-04-21 20:46:30
488,59,189,2011-04-21 20:46:30,2011-04-21 20:46:30
489,129,189,2011-04-21 20:46:30,2011-04-21 20:46:30
490,333,189,2011-04-21 20:46:30,2011-04-21 20:46:30
491,61,261,2011-04-21 20:46:30,2011-04-21 20:46:30
492,61,417,2011-04-21 20:46:30,2011-04-21 20:46:30
493,61,629,2011-04-21 20:46:30,2011-04-21 20:46:30
494,61,768,2011-04-21 20:46:30,2011-04-21 20:46:30
495,61,45,2011-04-21 20:46:30,2011-04-21 20:46:30
496,61,131,2011-04-21 20:46:30,2011-04-21 20:46:30
497,61,212,2011-04-21 20:46:30,2011-04-21 20:46:30
498,61,313,2011-04-21 20:46:30,2011-04-21 20:46:30
499,61,339,2011-04-21 20:46:30,2011-04-21 20:46:30
500,61,373,2011-04-21 20:46:30,2011-04-21 20:46:30
501,61,397,2011-04-21 20:46:30,2011-04-21 20:46:30
502,61,406,2011-04-21 20:46:30,2011-04-21 20:46:30
503,61,531,2011-04-21 20:46:30,2011-04-21 20:46:30
504,61,573,2011-04-21 20:46:30,2011-04-21 20:46:30
505,61,619,2011-04-21 20:46:30,2011-04-21 20:46:30
506,61,733,2011-04-21 20:46:30,2011-04-21 20:46:30
507,61,804,2011-04-21 20:46:30,2011-04-21 20:46:30
508,61,608,2011-04-21 20:46:30,2011-04-21 20:46:30
509,61,376,2011-04-21 20:46:31,2011-04-21 20:46:31
510,61,685,2011-04-21 20:46:31,2011-04-21 20:46:31
511,61,122,2011-04-21 20:46:31,2011-04-21 20:46:31
512,62,261,2011-04-21 20:46:31,2011-04-21 20:46:31
513,62,417,2011-04-21 20:46:31,2011-04-21 20:46:31
514,62,629,2011-04-21 20:46:31,2011-04-21 20:46:31
515,62,768,2011-04-21 20:46:31,2011-04-21 20:46:31
516,62,45,2011-04-21 20:46:31,2011-04-21 20:46:31
517,62,131,2011-04-21 20:46:31,2011-04-21 20:46:31
518,62,212,2011-04-21 20:46:31,2011-04-21 20:46:31
519,62,313,2011-04-21 20:46:31,2011-04-21 20:46:31
520,62,339,2011-04-21 20:46:31,2011-04-21 20:46:31
521,62,373,2011-04-21 20:46:31,2011-04-21 20:46:31
522,62,397,2011-04-21 20:46:31,2011-04-21 20:46:31
523,62,406,2011-04-21 20:46:31,2011-04-21 20:46:31
524,62,531,2011-04-21 20:46:31,2011-04-21 20:46:31
525,62,573,2011-04-21 20:46:31,2011-04-21 20:46:31
526,62,619,2011-04-21 20:46:31,2011-04-21 20:46:31
527,62,733,2011-04-21 20:46:31,2011-04-21 20:46:31
528,62,804,2011-04-21 20:46:31,2011-04-21 20:46:31
529,65,177,2011-04-21 20:46:32,2011-04-21 20:46:32
530,112,177,2011-04-21 20:46:32,2011-04-21 20:46:32
531,65,231,2011-04-21 20:46:32,2011-04-21 20:46:32
532,112,231,2011-04-21 20:46:32,2011-04-21 20:46:32
533,65,751,2011-04-21 20:46:32,2011-04-21 20:46:32
534,112,751,2011-04-21 20:46:32,2011-04-21 20:46:32
535,65,581,2011-04-21 20:46:32,2011-04-21 20:46:32
536,112,581,2011-04-21 20:46:32,2011-04-21 20:46:32
537,65,591,2011-04-21 20:46:32,2011-04-21 20:46:32
538,112,591,2011-04-21 20:46:32,2011-04-21 20:46:32
539,65,927,2011-04-21 20:46:32,2011-04-21 20:46:32
540,112,927,2011-04-21 20:46:32,2011-04-21 20:46:32
541,65,916,2011-04-21 20:46:32,2011-04-21 20:46:32
542,112,916,2011-04-21 20:46:32,2011-04-21 20:46:32
543,65,702,2011-04-21 20:46:32,2011-04-21 20:46:32
544,112,702,2011-04-21 20:46:32,2011-04-21 20:46:32
545,65,304,2011-04-21 20:46:32,2011-04-21 20:46:32
546,112,304,2011-04-21 20:46:32,2011-04-21 20:46:32
547,65,884,2011-04-21 20:46:32,2011-04-21 20:46:32
548,112,884,2011-04-21 20:46:32,2011-04-21 20:46:32
549,65,712,2011-04-21 20:46:32,2011-04-21 20:46:32
550,112,712,2011-04-21 20:46:32,2011-04-21 20:46:32
551,65,266,2011-04-21 20:46:32,2011-04-21 20:46:32
552,112,266,2011-04-21 20:46:32,2011-04-21 20:46:32
553,65,103,2011-04-21 20:46:32,2011-04-21 20:46:32
554,112,103,2011-04-21 20:46:32,2011-04-21 20:46:32
555,65,35,2011-04-21 20:46:32,2011-04-21 20:46:32
556,112,35,2011-04-21 20:46:32,2011-04-21 20:46:32
557,65,767,2011-04-21 20:46:32,2011-04-21 20:46:32
558,112,767,2011-04-21 20:46:32,2011-04-21 20:46:32
559,65,6,2011-04-21 20:46:32,2011-04-21 20:46:32
560,112,6,2011-04-21 20:46:32,2011-04-21 20:46:32
561,65,343,2011-04-21 20:46:32,2011-04-21 20:46:32
562,112,343,2011-04-21 20:46:32,2011-04-21 20:46:32
563,65,415,2011-04-21 20:46:32,2011-04-21 20:46:32
564,112,415,2011-04-21 20:46:32,2011-04-21 20:46:32
565,65,532,2011-04-21 20:46:32,2011-04-21 20:46:32
566,112,532,2011-04-21 20:46:33,2011-04-21 20:46:33
567,65,193,2011-04-21 20:46:33,2011-04-21 20:46:33
568,112,193,2011-04-21 20:46:33,2011-04-21 20:46:33
570,112,375,2011-04-21 20:46:33,2011-04-21 20:46:33
571,65,477,2011-04-21 20:46:33,2011-04-21 20:46:33
572,112,477,2011-04-21 20:46:33,2011-04-21 20:46:33
573,65,797,2011-04-21 20:46:33,2011-04-21 20:46:33
574,112,797,2011-04-21 20:46:33,2011-04-21 20:46:33
575,65,638,2011-04-21 20:46:33,2011-04-21 20:46:33
576,112,638,2011-04-21 20:46:33,2011-04-21 20:46:33
577,65,73,2011-04-21 20:46:33,2011-04-21 20:46:33
578,112,73,2011-04-21 20:46:33,2011-04-21 20:46:33
579,65,596,2011-04-21 20:46:33,2011-04-21 20:46:33
580,112,596,2011-04-21 20:46:33,2011-04-21 20:46:33
581,65,512,2011-04-21 20:46:33,2011-04-21 20:46:33
582,112,512,2011-04-21 20:46:33,2011-04-21 20:46:33
583,65,347,2011-04-21 20:46:33,2011-04-21 20:46:33
584,112,347,2011-04-21 20:46:33,2011-04-21 20:46:33
585,65,642,2011-04-21 20:46:33,2011-04-21 20:46:33
586,112,642,2011-04-21 20:46:33,2011-04-21 20:46:33
587,65,258,2011-04-21 20:46:33,2011-04-21 20:46:33
588,112,258,2011-04-21 20:46:33,2011-04-21 20:46:33
589,66,746,2011-04-21 20:46:33,2011-04-21 20:46:33
591,66,469,2011-04-21 20:46:33,2011-04-21 20:46:33
593,66,927,2011-04-21 20:46:33,2011-04-21 20:46:33
595,66,143,2011-04-21 20:46:33,2011-04-21 20:46:33
597,66,163,2011-04-21 20:46:33,2011-04-21 20:46:33
599,67,566,2011-04-21 20:46:34,2011-04-21 20:46:34
600,67,255,2011-04-21 20:46:34,2011-04-21 20:46:34
601,67,366,2011-04-21 20:46:34,2011-04-21 20:46:34
602,67,493,2011-04-21 20:46:34,2011-04-21 20:46:34
603,67,101,2011-04-21 20:46:34,2011-04-21 20:46:34
604,67,261,2011-04-21 20:46:34,2011-04-21 20:46:34
605,67,210,2011-04-21 20:46:34,2011-04-21 20:46:34
606,67,739,2011-04-21 20:46:34,2011-04-21 20:46:34
607,67,301,2011-04-21 20:46:34,2011-04-21 20:46:34
608,67,55,2011-04-21 20:46:34,2011-04-21 20:46:34
609,67,189,2011-04-21 20:46:34,2011-04-21 20:46:34
610,69,714,2011-04-21 20:46:34,2011-04-21 20:46:34
611,69,817,2011-04-21 20:46:34,2011-04-21 20:46:34
612,69,44,2011-04-21 20:46:34,2011-04-21 20:46:34
613,69,683,2011-04-21 20:46:34,2011-04-21 20:46:34
614,69,371,2011-04-21 20:46:34,2011-04-21 20:46:34
615,70,45,2011-04-21 20:46:34,2011-04-21 20:46:34
616,71,45,2011-04-21 20:46:34,2011-04-21 20:46:34
617,70,131,2011-04-21 20:46:34,2011-04-21 20:46:34
618,71,131,2011-04-21 20:46:34,2011-04-21 20:46:34
619,70,212,2011-04-21 20:46:34,2011-04-21 20:46:34
620,71,212,2011-04-21 20:46:34,2011-04-21 20:46:34
621,70,313,2011-04-21 20:46:34,2011-04-21 20:46:34
622,71,313,2011-04-21 20:46:34,2011-04-21 20:46:34
623,70,339,2011-04-21 20:46:34,2011-04-21 20:46:34
624,71,339,2011-04-21 20:46:34,2011-04-21 20:46:34
625,70,373,2011-04-21 20:46:34,2011-04-21 20:46:34
626,71,373,2011-04-21 20:46:34,2011-04-21 20:46:34
627,70,397,2011-04-21 20:46:34,2011-04-21 20:46:34
628,71,397,2011-04-21 20:46:34,2011-04-21 20:46:34
629,70,406,2011-04-21 20:46:34,2011-04-21 20:46:34
630,71,406,2011-04-21 20:46:34,2011-04-21 20:46:34
631,70,531,2011-04-21 20:46:34,2011-04-21 20:46:34
632,71,531,2011-04-21 20:46:34,2011-04-21 20:46:34
633,70,573,2011-04-21 20:46:34,2011-04-21 20:46:34
634,71,573,2011-04-21 20:46:34,2011-04-21 20:46:34
635,70,619,2011-04-21 20:46:34,2011-04-21 20:46:34
636,71,619,2011-04-21 20:46:34,2011-04-21 20:46:34
637,70,733,2011-04-21 20:46:34,2011-04-21 20:46:34
638,71,733,2011-04-21 20:46:34,2011-04-21 20:46:34
639,70,804,2011-04-21 20:46:34,2011-04-21 20:46:34
640,71,804,2011-04-21 20:46:34,2011-04-21 20:46:34
641,70,685,2011-04-21 20:46:34,2011-04-21 20:46:34
642,71,685,2011-04-21 20:46:34,2011-04-21 20:46:34
643,70,122,2011-04-21 20:46:34,2011-04-21 20:46:34
644,71,122,2011-04-21 20:46:35,2011-04-21 20:46:35
645,72,261,2011-04-21 20:46:35,2011-04-21 20:46:35
646,72,417,2011-04-21 20:46:35,2011-04-21 20:46:35
647,72,629,2011-04-21 20:46:35,2011-04-21 20:46:35
648,72,768,2011-04-21 20:46:35,2011-04-21 20:46:35
649,72,185,2011-04-21 20:46:35,2011-04-21 20:46:35
650,72,219,2011-04-21 20:46:35,2011-04-21 20:46:35
652,72,358,2011-04-21 20:46:35,2011-04-21 20:46:35
653,72,396,2011-04-21 20:46:35,2011-04-21 20:46:35
654,72,464,2011-04-21 20:46:35,2011-04-21 20:46:35
655,72,556,2011-04-21 20:46:35,2011-04-21 20:46:35
656,72,715,2011-04-21 20:46:35,2011-04-21 20:46:35
657,72,862,2011-04-21 20:46:35,2011-04-21 20:46:35
658,72,915,2011-04-21 20:46:35,2011-04-21 20:46:35
659,73,261,2011-04-21 20:46:35,2011-04-21 20:46:35
660,73,417,2011-04-21 20:46:35,2011-04-21 20:46:35
661,73,629,2011-04-21 20:46:35,2011-04-21 20:46:35
662,73,768,2011-04-21 20:46:35,2011-04-21 20:46:35
663,73,185,2011-04-21 20:46:35,2011-04-21 20:46:35
664,73,219,2011-04-21 20:46:35,2011-04-21 20:46:35
666,73,358,2011-04-21 20:46:36,2011-04-21 20:46:36
667,73,396,2011-04-21 20:46:36,2011-04-21 20:46:36
668,73,464,2011-04-21 20:46:36,2011-04-21 20:46:36
669,73,556,2011-04-21 20:46:36,2011-04-21 20:46:36
670,73,715,2011-04-21 20:46:36,2011-04-21 20:46:36
671,73,862,2011-04-21 20:46:36,2011-04-21 20:46:36
672,73,915,2011-04-21 20:46:36,2011-04-21 20:46:36
673,74,683,2011-04-21 20:46:36,2011-04-21 20:46:36
674,74,22,2011-04-21 20:46:36,2011-04-21 20:46:36
675,74,277,2011-04-21 20:46:36,2011-04-21 20:46:36
676,74,381,2011-04-21 20:46:36,2011-04-21 20:46:36
677,74,250,2011-04-21 20:46:36,2011-04-21 20:46:36
678,74,817,2011-04-21 20:46:36,2011-04-21 20:46:36
679,74,714,2011-04-21 20:46:36,2011-04-21 20:46:36
680,74,577,2011-04-21 20:46:36,2011-04-21 20:46:36
681,74,371,2011-04-21 20:46:36,2011-04-21 20:46:36
682,76,683,2011-04-21 20:46:36,2011-04-21 20:46:36
683,76,22,2011-04-21 20:46:36,2011-04-21 20:46:36
684,76,381,2011-04-21 20:46:36,2011-04-21 20:46:36
685,76,147,2011-04-21 20:46:36,2011-04-21 20:46:36
686,77,22,2011-04-21 20:46:37,2011-04-21 20:46:37
687,77,577,2011-04-21 20:46:37,2011-04-21 20:46:37
688,78,261,2011-04-21 20:46:37,2011-04-21 20:46:37
689,78,417,2011-04-21 20:46:37,2011-04-21 20:46:37
690,78,629,2011-04-21 20:46:37,2011-04-21 20:46:37
691,78,768,2011-04-21 20:46:37,2011-04-21 20:46:37
692,78,185,2011-04-21 20:46:37,2011-04-21 20:46:37
695,78,358,2011-04-21 20:46:37,2011-04-21 20:46:37
696,78,396,2011-04-21 20:46:37,2011-04-21 20:46:37
697,78,464,2011-04-21 20:46:37,2011-04-21 20:46:37
698,78,556,2011-04-21 20:46:37,2011-04-21 20:46:37
699,78,715,2011-04-21 20:46:37,2011-04-21 20:46:37
700,78,862,2011-04-21 20:46:37,2011-04-21 20:46:37
701,78,915,2011-04-21 20:46:37,2011-04-21 20:46:37
702,79,296,2011-04-21 20:46:37,2011-04-21 20:46:37
703,79,183,2011-04-21 20:46:37,2011-04-21 20:46:37
704,79,622,2011-04-21 20:46:37,2011-04-21 20:46:37
705,80,819,2011-04-21 20:46:37,2011-04-21 20:46:37
706,80,691,2011-04-21 20:46:37,2011-04-21 20:46:37
707,80,361,2011-04-21 20:46:37,2011-04-21 20:46:37
708,80,297,2011-04-21 20:46:37,2011-04-21 20:46:37
709,80,69,2011-04-21 20:46:37,2011-04-21 20:46:37
710,80,314,2011-04-21 20:46:37,2011-04-21 20:46:37
711,80,679,2011-04-21 20:46:37,2011-04-21 20:46:37
712,80,604,2011-04-21 20:46:37,2011-04-21 20:46:37
713,82,247,2011-04-21 20:46:37,2011-04-21 20:46:37
714,82,480,2011-04-21 20:46:38,2011-04-21 20:46:38
715,82,211,2011-04-21 20:46:38,2011-04-21 20:46:38
716,82,429,2011-04-21 20:46:38,2011-04-21 20:46:38
717,82,475,2011-04-21 20:46:38,2011-04-21 20:46:38
718,85,741,2011-04-21 20:46:38,2011-04-21 20:46:38
719,85,927,2011-04-21 20:46:38,2011-04-21 20:46:38
720,85,612,2011-04-21 20:46:38,2011-04-21 20:46:38
721,85,27,2011-04-21 20:46:38,2011-04-21 20:46:38
722,86,261,2011-04-21 20:46:38,2011-04-21 20:46:38
723,86,417,2011-04-21 20:46:38,2011-04-21 20:46:38
724,86,629,2011-04-21 20:46:38,2011-04-21 20:46:38
725,86,768,2011-04-21 20:46:38,2011-04-21 20:46:38
726,86,746,2011-04-21 20:46:38,2011-04-21 20:46:38
727,86,469,2011-04-21 20:46:38,2011-04-21 20:46:38
728,86,838,2011-04-21 20:46:38,2011-04-21 20:46:38
729,87,927,2011-04-21 20:46:38,2011-04-21 20:46:38
730,87,192,2011-04-21 20:46:38,2011-04-21 20:46:38
731,87,832,2011-04-21 20:46:38,2011-04-21 20:46:38
732,87,632,2011-04-21 20:46:38,2011-04-21 20:46:38
733,88,764,2011-04-21 20:46:39,2011-04-21 20:46:39
734,88,213,2011-04-21 20:46:39,2011-04-21 20:46:39
735,88,127,2011-04-21 20:46:39,2011-04-21 20:46:39
736,88,111,2011-04-21 20:46:39,2011-04-21 20:46:39
737,88,574,2011-04-21 20:46:39,2011-04-21 20:46:39
738,88,201,2011-04-21 20:46:39,2011-04-21 20:46:39
739,88,536,2011-04-21 20:46:39,2011-04-21 20:46:39
740,88,609,2011-04-21 20:46:39,2011-04-21 20:46:39
741,88,834,2011-04-21 20:46:39,2011-04-21 20:46:39
742,89,162,2011-04-21 20:46:39,2011-04-21 20:46:39
743,89,871,2011-04-21 20:46:39,2011-04-21 20:46:39
744,89,11,2011-04-21 20:46:39,2011-04-21 20:46:39
745,89,252,2011-04-21 20:46:39,2011-04-21 20:46:39
746,89,766,2011-04-21 20:46:39,2011-04-21 20:46:39
747,89,567,2011-04-21 20:46:39,2011-04-21 20:46:39
748,89,146,2011-04-21 20:46:39,2011-04-21 20:46:39
749,89,307,2011-04-21 20:46:39,2011-04-21 20:46:39
750,89,515,2011-04-21 20:46:39,2011-04-21 20:46:39
751,93,123,2011-04-21 20:46:39,2011-04-21 20:46:39
752,93,460,2011-04-21 20:46:39,2011-04-21 20:46:39
753,93,540,2011-04-21 20:46:39,2011-04-21 20:46:39
754,93,847,2011-04-21 20:46:39,2011-04-21 20:46:39
755,93,408,2011-04-21 20:46:39,2011-04-21 20:46:39
756,93,28,2011-04-21 20:46:39,2011-04-21 20:46:39
757,93,271,2011-04-21 20:46:39,2011-04-21 20:46:39
758,93,218,2011-04-21 20:46:40,2011-04-21 20:46:40
759,93,725,2011-04-21 20:46:40,2011-04-21 20:46:40
760,93,643,2011-04-21 20:46:40,2011-04-21 20:46:40
761,94,261,2011-04-21 20:46:40,2011-04-21 20:46:40
762,94,417,2011-04-21 20:46:40,2011-04-21 20:46:40
763,94,629,2011-04-21 20:46:40,2011-04-21 20:46:40
764,94,768,2011-04-21 20:46:40,2011-04-21 20:46:40
765,94,185,2011-04-21 20:46:40,2011-04-21 20:46:40
766,94,219,2011-04-21 20:46:40,2011-04-21 20:46:40
768,94,358,2011-04-21 20:46:40,2011-04-21 20:46:40
769,94,396,2011-04-21 20:46:40,2011-04-21 20:46:40
770,94,464,2011-04-21 20:46:40,2011-04-21 20:46:40
771,94,556,2011-04-21 20:46:40,2011-04-21 20:46:40
772,94,715,2011-04-21 20:46:40,2011-04-21 20:46:40
773,94,862,2011-04-21 20:46:40,2011-04-21 20:46:40
774,94,915,2011-04-21 20:46:40,2011-04-21 20:46:40
775,94,609,2011-04-21 20:46:40,2011-04-21 20:46:40
776,94,541,2011-04-21 20:46:40,2011-04-21 20:46:40
777,98,571,2011-04-21 20:46:40,2011-04-21 20:46:40
778,98,724,2011-04-21 20:46:40,2011-04-21 20:46:40
779,98,276,2011-04-21 20:46:40,2011-04-21 20:46:40
780,101,64,2011-04-21 20:46:41,2011-04-21 20:46:41
781,101,115,2011-04-21 20:46:41,2011-04-21 20:46:41
782,101,135,2011-04-21 20:46:41,2011-04-21 20:46:41
783,101,139,2011-04-21 20:46:41,2011-04-21 20:46:41
784,101,197,2011-04-21 20:46:41,2011-04-21 20:46:41
785,101,267,2011-04-21 20:46:41,2011-04-21 20:46:41
786,101,305,2011-04-21 20:46:41,2011-04-21 20:46:41
787,101,327,2011-04-21 20:46:41,2011-04-21 20:46:41
788,101,357,2011-04-21 20:46:41,2011-04-21 20:46:41
789,101,374,2011-04-21 20:46:41,2011-04-21 20:46:41
790,101,434,2011-04-21 20:46:41,2011-04-21 20:46:41
791,101,491,2011-04-21 20:46:41,2011-04-21 20:46:41
792,101,495,2011-04-21 20:46:41,2011-04-21 20:46:41
793,101,585,2011-04-21 20:46:41,2011-04-21 20:46:41
794,101,618,2011-04-21 20:46:41,2011-04-21 20:46:41
795,101,635,2011-04-21 20:46:41,2011-04-21 20:46:41
796,101,675,2011-04-21 20:46:41,2011-04-21 20:46:41
797,101,697,2011-04-21 20:46:41,2011-04-21 20:46:41
798,101,728,2011-04-21 20:46:41,2011-04-21 20:46:41
799,101,737,2011-04-21 20:46:41,2011-04-21 20:46:41
800,101,738,2011-04-21 20:46:41,2011-04-21 20:46:41
801,101,788,2011-04-21 20:46:41,2011-04-21 20:46:41
802,101,805,2011-04-21 20:46:41,2011-04-21 20:46:41
803,101,820,2011-04-21 20:46:41,2011-04-21 20:46:41
804,101,891,2011-04-21 20:46:41,2011-04-21 20:46:41
805,101,917,2011-04-21 20:46:41,2011-04-21 20:46:41
806,113,620,2011-04-21 20:46:42,2011-04-21 20:46:42
807,113,381,2011-04-21 20:46:42,2011-04-21 20:46:42
808,113,817,2011-04-21 20:46:42,2011-04-21 20:46:42
809,113,178,2011-04-21 20:46:42,2011-04-21 20:46:42
810,113,415,2011-04-21 20:46:43,2011-04-21 20:46:43
811,113,808,2011-04-21 20:46:43,2011-04-21 20:46:43
812,114,415,2011-04-21 20:46:43,2011-04-21 20:46:43
813,114,808,2011-04-21 20:46:43,2011-04-21 20:46:43
814,114,927,2011-04-21 20:46:43,2011-04-21 20:46:43
815,114,477,2011-04-21 20:46:43,2011-04-21 20:46:43
816,115,166,2011-04-21 20:46:43,2011-04-21 20:46:43
817,115,415,2011-04-21 20:46:43,2011-04-21 20:46:43
818,115,927,2011-04-21 20:46:43,2011-04-21 20:46:43
819,115,812,2011-04-21 20:46:43,2011-04-21 20:46:43
820,115,808,2011-04-21 20:46:43,2011-04-21 20:46:43
821,115,622,2011-04-21 20:46:43,2011-04-21 20:46:43
822,115,277,2011-04-21 20:46:43,2011-04-21 20:46:43
823,115,817,2011-04-21 20:46:43,2011-04-21 20:46:43
824,119,64,2011-04-21 20:46:44,2011-04-21 20:46:44
825,119,115,2011-04-21 20:46:44,2011-04-21 20:46:44
826,119,135,2011-04-21 20:46:44,2011-04-21 20:46:44
827,119,139,2011-04-21 20:46:44,2011-04-21 20:46:44
828,119,197,2011-04-21 20:46:44,2011-04-21 20:46:44
829,119,267,2011-04-21 20:46:44,2011-04-21 20:46:44
830,119,305,2011-04-21 20:46:44,2011-04-21 20:46:44
831,119,327,2011-04-21 20:46:44,2011-04-21 20:46:44
832,119,357,2011-04-21 20:46:44,2011-04-21 20:46:44
833,119,374,2011-04-21 20:46:44,2011-04-21 20:46:44
834,119,434,2011-04-21 20:46:44,2011-04-21 20:46:44
835,119,491,2011-04-21 20:46:44,2011-04-21 20:46:44
836,119,495,2011-04-21 20:46:44,2011-04-21 20:46:44
837,119,585,2011-04-21 20:46:44,2011-04-21 20:46:44
838,119,618,2011-04-21 20:46:44,2011-04-21 20:46:44
839,119,635,2011-04-21 20:46:44,2011-04-21 20:46:44
840,119,675,2011-04-21 20:46:44,2011-04-21 20:46:44
841,119,697,2011-04-21 20:46:44,2011-04-21 20:46:44
842,119,728,2011-04-21 20:46:44,2011-04-21 20:46:44
843,119,737,2011-04-21 20:46:44,2011-04-21 20:46:44
844,119,738,2011-04-21 20:46:44,2011-04-21 20:46:44
845,119,788,2011-04-21 20:46:44,2011-04-21 20:46:44
846,119,805,2011-04-21 20:46:44,2011-04-21 20:46:44
847,119,820,2011-04-21 20:46:44,2011-04-21 20:46:44
848,119,891,2011-04-21 20:46:44,2011-04-21 20:46:44
849,119,917,2011-04-21 20:46:44,2011-04-21 20:46:44
850,119,201,2011-04-21 20:46:44,2011-04-21 20:46:44
851,119,536,2011-04-21 20:46:44,2011-04-21 20:46:44
852,119,609,2011-04-21 20:46:44,2011-04-21 20:46:44
853,119,834,2011-04-21 20:46:44,2011-04-21 20:46:44
854,120,261,2011-04-21 20:46:44,2011-04-21 20:46:44
855,120,417,2011-04-21 20:46:44,2011-04-21 20:46:44
856,120,629,2011-04-21 20:46:44,2011-04-21 20:46:44
857,120,768,2011-04-21 20:46:44,2011-04-21 20:46:44
858,121,45,2011-04-21 20:46:44,2011-04-21 20:46:44
859,121,131,2011-04-21 20:46:44,2011-04-21 20:46:44
860,121,212,2011-04-21 20:46:44,2011-04-21 20:46:44
861,121,313,2011-04-21 20:46:44,2011-04-21 20:46:44
862,121,339,2011-04-21 20:46:44,2011-04-21 20:46:44
863,121,373,2011-04-21 20:46:44,2011-04-21 20:46:44
864,121,397,2011-04-21 20:46:44,2011-04-21 20:46:44
865,121,406,2011-04-21 20:46:44,2011-04-21 20:46:44
866,121,531,2011-04-21 20:46:44,2011-04-21 20:46:44
867,121,573,2011-04-21 20:46:44,2011-04-21 20:46:44
868,121,619,2011-04-21 20:46:44,2011-04-21 20:46:44
869,121,733,2011-04-21 20:46:44,2011-04-21 20:46:44
870,121,804,2011-04-21 20:46:44,2011-04-21 20:46:44
871,121,261,2011-04-21 20:46:44,2011-04-21 20:46:44
872,121,417,2011-04-21 20:46:44,2011-04-21 20:46:44
873,121,629,2011-04-21 20:46:44,2011-04-21 20:46:44
874,121,768,2011-04-21 20:46:44,2011-04-21 20:46:44
875,125,817,2011-04-21 20:46:45,2011-04-21 20:46:45
876,125,714,2011-04-21 20:46:45,2011-04-21 20:46:45
877,125,381,2011-04-21 20:46:45,2011-04-21 20:46:45
878,125,577,2011-04-21 20:46:45,2011-04-21 20:46:45
879,125,371,2011-04-21 20:46:45,2011-04-21 20:46:45
880,125,683,2011-04-21 20:46:45,2011-04-21 20:46:45
881,127,72,2011-04-21 20:46:45,2011-04-21 20:46:45
882,127,145,2011-04-21 20:46:45,2011-04-21 20:46:45
883,127,700,2011-04-21 20:46:45,2011-04-21 20:46:45
884,127,435,2011-04-21 20:46:45,2011-04-21 20:46:45
885,130,366,2011-04-21 20:46:46,2011-04-21 20:46:46
886,130,739,2011-04-21 20:46:46,2011-04-21 20:46:46
887,130,301,2011-04-21 20:46:46,2011-04-21 20:46:46
888,133,45,2011-04-21 20:46:46,2011-04-21 20:46:46
889,133,131,2011-04-21 20:46:46,2011-04-21 20:46:46
890,133,212,2011-04-21 20:46:46,2011-04-21 20:46:46
891,133,313,2011-04-21 20:46:46,2011-04-21 20:46:46
892,133,339,2011-04-21 20:46:46,2011-04-21 20:46:46
893,133,373,2011-04-21 20:46:46,2011-04-21 20:46:46
894,133,397,2011-04-21 20:46:46,2011-04-21 20:46:46
895,133,406,2011-04-21 20:46:46,2011-04-21 20:46:46
896,133,531,2011-04-21 20:46:46,2011-04-21 20:46:46
897,133,573,2011-04-21 20:46:46,2011-04-21 20:46:46
898,133,619,2011-04-21 20:46:46,2011-04-21 20:46:46
899,133,733,2011-04-21 20:46:46,2011-04-21 20:46:46
900,133,804,2011-04-21 20:46:46,2011-04-21 20:46:46
901,133,261,2011-04-21 20:46:46,2011-04-21 20:46:46
902,133,417,2011-04-21 20:46:46,2011-04-21 20:46:46
903,133,629,2011-04-21 20:46:46,2011-04-21 20:46:46
904,133,768,2011-04-21 20:46:46,2011-04-21 20:46:46
905,138,185,2011-04-21 20:46:46,2011-04-21 20:46:46
906,138,219,2011-04-21 20:46:46,2011-04-21 20:46:46
908,138,358,2011-04-21 20:46:46,2011-04-21 20:46:46
909,138,396,2011-04-21 20:46:46,2011-04-21 20:46:46
910,138,464,2011-04-21 20:46:47,2011-04-21 20:46:47
911,138,556,2011-04-21 20:46:47,2011-04-21 20:46:47
912,138,715,2011-04-21 20:46:47,2011-04-21 20:46:47
913,138,862,2011-04-21 20:46:47,2011-04-21 20:46:47
914,138,915,2011-04-21 20:46:47,2011-04-21 20:46:47
915,138,261,2011-04-21 20:46:47,2011-04-21 20:46:47
916,138,417,2011-04-21 20:46:47,2011-04-21 20:46:47
917,138,629,2011-04-21 20:46:47,2011-04-21 20:46:47
918,138,768,2011-04-21 20:46:47,2011-04-21 20:46:47
919,140,760,2011-04-21 20:46:47,2011-04-21 20:46:47
920,140,381,2011-04-21 20:46:47,2011-04-21 20:46:47
921,140,622,2011-04-21 20:46:47,2011-04-21 20:46:47
922,140,4,2011-04-21 20:46:47,2011-04-21 20:46:47
923,140,577,2011-04-21 20:46:47,2011-04-21 20:46:47
924,140,277,2011-04-21 20:46:47,2011-04-21 20:46:47
925,140,570,2011-04-21 20:46:47,2011-04-21 20:46:47
940,146,919,2011-04-21 20:46:48,2011-04-21 20:46:48
941,925,919,2011-04-21 20:46:48,2011-04-21 20:46:48
942,146,791,2011-04-21 20:46:48,2011-04-21 20:46:48
943,925,791,2011-04-21 20:46:48,2011-04-21 20:46:48
944,146,433,2011-04-21 20:46:48,2011-04-21 20:46:48
945,925,433,2011-04-21 20:46:48,2011-04-21 20:46:48
946,146,677,2011-04-21 20:46:48,2011-04-21 20:46:48
947,925,677,2011-04-21 20:46:48,2011-04-21 20:46:48
948,146,454,2011-04-21 20:46:48,2011-04-21 20:46:48
949,925,454,2011-04-21 20:46:48,2011-04-21 20:46:48
950,146,236,2011-04-21 20:46:48,2011-04-21 20:46:48
951,925,236,2011-04-21 20:46:48,2011-04-21 20:46:48
952,146,823,2011-04-21 20:46:48,2011-04-21 20:46:48
953,925,823,2011-04-21 20:46:48,2011-04-21 20:46:48
954,146,914,2011-04-21 20:46:49,2011-04-21 20:46:49
955,925,914,2011-04-21 20:46:49,2011-04-21 20:46:49
956,146,605,2011-04-21 20:46:49,2011-04-21 20:46:49
957,925,605,2011-04-21 20:46:49,2011-04-21 20:46:49
958,146,366,2011-04-21 20:46:49,2011-04-21 20:46:49
959,925,366,2011-04-21 20:46:49,2011-04-21 20:46:49
960,146,490,2011-04-21 20:46:49,2011-04-21 20:46:49
961,925,490,2011-04-21 20:46:49,2011-04-21 20:46:49
962,146,798,2011-04-21 20:46:49,2011-04-21 20:46:49
963,925,798,2011-04-21 20:46:49,2011-04-21 20:46:49
964,146,61,2011-04-21 20:46:49,2011-04-21 20:46:49
965,925,61,2011-04-21 20:46:49,2011-04-21 20:46:49
966,146,503,2011-04-21 20:46:49,2011-04-21 20:46:49
967,925,503,2011-04-21 20:46:49,2011-04-21 20:46:49
968,146,582,2011-04-21 20:46:49,2011-04-21 20:46:49
969,925,582,2011-04-21 20:46:49,2011-04-21 20:46:49
970,146,101,2011-04-21 20:46:49,2011-04-21 20:46:49
971,925,101,2011-04-21 20:46:49,2011-04-21 20:46:49
972,146,261,2011-04-21 20:46:49,2011-04-21 20:46:49
973,925,261,2011-04-21 20:46:49,2011-04-21 20:46:49
974,146,356,2011-04-21 20:46:49,2011-04-21 20:46:49
975,925,356,2011-04-21 20:46:49,2011-04-21 20:46:49
976,146,268,2011-04-21 20:46:49,2011-04-21 20:46:49
977,925,268,2011-04-21 20:46:49,2011-04-21 20:46:49
978,146,400,2011-04-21 20:46:49,2011-04-21 20:46:49
979,925,400,2011-04-21 20:46:49,2011-04-21 20:46:49
980,146,521,2011-04-21 20:46:49,2011-04-21 20:46:49
981,925,521,2011-04-21 20:46:49,2011-04-21 20:46:49
982,146,875,2011-04-21 20:46:49,2011-04-21 20:46:49
983,925,875,2011-04-21 20:46:49,2011-04-21 20:46:49
984,146,80,2011-04-21 20:46:49,2011-04-21 20:46:49
985,925,80,2011-04-21 20:46:49,2011-04-21 20:46:49
986,146,293,2011-04-21 20:46:49,2011-04-21 20:46:49
987,925,293,2011-04-21 20:46:49,2011-04-21 20:46:49
988,146,922,2011-04-21 20:46:49,2011-04-21 20:46:49
989,925,922,2011-04-21 20:46:49,2011-04-21 20:46:49
990,146,316,2011-04-21 20:46:49,2011-04-21 20:46:49
991,925,316,2011-04-21 20:46:49,2011-04-21 20:46:49
992,146,253,2011-04-21 20:46:49,2011-04-21 20:46:49
993,925,253,2011-04-21 20:46:49,2011-04-21 20:46:49
994,146,118,2011-04-21 20:46:49,2011-04-21 20:46:49
995,925,118,2011-04-21 20:46:49,2011-04-21 20:46:49
996,146,138,2011-04-21 20:46:49,2011-04-21 20:46:49
997,925,138,2011-04-21 20:46:49,2011-04-21 20:46:49
998,146,70,2011-04-21 20:46:49,2011-04-21 20:46:49
999,925,70,2011-04-21 20:46:49,2011-04-21 20:46:49
1000,150,45,2011-04-21 20:46:49,2011-04-21 20:46:49
1001,150,131,2011-04-21 20:46:49,2011-04-21 20:46:49
1002,150,212,2011-04-21 20:46:49,2011-04-21 20:46:49
1003,150,313,2011-04-21 20:46:49,2011-04-21 20:46:49
1004,150,339,2011-04-21 20:46:49,2011-04-21 20:46:49
1005,150,373,2011-04-21 20:46:49,2011-04-21 20:46:49
1006,150,397,2011-04-21 20:46:49,2011-04-21 20:46:49
1007,150,406,2011-04-21 20:46:49,2011-04-21 20:46:49
1008,150,531,2011-04-21 20:46:49,2011-04-21 20:46:49
1009,150,573,2011-04-21 20:46:50,2011-04-21 20:46:50
1010,150,619,2011-04-21 20:46:50,2011-04-21 20:46:50
1011,150,733,2011-04-21 20:46:50,2011-04-21 20:46:50
1012,150,804,2011-04-21 20:46:50,2011-04-21 20:46:50
1014,150,417,2011-04-21 20:46:50,2011-04-21 20:46:50
1015,150,629,2011-04-21 20:46:50,2011-04-21 20:46:50
1016,150,768,2011-04-21 20:46:50,2011-04-21 20:46:50
1017,150,622,2011-04-21 20:46:50,2011-04-21 20:46:50
1018,151,185,2011-04-21 20:46:50,2011-04-21 20:46:50
1019,151,219,2011-04-21 20:46:50,2011-04-21 20:46:50
1021,151,358,2011-04-21 20:46:50,2011-04-21 20:46:50
1022,151,396,2011-04-21 20:46:50,2011-04-21 20:46:50
1023,151,464,2011-04-21 20:46:50,2011-04-21 20:46:50
1024,151,556,2011-04-21 20:46:50,2011-04-21 20:46:50
1025,151,715,2011-04-21 20:46:50,2011-04-21 20:46:50
1026,151,862,2011-04-21 20:46:50,2011-04-21 20:46:50
1027,151,915,2011-04-21 20:46:50,2011-04-21 20:46:50
1028,151,927,2011-04-21 20:46:50,2011-04-21 20:46:50
1029,151,797,2011-04-21 20:46:50,2011-04-21 20:46:50
1030,151,261,2011-04-21 20:46:50,2011-04-21 20:46:50
1031,151,417,2011-04-21 20:46:50,2011-04-21 20:46:50
1032,151,629,2011-04-21 20:46:50,2011-04-21 20:46:50
1033,151,768,2011-04-21 20:46:50,2011-04-21 20:46:50
1034,152,185,2011-04-21 20:46:50,2011-04-21 20:46:50
1035,152,219,2011-04-21 20:46:50,2011-04-21 20:46:50
1037,152,358,2011-04-21 20:46:50,2011-04-21 20:46:50
1038,152,396,2011-04-21 20:46:50,2011-04-21 20:46:50
1039,152,464,2011-04-21 20:46:50,2011-04-21 20:46:50
1040,152,556,2011-04-21 20:46:50,2011-04-21 20:46:50
1041,152,715,2011-04-21 20:46:50,2011-04-21 20:46:50
1042,152,862,2011-04-21 20:46:50,2011-04-21 20:46:50
1043,152,915,2011-04-21 20:46:50,2011-04-21 20:46:50
1044,153,185,2011-04-21 20:46:50,2011-04-21 20:46:50
1045,153,219,2011-04-21 20:46:50,2011-04-21 20:46:50
1047,153,358,2011-04-21 20:46:50,2011-04-21 20:46:50
1048,153,396,2011-04-21 20:46:50,2011-04-21 20:46:50
1049,153,464,2011-04-21 20:46:51,2011-04-21 20:46:51
1050,153,556,2011-04-21 20:46:51,2011-04-21 20:46:51
1051,153,715,2011-04-21 20:46:51,2011-04-21 20:46:51
1052,153,862,2011-04-21 20:46:51,2011-04-21 20:46:51
1053,153,915,2011-04-21 20:46:51,2011-04-21 20:46:51
1054,153,927,2011-04-21 20:46:51,2011-04-21 20:46:51
1055,153,797,2011-04-21 20:46:51,2011-04-21 20:46:51
1056,153,261,2011-04-21 20:46:51,2011-04-21 20:46:51
1057,153,417,2011-04-21 20:46:51,2011-04-21 20:46:51
1058,153,629,2011-04-21 20:46:51,2011-04-21 20:46:51
1059,153,768,2011-04-21 20:46:51,2011-04-21 20:46:51
1060,154,817,2011-04-21 20:46:51,2011-04-21 20:46:51
1061,154,371,2011-04-21 20:46:51,2011-04-21 20:46:51
1062,154,714,2011-04-21 20:46:51,2011-04-21 20:46:51
1063,154,22,2011-04-21 20:46:51,2011-04-21 20:46:51
1064,154,192,2011-04-21 20:46:51,2011-04-21 20:46:51
1065,154,632,2011-04-21 20:46:51,2011-04-21 20:46:51
1066,154,832,2011-04-21 20:46:51,2011-04-21 20:46:51
1072,160,628,2011-04-21 20:46:52,2011-04-21 20:46:52
1073,160,539,2011-04-21 20:46:52,2011-04-21 20:46:52
1074,160,602,2011-04-21 20:46:52,2011-04-21 20:46:52
1075,160,250,2011-04-21 20:46:52,2011-04-21 20:46:52
1076,160,381,2011-04-21 20:46:52,2011-04-21 20:46:52
1077,160,817,2011-04-21 20:46:52,2011-04-21 20:46:52
1078,160,714,2011-04-21 20:46:52,2011-04-21 20:46:52
1079,166,817,2011-04-21 20:46:52,2011-04-21 20:46:52
1080,166,628,2011-04-21 20:46:52,2011-04-21 20:46:52
1081,166,371,2011-04-21 20:46:52,2011-04-21 20:46:52
1082,166,381,2011-04-21 20:46:52,2011-04-21 20:46:52
1083,166,714,2011-04-21 20:46:52,2011-04-21 20:46:52
1084,166,277,2011-04-21 20:46:52,2011-04-21 20:46:52
1085,166,250,2011-04-21 20:46:52,2011-04-21 20:46:52
1086,168,64,2011-04-21 20:46:52,2011-04-21 20:46:52
1087,168,115,2011-04-21 20:46:52,2011-04-21 20:46:52
1088,168,135,2011-04-21 20:46:52,2011-04-21 20:46:52
1089,168,139,2011-04-21 20:46:52,2011-04-21 20:46:52
1090,168,197,2011-04-21 20:46:52,2011-04-21 20:46:52
1091,168,267,2011-04-21 20:46:52,2011-04-21 20:46:52
1092,168,305,2011-04-21 20:46:52,2011-04-21 20:46:52
1093,168,327,2011-04-21 20:46:52,2011-04-21 20:46:52
1094,168,357,2011-04-21 20:46:52,2011-04-21 20:46:52
1095,168,374,2011-04-21 20:46:52,2011-04-21 20:46:52
1096,168,434,2011-04-21 20:46:52,2011-04-21 20:46:52
1097,168,491,2011-04-21 20:46:52,2011-04-21 20:46:52
1098,168,495,2011-04-21 20:46:53,2011-04-21 20:46:53
1099,168,585,2011-04-21 20:46:53,2011-04-21 20:46:53
1100,168,618,2011-04-21 20:46:53,2011-04-21 20:46:53
1101,168,635,2011-04-21 20:46:53,2011-04-21 20:46:53
1102,168,675,2011-04-21 20:46:53,2011-04-21 20:46:53
1103,168,697,2011-04-21 20:46:53,2011-04-21 20:46:53
1104,168,728,2011-04-21 20:46:53,2011-04-21 20:46:53
1105,168,737,2011-04-21 20:46:53,2011-04-21 20:46:53
1106,168,738,2011-04-21 20:46:53,2011-04-21 20:46:53
1107,168,788,2011-04-21 20:46:53,2011-04-21 20:46:53
1108,168,805,2011-04-21 20:46:53,2011-04-21 20:46:53
1109,168,820,2011-04-21 20:46:53,2011-04-21 20:46:53
1110,168,891,2011-04-21 20:46:53,2011-04-21 20:46:53
1111,168,917,2011-04-21 20:46:53,2011-04-21 20:46:53
1112,168,185,2011-04-21 20:46:53,2011-04-21 20:46:53
1113,168,219,2011-04-21 20:46:53,2011-04-21 20:46:53
1115,168,358,2011-04-21 20:46:53,2011-04-21 20:46:53
1116,168,396,2011-04-21 20:46:53,2011-04-21 20:46:53
1117,168,464,2011-04-21 20:46:53,2011-04-21 20:46:53
1118,168,556,2011-04-21 20:46:53,2011-04-21 20:46:53
1119,168,715,2011-04-21 20:46:53,2011-04-21 20:46:53
1120,168,862,2011-04-21 20:46:53,2011-04-21 20:46:53
1121,168,915,2011-04-21 20:46:53,2011-04-21 20:46:53
1122,168,261,2011-04-21 20:46:53,2011-04-21 20:46:53
1123,168,417,2011-04-21 20:46:53,2011-04-21 20:46:53
1124,168,629,2011-04-21 20:46:53,2011-04-21 20:46:53
1125,168,768,2011-04-21 20:46:53,2011-04-21 20:46:53
1126,169,448,2011-04-21 20:46:53,2011-04-21 20:46:53
1127,169,552,2011-04-21 20:46:54,2011-04-21 20:46:54
1128,169,234,2011-04-21 20:46:54,2011-04-21 20:46:54
1129,169,690,2011-04-21 20:46:54,2011-04-21 20:46:54
1130,169,453,2011-04-21 20:46:54,2011-04-21 20:46:54
1131,169,186,2011-04-21 20:46:54,2011-04-21 20:46:54
1132,169,660,2011-04-21 20:46:54,2011-04-21 20:46:54
1133,169,121,2011-04-21 20:46:54,2011-04-21 20:46:54
1134,169,278,2011-04-21 20:46:54,2011-04-21 20:46:54
1135,170,812,2011-04-21 20:46:54,2011-04-21 20:46:54
1136,170,927,2011-04-21 20:46:54,2011-04-21 20:46:54
1137,170,304,2011-04-21 20:46:54,2011-04-21 20:46:54
1138,170,884,2011-04-21 20:46:54,2011-04-21 20:46:54
1139,170,172,2011-04-21 20:46:54,2011-04-21 20:46:54
1140,170,266,2011-04-21 20:46:54,2011-04-21 20:46:54
1141,170,626,2011-04-21 20:46:54,2011-04-21 20:46:54
1142,170,343,2011-04-21 20:46:54,2011-04-21 20:46:54
1143,170,415,2011-04-21 20:46:54,2011-04-21 20:46:54
1144,170,596,2011-04-21 20:46:54,2011-04-21 20:46:54
1145,170,808,2011-04-21 20:46:54,2011-04-21 20:46:54
1146,170,817,2011-04-21 20:46:54,2011-04-21 20:46:54
1147,170,258,2011-04-21 20:46:54,2011-04-21 20:46:54
1148,171,64,2011-04-21 20:46:55,2011-04-21 20:46:55
1149,171,115,2011-04-21 20:46:55,2011-04-21 20:46:55
1150,171,135,2011-04-21 20:46:55,2011-04-21 20:46:55
1151,171,139,2011-04-21 20:46:55,2011-04-21 20:46:55
1152,171,197,2011-04-21 20:46:55,2011-04-21 20:46:55
1153,171,267,2011-04-21 20:46:55,2011-04-21 20:46:55
1154,171,305,2011-04-21 20:46:55,2011-04-21 20:46:55
1155,171,327,2011-04-21 20:46:55,2011-04-21 20:46:55
1156,171,357,2011-04-21 20:46:55,2011-04-21 20:46:55
1157,171,374,2011-04-21 20:46:55,2011-04-21 20:46:55
1158,171,434,2011-04-21 20:46:55,2011-04-21 20:46:55
1159,171,491,2011-04-21 20:46:55,2011-04-21 20:46:55
1160,171,495,2011-04-21 20:46:55,2011-04-21 20:46:55
1161,171,585,2011-04-21 20:46:55,2011-04-21 20:46:55
1162,171,618,2011-04-21 20:46:55,2011-04-21 20:46:55
1163,171,635,2011-04-21 20:46:55,2011-04-21 20:46:55
1164,171,675,2011-04-21 20:46:55,2011-04-21 20:46:55
1165,171,697,2011-04-21 20:46:55,2011-04-21 20:46:55
1166,171,728,2011-04-21 20:46:55,2011-04-21 20:46:55
1167,171,737,2011-04-21 20:46:55,2011-04-21 20:46:55
1168,171,738,2011-04-21 20:46:55,2011-04-21 20:46:55
1169,171,788,2011-04-21 20:46:55,2011-04-21 20:46:55
1170,171,805,2011-04-21 20:46:55,2011-04-21 20:46:55
1171,171,820,2011-04-21 20:46:55,2011-04-21 20:46:55
1172,171,891,2011-04-21 20:46:55,2011-04-21 20:46:55
1173,171,917,2011-04-21 20:46:55,2011-04-21 20:46:55
1174,171,185,2011-04-21 20:46:55,2011-04-21 20:46:55
1175,171,219,2011-04-21 20:46:55,2011-04-21 20:46:55
1177,171,358,2011-04-21 20:46:55,2011-04-21 20:46:55
1178,171,396,2011-04-21 20:46:55,2011-04-21 20:46:55
1179,171,464,2011-04-21 20:46:55,2011-04-21 20:46:55
1180,171,556,2011-04-21 20:46:55,2011-04-21 20:46:55
1181,171,715,2011-04-21 20:46:55,2011-04-21 20:46:55
1182,171,862,2011-04-21 20:46:55,2011-04-21 20:46:55
1183,171,915,2011-04-21 20:46:55,2011-04-21 20:46:55
1184,171,261,2011-04-21 20:46:55,2011-04-21 20:46:55
1185,171,417,2011-04-21 20:46:55,2011-04-21 20:46:55
1186,171,629,2011-04-21 20:46:55,2011-04-21 20:46:55
1187,171,768,2011-04-21 20:46:55,2011-04-21 20:46:55
1188,172,448,2011-04-21 20:46:55,2011-04-21 20:46:55
1189,172,552,2011-04-21 20:46:55,2011-04-21 20:46:55
1190,172,234,2011-04-21 20:46:56,2011-04-21 20:46:56
1191,172,690,2011-04-21 20:46:56,2011-04-21 20:46:56
1192,172,453,2011-04-21 20:46:56,2011-04-21 20:46:56
1193,172,186,2011-04-21 20:46:56,2011-04-21 20:46:56
1194,172,660,2011-04-21 20:46:56,2011-04-21 20:46:56
1195,172,121,2011-04-21 20:46:56,2011-04-21 20:46:56
1196,172,278,2011-04-21 20:46:56,2011-04-21 20:46:56
1197,173,927,2011-04-21 20:46:56,2011-04-21 20:46:56
1198,173,313,2011-04-21 20:46:56,2011-04-21 20:46:56
1199,173,460,2011-04-21 20:46:56,2011-04-21 20:46:56
1200,173,404,2011-04-21 20:46:56,2011-04-21 20:46:56
1201,173,728,2011-04-21 20:46:56,2011-04-21 20:46:56
1202,173,739,2011-04-21 20:46:56,2011-04-21 20:46:56
1203,173,171,2011-04-21 20:46:56,2011-04-21 20:46:56
1204,173,928,2011-04-21 20:46:56,2011-04-21 20:46:56
1205,173,480,2011-04-21 20:46:56,2011-04-21 20:46:56
1206,173,526,2011-04-21 20:46:57,2011-04-21 20:46:57
1207,173,261,2011-04-21 20:46:57,2011-04-21 20:46:57
1208,173,417,2011-04-21 20:46:57,2011-04-21 20:46:57
1209,173,629,2011-04-21 20:46:57,2011-04-21 20:46:57
1210,173,768,2011-04-21 20:46:57,2011-04-21 20:46:57
1211,178,382,2011-04-21 20:46:57,2011-04-21 20:46:57
1212,178,927,2011-04-21 20:46:57,2011-04-21 20:46:57
1213,178,916,2011-04-21 20:46:57,2011-04-21 20:46:57
1214,178,760,2011-04-21 20:46:57,2011-04-21 20:46:57
1215,178,608,2011-04-21 20:46:57,2011-04-21 20:46:57
1216,178,532,2011-04-21 20:46:57,2011-04-21 20:46:57
1217,178,165,2011-04-21 20:46:57,2011-04-21 20:46:57
1218,178,477,2011-04-21 20:46:57,2011-04-21 20:46:57
1219,178,797,2011-04-21 20:46:57,2011-04-21 20:46:57
1220,178,420,2011-04-21 20:46:57,2011-04-21 20:46:57
1221,178,381,2011-04-21 20:46:57,2011-04-21 20:46:57
1222,178,287,2011-04-21 20:46:57,2011-04-21 20:46:57
1223,178,398,2011-04-21 20:46:57,2011-04-21 20:46:57
1224,179,22,2011-04-21 20:46:57,2011-04-21 20:46:57
1225,179,381,2011-04-21 20:46:57,2011-04-21 20:46:57
1226,179,570,2011-04-21 20:46:57,2011-04-21 20:46:57
1227,179,277,2011-04-21 20:46:57,2011-04-21 20:46:57
1228,179,683,2011-04-21 20:46:57,2011-04-21 20:46:57
1230,181,417,2011-04-21 20:46:57,2011-04-21 20:46:57
1231,181,629,2011-04-21 20:46:57,2011-04-21 20:46:57
1232,181,768,2011-04-21 20:46:57,2011-04-21 20:46:57
1233,184,45,2011-04-21 20:46:58,2011-04-21 20:46:58
1234,184,131,2011-04-21 20:46:58,2011-04-21 20:46:58
1235,184,212,2011-04-21 20:46:58,2011-04-21 20:46:58
1236,184,313,2011-04-21 20:46:58,2011-04-21 20:46:58
1237,184,339,2011-04-21 20:46:58,2011-04-21 20:46:58
1238,184,373,2011-04-21 20:46:58,2011-04-21 20:46:58
1239,184,397,2011-04-21 20:46:58,2011-04-21 20:46:58
1240,184,406,2011-04-21 20:46:58,2011-04-21 20:46:58
1241,184,531,2011-04-21 20:46:58,2011-04-21 20:46:58
1242,184,573,2011-04-21 20:46:58,2011-04-21 20:46:58
1243,184,619,2011-04-21 20:46:58,2011-04-21 20:46:58
1244,184,733,2011-04-21 20:46:58,2011-04-21 20:46:58
1245,184,804,2011-04-21 20:46:58,2011-04-21 20:46:58
1246,184,111,2011-04-21 20:46:58,2011-04-21 20:46:58
1247,184,180,2011-04-21 20:46:58,2011-04-21 20:46:58
1248,184,534,2011-04-21 20:46:58,2011-04-21 20:46:58
1249,184,574,2011-04-21 20:46:58,2011-04-21 20:46:58
1250,184,578,2011-04-21 20:46:58,2011-04-21 20:46:58
1251,184,688,2011-04-21 20:46:58,2011-04-21 20:46:58
1252,184,801,2011-04-21 20:46:58,2011-04-21 20:46:58
1253,185,344,2011-04-21 20:46:59,2011-04-21 20:46:59
1254,185,200,2011-04-21 20:46:59,2011-04-21 20:46:59
1255,185,349,2011-04-21 20:46:59,2011-04-21 20:46:59
1256,185,539,2011-04-21 20:46:59,2011-04-21 20:46:59
1257,185,121,2011-04-21 20:46:59,2011-04-21 20:46:59
1258,185,490,2011-04-21 20:46:59,2011-04-21 20:46:59
1259,185,798,2011-04-21 20:46:59,2011-04-21 20:46:59
1260,185,827,2011-04-21 20:46:59,2011-04-21 20:46:59
1261,185,48,2011-04-21 20:46:59,2011-04-21 20:46:59
1262,185,61,2011-04-21 20:46:59,2011-04-21 20:46:59
1263,185,552,2011-04-21 20:46:59,2011-04-21 20:46:59
1264,185,554,2011-04-21 20:46:59,2011-04-21 20:46:59
1265,185,191,2011-04-21 20:46:59,2011-04-21 20:46:59
1266,185,448,2011-04-21 20:46:59,2011-04-21 20:46:59
1267,185,278,2011-04-21 20:46:59,2011-04-21 20:46:59
1268,185,356,2011-04-21 20:46:59,2011-04-21 20:46:59
1269,185,204,2011-04-21 20:47:00,2011-04-21 20:47:00
1270,185,830,2011-04-21 20:47:00,2011-04-21 20:47:00
1271,185,281,2011-04-21 20:47:00,2011-04-21 20:47:00
1272,185,17,2011-04-21 20:47:00,2011-04-21 20:47:00
1273,185,223,2011-04-21 20:47:00,2011-04-21 20:47:00
1274,185,822,2011-04-21 20:47:00,2011-04-21 20:47:00
1275,185,605,2011-04-21 20:47:00,2011-04-21 20:47:00
1276,185,446,2011-04-21 20:47:00,2011-04-21 20:47:00
1277,185,366,2011-04-21 20:47:00,2011-04-21 20:47:00
1278,185,432,2011-04-21 20:47:00,2011-04-21 20:47:00
1279,185,920,2011-04-21 20:47:00,2011-04-21 20:47:00
1280,185,269,2011-04-21 20:47:00,2011-04-21 20:47:00
1281,185,906,2011-04-21 20:47:00,2011-04-21 20:47:00
1282,185,747,2011-04-21 20:47:00,2011-04-21 20:47:00
1283,185,330,2011-04-21 20:47:00,2011-04-21 20:47:00
1284,185,727,2011-04-21 20:47:00,2011-04-21 20:47:00
1285,185,623,2011-04-21 20:47:00,2011-04-21 20:47:00
1286,185,405,2011-04-21 20:47:00,2011-04-21 20:47:00
1287,185,524,2011-04-21 20:47:00,2011-04-21 20:47:00
1288,185,851,2011-04-21 20:47:00,2011-04-21 20:47:00
1289,185,508,2011-04-21 20:47:00,2011-04-21 20:47:00
1290,185,293,2011-04-21 20:47:00,2011-04-21 20:47:00
1291,185,657,2011-04-21 20:47:00,2011-04-21 20:47:00
1292,185,438,2011-04-21 20:47:00,2011-04-21 20:47:00
1293,185,829,2011-04-21 20:47:00,2011-04-21 20:47:00
1294,185,253,2011-04-21 20:47:00,2011-04-21 20:47:00
1295,185,885,2011-04-21 20:47:00,2011-04-21 20:47:00
1296,185,157,2011-04-21 20:47:00,2011-04-21 20:47:00
1297,185,81,2011-04-21 20:47:00,2011-04-21 20:47:00
1298,185,680,2011-04-21 20:47:00,2011-04-21 20:47:00
1299,185,24,2011-04-21 20:47:00,2011-04-21 20:47:00
1300,185,784,2011-04-21 20:47:00,2011-04-21 20:47:00
1301,186,799,2011-04-21 20:47:01,2011-04-21 20:47:01
1302,186,800,2011-04-21 20:47:01,2011-04-21 20:47:01
1303,186,710,2011-04-21 20:47:01,2011-04-21 20:47:01
1304,186,576,2011-04-21 20:47:01,2011-04-21 20:47:01
1305,186,892,2011-04-21 20:47:01,2011-04-21 20:47:01
1306,186,242,2011-04-21 20:47:01,2011-04-21 20:47:01
1307,187,842,2011-04-21 20:47:01,2011-04-21 20:47:01
1308,187,692,2011-04-21 20:47:01,2011-04-21 20:47:01
1309,187,134,2011-04-21 20:47:01,2011-04-21 20:47:01
1310,187,235,2011-04-21 20:47:01,2011-04-21 20:47:01
1311,187,234,2011-04-21 20:47:01,2011-04-21 20:47:01
1312,187,795,2011-04-21 20:47:01,2011-04-21 20:47:01
1313,187,99,2011-04-21 20:47:01,2011-04-21 20:47:01
1314,187,345,2011-04-21 20:47:01,2011-04-21 20:47:01
1315,188,469,2011-04-21 20:47:01,2011-04-21 20:47:01
1316,188,927,2011-04-21 20:47:01,2011-04-21 20:47:01
1317,188,477,2011-04-21 20:47:01,2011-04-21 20:47:01
1318,189,469,2011-04-21 20:47:01,2011-04-21 20:47:01
1319,189,927,2011-04-21 20:47:01,2011-04-21 20:47:01
1320,189,477,2011-04-21 20:47:01,2011-04-21 20:47:01
1321,190,177,2011-04-21 20:47:02,2011-04-21 20:47:02
1322,190,702,2011-04-21 20:47:02,2011-04-21 20:47:02
1323,190,838,2011-04-21 20:47:02,2011-04-21 20:47:02
1324,190,424,2011-04-21 20:47:02,2011-04-21 20:47:02
1325,190,111,2011-04-21 20:47:02,2011-04-21 20:47:02
1326,190,171,2011-04-21 20:47:02,2011-04-21 20:47:02
1327,190,299,2011-04-21 20:47:02,2011-04-21 20:47:02
1328,190,113,2011-04-21 20:47:02,2011-04-21 20:47:02
1329,190,816,2011-04-21 20:47:02,2011-04-21 20:47:02
1330,190,321,2011-04-21 20:47:02,2011-04-21 20:47:02
1331,191,185,2011-04-21 20:47:02,2011-04-21 20:47:02
1332,191,219,2011-04-21 20:47:02,2011-04-21 20:47:02
1334,191,358,2011-04-21 20:47:02,2011-04-21 20:47:02
1335,191,396,2011-04-21 20:47:02,2011-04-21 20:47:02
1336,191,464,2011-04-21 20:47:02,2011-04-21 20:47:02
1337,191,556,2011-04-21 20:47:02,2011-04-21 20:47:02
1338,191,715,2011-04-21 20:47:02,2011-04-21 20:47:02
1339,191,862,2011-04-21 20:47:02,2011-04-21 20:47:02
1340,191,915,2011-04-21 20:47:02,2011-04-21 20:47:02
1341,191,261,2011-04-21 20:47:02,2011-04-21 20:47:02
1342,191,417,2011-04-21 20:47:02,2011-04-21 20:47:02
1343,191,629,2011-04-21 20:47:02,2011-04-21 20:47:02
1344,191,768,2011-04-21 20:47:02,2011-04-21 20:47:02
1345,192,576,2011-04-21 20:47:02,2011-04-21 20:47:02
1346,192,693,2011-04-21 20:47:02,2011-04-21 20:47:02
1347,192,892,2011-04-21 20:47:02,2011-04-21 20:47:02
1348,192,799,2011-04-21 20:47:02,2011-04-21 20:47:02
1349,192,800,2011-04-21 20:47:03,2011-04-21 20:47:03
1350,192,571,2011-04-21 20:47:03,2011-04-21 20:47:03
1351,193,576,2011-04-21 20:47:03,2011-04-21 20:47:03
1352,193,693,2011-04-21 20:47:03,2011-04-21 20:47:03
1353,193,892,2011-04-21 20:47:03,2011-04-21 20:47:03
1354,193,799,2011-04-21 20:47:03,2011-04-21 20:47:03
1355,193,800,2011-04-21 20:47:03,2011-04-21 20:47:03
1356,193,571,2011-04-21 20:47:03,2011-04-21 20:47:03
1357,195,185,2011-04-21 20:47:03,2011-04-21 20:47:03
1358,195,219,2011-04-21 20:47:03,2011-04-21 20:47:03
1360,195,358,2011-04-21 20:47:03,2011-04-21 20:47:03
1361,195,396,2011-04-21 20:47:03,2011-04-21 20:47:03
1362,195,464,2011-04-21 20:47:03,2011-04-21 20:47:03
1363,195,556,2011-04-21 20:47:03,2011-04-21 20:47:03
1364,195,715,2011-04-21 20:47:03,2011-04-21 20:47:03
1365,195,862,2011-04-21 20:47:03,2011-04-21 20:47:03
1366,195,915,2011-04-21 20:47:03,2011-04-21 20:47:03
1367,195,45,2011-04-21 20:47:03,2011-04-21 20:47:03
1368,195,131,2011-04-21 20:47:03,2011-04-21 20:47:03
1369,195,212,2011-04-21 20:47:03,2011-04-21 20:47:03
1370,195,313,2011-04-21 20:47:03,2011-04-21 20:47:03
1371,195,339,2011-04-21 20:47:04,2011-04-21 20:47:04
1372,195,373,2011-04-21 20:47:04,2011-04-21 20:47:04
1373,195,397,2011-04-21 20:47:04,2011-04-21 20:47:04
1374,195,406,2011-04-21 20:47:04,2011-04-21 20:47:04
1375,195,531,2011-04-21 20:47:04,2011-04-21 20:47:04
1376,195,573,2011-04-21 20:47:04,2011-04-21 20:47:04
1377,195,619,2011-04-21 20:47:04,2011-04-21 20:47:04
1378,195,733,2011-04-21 20:47:04,2011-04-21 20:47:04
1379,195,804,2011-04-21 20:47:04,2011-04-21 20:47:04
1380,195,261,2011-04-21 20:47:04,2011-04-21 20:47:04
1381,195,417,2011-04-21 20:47:04,2011-04-21 20:47:04
1382,195,629,2011-04-21 20:47:04,2011-04-21 20:47:04
1383,195,768,2011-04-21 20:47:04,2011-04-21 20:47:04
1384,197,122,2011-04-21 20:47:04,2011-04-21 20:47:04
1385,197,463,2011-04-21 20:47:04,2011-04-21 20:47:04
1386,197,774,2011-04-21 20:47:04,2011-04-21 20:47:04
1387,197,323,2011-04-21 20:47:04,2011-04-21 20:47:04
1388,197,667,2011-04-21 20:47:04,2011-04-21 20:47:04
1389,197,848,2011-04-21 20:47:04,2011-04-21 20:47:04
1390,197,398,2011-04-21 20:47:04,2011-04-21 20:47:04
1391,197,604,2011-04-21 20:47:04,2011-04-21 20:47:04
1392,197,927,2011-04-21 20:47:04,2011-04-21 20:47:04
1393,198,756,2011-04-21 20:47:04,2011-04-21 20:47:04
1394,200,144,2011-04-21 20:47:04,2011-04-21 20:47:04
1395,201,655,2011-04-21 20:47:04,2011-04-21 20:47:04
1396,203,45,2011-04-21 20:47:04,2011-04-21 20:47:04
1397,203,131,2011-04-21 20:47:04,2011-04-21 20:47:04
1398,203,212,2011-04-21 20:47:04,2011-04-21 20:47:04
1399,203,313,2011-04-21 20:47:04,2011-04-21 20:47:04
1400,203,339,2011-04-21 20:47:04,2011-04-21 20:47:04
1401,203,373,2011-04-21 20:47:04,2011-04-21 20:47:04
1402,203,397,2011-04-21 20:47:04,2011-04-21 20:47:04
1403,203,406,2011-04-21 20:47:04,2011-04-21 20:47:04
1404,203,531,2011-04-21 20:47:04,2011-04-21 20:47:04
1405,203,573,2011-04-21 20:47:04,2011-04-21 20:47:04
1406,203,619,2011-04-21 20:47:04,2011-04-21 20:47:04
1407,203,733,2011-04-21 20:47:05,2011-04-21 20:47:05
1408,203,804,2011-04-21 20:47:05,2011-04-21 20:47:05
1409,203,261,2011-04-21 20:47:05,2011-04-21 20:47:05
1410,203,417,2011-04-21 20:47:05,2011-04-21 20:47:05
1411,203,629,2011-04-21 20:47:05,2011-04-21 20:47:05
1412,203,768,2011-04-21 20:47:05,2011-04-21 20:47:05
1413,204,852,2011-04-21 20:47:05,2011-04-21 20:47:05
1414,204,366,2011-04-21 20:47:05,2011-04-21 20:47:05
1415,206,201,2011-04-21 20:47:05,2011-04-21 20:47:05
1416,206,536,2011-04-21 20:47:05,2011-04-21 20:47:05
1417,206,609,2011-04-21 20:47:05,2011-04-21 20:47:05
1418,206,834,2011-04-21 20:47:05,2011-04-21 20:47:05
1419,207,530,2011-04-21 20:47:06,2011-04-21 20:47:06
1420,207,426,2011-04-21 20:47:06,2011-04-21 20:47:06
1421,207,908,2011-04-21 20:47:06,2011-04-21 20:47:06
1422,207,206,2011-04-21 20:47:06,2011-04-21 20:47:06
1423,207,98,2011-04-21 20:47:06,2011-04-21 20:47:06
1424,207,173,2011-04-21 20:47:06,2011-04-21 20:47:06
1425,207,425,2011-04-21 20:47:06,2011-04-21 20:47:06
1426,207,434,2011-04-21 20:47:06,2011-04-21 20:47:06
1427,207,821,2011-04-21 20:47:06,2011-04-21 20:47:06
1429,208,417,2011-04-21 20:47:06,2011-04-21 20:47:06
1430,208,629,2011-04-21 20:47:06,2011-04-21 20:47:06
1431,208,768,2011-04-21 20:47:06,2011-04-21 20:47:06
1432,209,261,2011-04-21 20:47:06,2011-04-21 20:47:06
1433,209,417,2011-04-21 20:47:06,2011-04-21 20:47:06
1434,209,629,2011-04-21 20:47:06,2011-04-21 20:47:06
1435,209,768,2011-04-21 20:47:06,2011-04-21 20:47:06
1436,209,185,2011-04-21 20:47:06,2011-04-21 20:47:06
1437,209,219,2011-04-21 20:47:06,2011-04-21 20:47:06
1439,209,358,2011-04-21 20:47:06,2011-04-21 20:47:06
1440,209,396,2011-04-21 20:47:06,2011-04-21 20:47:06
1441,209,464,2011-04-21 20:47:06,2011-04-21 20:47:06
1442,209,556,2011-04-21 20:47:06,2011-04-21 20:47:06
1443,209,715,2011-04-21 20:47:06,2011-04-21 20:47:06
1444,209,862,2011-04-21 20:47:06,2011-04-21 20:47:06
1445,209,915,2011-04-21 20:47:06,2011-04-21 20:47:06
1446,209,570,2011-04-21 20:47:06,2011-04-21 20:47:06
1447,209,602,2011-04-21 20:47:06,2011-04-21 20:47:06
1448,209,577,2011-04-21 20:47:06,2011-04-21 20:47:06
1449,209,714,2011-04-21 20:47:06,2011-04-21 20:47:06
1450,210,185,2011-04-21 20:47:06,2011-04-21 20:47:06
1451,210,219,2011-04-21 20:47:06,2011-04-21 20:47:06
1453,210,358,2011-04-21 20:47:06,2011-04-21 20:47:06
1454,210,396,2011-04-21 20:47:06,2011-04-21 20:47:06
1455,210,464,2011-04-21 20:47:06,2011-04-21 20:47:06
1456,210,556,2011-04-21 20:47:06,2011-04-21 20:47:06
1457,210,715,2011-04-21 20:47:06,2011-04-21 20:47:06
1458,210,862,2011-04-21 20:47:06,2011-04-21 20:47:06
1459,210,915,2011-04-21 20:47:06,2011-04-21 20:47:06
1460,210,261,2011-04-21 20:47:06,2011-04-21 20:47:06
1461,210,417,2011-04-21 20:47:06,2011-04-21 20:47:06
1462,210,629,2011-04-21 20:47:06,2011-04-21 20:47:06
1463,210,768,2011-04-21 20:47:06,2011-04-21 20:47:06
1464,212,64,2011-04-21 20:47:07,2011-04-21 20:47:07
1465,212,115,2011-04-21 20:47:07,2011-04-21 20:47:07
1466,212,135,2011-04-21 20:47:07,2011-04-21 20:47:07
1467,212,139,2011-04-21 20:47:07,2011-04-21 20:47:07
1468,212,197,2011-04-21 20:47:07,2011-04-21 20:47:07
1469,212,267,2011-04-21 20:47:07,2011-04-21 20:47:07
1470,212,305,2011-04-21 20:47:07,2011-04-21 20:47:07
1471,212,327,2011-04-21 20:47:07,2011-04-21 20:47:07
1472,212,357,2011-04-21 20:47:07,2011-04-21 20:47:07
1473,212,374,2011-04-21 20:47:07,2011-04-21 20:47:07
1474,212,434,2011-04-21 20:47:07,2011-04-21 20:47:07
1475,212,491,2011-04-21 20:47:07,2011-04-21 20:47:07
1476,212,495,2011-04-21 20:47:07,2011-04-21 20:47:07
1477,212,585,2011-04-21 20:47:07,2011-04-21 20:47:07
1478,212,618,2011-04-21 20:47:07,2011-04-21 20:47:07
1479,212,635,2011-04-21 20:47:07,2011-04-21 20:47:07
1480,212,675,2011-04-21 20:47:07,2011-04-21 20:47:07
1481,212,697,2011-04-21 20:47:07,2011-04-21 20:47:07
1482,212,728,2011-04-21 20:47:07,2011-04-21 20:47:07
1483,212,737,2011-04-21 20:47:07,2011-04-21 20:47:07
1484,212,738,2011-04-21 20:47:07,2011-04-21 20:47:07
1485,212,788,2011-04-21 20:47:07,2011-04-21 20:47:07
1486,212,805,2011-04-21 20:47:07,2011-04-21 20:47:07
1487,212,820,2011-04-21 20:47:07,2011-04-21 20:47:07
1488,212,891,2011-04-21 20:47:07,2011-04-21 20:47:07
1489,212,917,2011-04-21 20:47:07,2011-04-21 20:47:07
1490,213,41,2011-04-21 20:47:07,2011-04-21 20:47:07
1491,213,164,2011-04-21 20:47:07,2011-04-21 20:47:07
1492,213,199,2011-04-21 20:47:07,2011-04-21 20:47:07
1493,213,264,2011-04-21 20:47:07,2011-04-21 20:47:07
1494,213,273,2011-04-21 20:47:07,2011-04-21 20:47:07
1495,213,283,2011-04-21 20:47:07,2011-04-21 20:47:07
1496,213,334,2011-04-21 20:47:07,2011-04-21 20:47:07
1497,213,367,2011-04-21 20:47:07,2011-04-21 20:47:07
1498,213,468,2011-04-21 20:47:07,2011-04-21 20:47:07
1499,213,784,2011-04-21 20:47:07,2011-04-21 20:47:07
1500,213,803,2011-04-21 20:47:07,2011-04-21 20:47:07
1501,213,279,2011-04-21 20:47:07,2011-04-21 20:47:07
1502,214,41,2011-04-21 20:47:08,2011-04-21 20:47:08
1503,214,164,2011-04-21 20:47:08,2011-04-21 20:47:08
1504,214,199,2011-04-21 20:47:08,2011-04-21 20:47:08
1505,214,264,2011-04-21 20:47:08,2011-04-21 20:47:08
1506,214,273,2011-04-21 20:47:08,2011-04-21 20:47:08
1507,214,283,2011-04-21 20:47:08,2011-04-21 20:47:08
1508,214,334,2011-04-21 20:47:08,2011-04-21 20:47:08
1509,214,367,2011-04-21 20:47:08,2011-04-21 20:47:08
1510,214,468,2011-04-21 20:47:08,2011-04-21 20:47:08
1511,214,784,2011-04-21 20:47:08,2011-04-21 20:47:08
1512,214,803,2011-04-21 20:47:08,2011-04-21 20:47:08
1513,214,279,2011-04-21 20:47:08,2011-04-21 20:47:08
1514,216,830,2011-04-21 20:47:08,2011-04-21 20:47:08
1515,261,830,2011-04-21 20:47:08,2011-04-21 20:47:08
1516,216,210,2011-04-21 20:47:08,2011-04-21 20:47:08
1517,261,210,2011-04-21 20:47:08,2011-04-21 20:47:08
1518,216,920,2011-04-21 20:47:08,2011-04-21 20:47:08
1519,261,920,2011-04-21 20:47:08,2011-04-21 20:47:08
1520,216,115,2011-04-21 20:47:08,2011-04-21 20:47:08
1521,261,115,2011-04-21 20:47:08,2011-04-21 20:47:08
1523,218,417,2011-04-21 20:47:08,2011-04-21 20:47:08
1524,218,629,2011-04-21 20:47:08,2011-04-21 20:47:08
1525,218,768,2011-04-21 20:47:08,2011-04-21 20:47:08
1526,218,336,2011-04-21 20:47:08,2011-04-21 20:47:08
1527,218,714,2011-04-21 20:47:08,2011-04-21 20:47:08
1528,219,45,2011-04-21 20:47:09,2011-04-21 20:47:09
1529,219,131,2011-04-21 20:47:09,2011-04-21 20:47:09
1530,219,212,2011-04-21 20:47:09,2011-04-21 20:47:09
1531,219,313,2011-04-21 20:47:09,2011-04-21 20:47:09
1532,219,339,2011-04-21 20:47:09,2011-04-21 20:47:09
1533,219,373,2011-04-21 20:47:09,2011-04-21 20:47:09
1534,219,397,2011-04-21 20:47:09,2011-04-21 20:47:09
1535,219,406,2011-04-21 20:47:09,2011-04-21 20:47:09
1536,219,531,2011-04-21 20:47:09,2011-04-21 20:47:09
1537,219,573,2011-04-21 20:47:09,2011-04-21 20:47:09
1538,219,619,2011-04-21 20:47:09,2011-04-21 20:47:09
1539,219,733,2011-04-21 20:47:09,2011-04-21 20:47:09
1540,219,804,2011-04-21 20:47:09,2011-04-21 20:47:09
1541,220,185,2011-04-21 20:47:09,2011-04-21 20:47:09
1542,220,219,2011-04-21 20:47:09,2011-04-21 20:47:09
1544,220,358,2011-04-21 20:47:09,2011-04-21 20:47:09
1545,220,396,2011-04-21 20:47:09,2011-04-21 20:47:09
1546,220,464,2011-04-21 20:47:09,2011-04-21 20:47:09
1547,220,556,2011-04-21 20:47:09,2011-04-21 20:47:09
1548,220,715,2011-04-21 20:47:09,2011-04-21 20:47:09
1549,220,862,2011-04-21 20:47:09,2011-04-21 20:47:09
1550,220,915,2011-04-21 20:47:09,2011-04-21 20:47:09
1551,220,261,2011-04-21 20:47:09,2011-04-21 20:47:09
1552,220,417,2011-04-21 20:47:09,2011-04-21 20:47:09
1553,220,629,2011-04-21 20:47:09,2011-04-21 20:47:09
1554,220,768,2011-04-21 20:47:09,2011-04-21 20:47:09
1555,224,45,2011-04-21 20:47:09,2011-04-21 20:47:09
1556,224,131,2011-04-21 20:47:09,2011-04-21 20:47:09
1557,224,212,2011-04-21 20:47:09,2011-04-21 20:47:09
1558,224,313,2011-04-21 20:47:09,2011-04-21 20:47:09
1559,224,339,2011-04-21 20:47:09,2011-04-21 20:47:09
1560,224,373,2011-04-21 20:47:09,2011-04-21 20:47:09
1561,224,397,2011-04-21 20:47:09,2011-04-21 20:47:09
1562,224,406,2011-04-21 20:47:09,2011-04-21 20:47:09
1563,224,531,2011-04-21 20:47:09,2011-04-21 20:47:09
1564,224,573,2011-04-21 20:47:09,2011-04-21 20:47:09
1565,224,619,2011-04-21 20:47:09,2011-04-21 20:47:09
1566,224,733,2011-04-21 20:47:09,2011-04-21 20:47:09
1567,224,804,2011-04-21 20:47:09,2011-04-21 20:47:09
1568,227,746,2011-04-21 20:47:10,2011-04-21 20:47:10
1569,227,797,2011-04-21 20:47:10,2011-04-21 20:47:10
1570,227,297,2011-04-21 20:47:10,2011-04-21 20:47:10
1571,227,819,2011-04-21 20:47:10,2011-04-21 20:47:10
1572,227,838,2011-04-21 20:47:10,2011-04-21 20:47:10
1573,229,185,2011-04-21 20:47:10,2011-04-21 20:47:10
1574,229,219,2011-04-21 20:47:10,2011-04-21 20:47:10
1576,229,358,2011-04-21 20:47:10,2011-04-21 20:47:10
1577,229,396,2011-04-21 20:47:10,2011-04-21 20:47:10
1578,229,464,2011-04-21 20:47:10,2011-04-21 20:47:10
1579,229,556,2011-04-21 20:47:10,2011-04-21 20:47:10
1580,229,715,2011-04-21 20:47:10,2011-04-21 20:47:10
1581,229,862,2011-04-21 20:47:10,2011-04-21 20:47:10
1582,229,915,2011-04-21 20:47:10,2011-04-21 20:47:10
1583,229,261,2011-04-21 20:47:10,2011-04-21 20:47:10
1584,229,417,2011-04-21 20:47:10,2011-04-21 20:47:10
1585,229,629,2011-04-21 20:47:10,2011-04-21 20:47:10
1586,229,768,2011-04-21 20:47:10,2011-04-21 20:47:10
1587,230,30,2011-04-21 20:47:10,2011-04-21 20:47:10
1588,230,240,2011-04-21 20:47:10,2011-04-21 20:47:10
1589,230,54,2011-04-21 20:47:10,2011-04-21 20:47:10
1590,230,655,2011-04-21 20:47:10,2011-04-21 20:47:10
1591,231,371,2011-04-21 20:47:10,2011-04-21 20:47:10
1592,231,277,2011-04-21 20:47:10,2011-04-21 20:47:10
1593,231,381,2011-04-21 20:47:10,2011-04-21 20:47:10
1594,231,683,2011-04-21 20:47:10,2011-04-21 20:47:10
1595,231,687,2011-04-21 20:47:10,2011-04-21 20:47:10
1596,231,147,2011-04-21 20:47:10,2011-04-21 20:47:10
1597,231,622,2011-04-21 20:47:11,2011-04-21 20:47:11
1598,233,45,2011-04-21 20:47:11,2011-04-21 20:47:11
1599,233,131,2011-04-21 20:47:11,2011-04-21 20:47:11
1600,233,212,2011-04-21 20:47:11,2011-04-21 20:47:11
1601,233,313,2011-04-21 20:47:11,2011-04-21 20:47:11
1602,233,339,2011-04-21 20:47:11,2011-04-21 20:47:11
1603,233,373,2011-04-21 20:47:11,2011-04-21 20:47:11
1604,233,397,2011-04-21 20:47:11,2011-04-21 20:47:11
1605,233,406,2011-04-21 20:47:11,2011-04-21 20:47:11
1606,233,531,2011-04-21 20:47:11,2011-04-21 20:47:11
1607,233,573,2011-04-21 20:47:11,2011-04-21 20:47:11
1608,233,619,2011-04-21 20:47:11,2011-04-21 20:47:11
1609,233,733,2011-04-21 20:47:11,2011-04-21 20:47:11
1610,233,804,2011-04-21 20:47:11,2011-04-21 20:47:11
1611,233,261,2011-04-21 20:47:11,2011-04-21 20:47:11
1612,233,417,2011-04-21 20:47:11,2011-04-21 20:47:11
1613,233,629,2011-04-21 20:47:11,2011-04-21 20:47:11
1614,233,768,2011-04-21 20:47:11,2011-04-21 20:47:11
1615,241,185,2011-04-21 20:47:12,2011-04-21 20:47:12
1616,241,219,2011-04-21 20:47:12,2011-04-21 20:47:12
1618,241,358,2011-04-21 20:47:12,2011-04-21 20:47:12
1619,241,396,2011-04-21 20:47:12,2011-04-21 20:47:12
1620,241,464,2011-04-21 20:47:12,2011-04-21 20:47:12
1621,241,556,2011-04-21 20:47:12,2011-04-21 20:47:12
1622,241,715,2011-04-21 20:47:12,2011-04-21 20:47:12
1623,241,862,2011-04-21 20:47:12,2011-04-21 20:47:12
1624,241,915,2011-04-21 20:47:12,2011-04-21 20:47:12
1625,241,261,2011-04-21 20:47:12,2011-04-21 20:47:12
1626,241,417,2011-04-21 20:47:12,2011-04-21 20:47:12
1627,241,629,2011-04-21 20:47:12,2011-04-21 20:47:12
1628,241,768,2011-04-21 20:47:12,2011-04-21 20:47:12
1629,242,577,2011-04-21 20:47:12,2011-04-21 20:47:12
1630,242,38,2011-04-21 20:47:12,2011-04-21 20:47:12
1631,242,22,2011-04-21 20:47:12,2011-04-21 20:47:12
1632,242,371,2011-04-21 20:47:12,2011-04-21 20:47:12
1633,245,22,2011-04-21 20:47:12,2011-04-21 20:47:12
1634,249,185,2011-04-21 20:47:12,2011-04-21 20:47:12
1635,249,219,2011-04-21 20:47:12,2011-04-21 20:47:12
1637,249,358,2011-04-21 20:47:12,2011-04-21 20:47:12
1638,249,396,2011-04-21 20:47:12,2011-04-21 20:47:12
1639,249,464,2011-04-21 20:47:12,2011-04-21 20:47:12
1640,249,556,2011-04-21 20:47:12,2011-04-21 20:47:12
1641,249,715,2011-04-21 20:47:12,2011-04-21 20:47:12
1642,249,862,2011-04-21 20:47:12,2011-04-21 20:47:12
1643,249,915,2011-04-21 20:47:12,2011-04-21 20:47:12
1644,249,371,2011-04-21 20:47:12,2011-04-21 20:47:12
1645,249,817,2011-04-21 20:47:12,2011-04-21 20:47:12
1646,249,277,2011-04-21 20:47:13,2011-04-21 20:47:13
1647,249,381,2011-04-21 20:47:13,2011-04-21 20:47:13
1649,384,261,2011-04-21 20:47:13,2011-04-21 20:47:13
1651,384,417,2011-04-21 20:47:13,2011-04-21 20:47:13
1653,384,629,2011-04-21 20:47:13,2011-04-21 20:47:13
1655,384,768,2011-04-21 20:47:13,2011-04-21 20:47:13
1656,255,714,2011-04-21 20:47:13,2011-04-21 20:47:13
1657,255,44,2011-04-21 20:47:13,2011-04-21 20:47:13
1658,255,72,2011-04-21 20:47:13,2011-04-21 20:47:13
1659,255,423,2011-04-21 20:47:13,2011-04-21 20:47:13
1660,255,628,2011-04-21 20:47:13,2011-04-21 20:47:13
1661,256,830,2011-04-21 20:47:13,2011-04-21 20:47:13
1662,256,639,2011-04-21 20:47:13,2011-04-21 20:47:13
1663,256,739,2011-04-21 20:47:13,2011-04-21 20:47:13
1664,256,920,2011-04-21 20:47:13,2011-04-21 20:47:13
1665,262,604,2011-04-21 20:47:14,2011-04-21 20:47:14
1666,262,679,2011-04-21 20:47:14,2011-04-21 20:47:14
1667,262,691,2011-04-21 20:47:14,2011-04-21 20:47:14
1668,262,69,2011-04-21 20:47:14,2011-04-21 20:47:14
1669,262,314,2011-04-21 20:47:14,2011-04-21 20:47:14
1670,265,604,2011-04-21 20:47:14,2011-04-21 20:47:14
1671,265,679,2011-04-21 20:47:14,2011-04-21 20:47:14
1672,265,691,2011-04-21 20:47:14,2011-04-21 20:47:14
1673,265,214,2011-04-21 20:47:14,2011-04-21 20:47:14
1674,265,897,2011-04-21 20:47:14,2011-04-21 20:47:14
1675,265,69,2011-04-21 20:47:14,2011-04-21 20:47:14
1676,265,314,2011-04-21 20:47:14,2011-04-21 20:47:14
1677,265,297,2011-04-21 20:47:14,2011-04-21 20:47:14
1678,265,819,2011-04-21 20:47:14,2011-04-21 20:47:14
1679,266,55,2011-04-21 20:47:14,2011-04-21 20:47:14
1680,364,55,2011-04-21 20:47:14,2011-04-21 20:47:14
1681,266,269,2011-04-21 20:47:14,2011-04-21 20:47:14
1682,364,269,2011-04-21 20:47:14,2011-04-21 20:47:14
1683,266,330,2011-04-21 20:47:14,2011-04-21 20:47:14
1684,364,330,2011-04-21 20:47:14,2011-04-21 20:47:14
1685,266,405,2011-04-21 20:47:14,2011-04-21 20:47:14
1686,364,405,2011-04-21 20:47:14,2011-04-21 20:47:14
1687,266,501,2011-04-21 20:47:14,2011-04-21 20:47:14
1688,364,501,2011-04-21 20:47:14,2011-04-21 20:47:14
1689,266,662,2011-04-21 20:47:14,2011-04-21 20:47:14
1690,364,662,2011-04-21 20:47:14,2011-04-21 20:47:14
1691,266,680,2011-04-21 20:47:14,2011-04-21 20:47:14
1692,364,680,2011-04-21 20:47:14,2011-04-21 20:47:14
1693,266,727,2011-04-21 20:47:14,2011-04-21 20:47:14
1694,364,727,2011-04-21 20:47:14,2011-04-21 20:47:14
1695,266,747,2011-04-21 20:47:14,2011-04-21 20:47:14
1696,364,747,2011-04-21 20:47:14,2011-04-21 20:47:14
1697,266,829,2011-04-21 20:47:14,2011-04-21 20:47:14
1698,364,829,2011-04-21 20:47:14,2011-04-21 20:47:14
1699,266,837,2011-04-21 20:47:14,2011-04-21 20:47:14
1700,364,837,2011-04-21 20:47:14,2011-04-21 20:47:14
1701,266,39,2011-04-21 20:47:14,2011-04-21 20:47:14
1702,364,39,2011-04-21 20:47:14,2011-04-21 20:47:14
1703,266,210,2011-04-21 20:47:14,2011-04-21 20:47:14
1704,364,210,2011-04-21 20:47:15,2011-04-21 20:47:15
1705,266,379,2011-04-21 20:47:15,2011-04-21 20:47:15
1706,364,379,2011-04-21 20:47:15,2011-04-21 20:47:15
1707,266,589,2011-04-21 20:47:15,2011-04-21 20:47:15
1708,364,589,2011-04-21 20:47:15,2011-04-21 20:47:15
1709,266,639,2011-04-21 20:47:15,2011-04-21 20:47:15
1710,364,639,2011-04-21 20:47:15,2011-04-21 20:47:15
1711,266,657,2011-04-21 20:47:15,2011-04-21 20:47:15
1712,364,657,2011-04-21 20:47:15,2011-04-21 20:47:15
1713,266,739,2011-04-21 20:47:15,2011-04-21 20:47:15
1714,364,739,2011-04-21 20:47:15,2011-04-21 20:47:15
1715,266,810,2011-04-21 20:47:15,2011-04-21 20:47:15
1716,364,810,2011-04-21 20:47:15,2011-04-21 20:47:15
1717,266,875,2011-04-21 20:47:15,2011-04-21 20:47:15
1718,364,875,2011-04-21 20:47:15,2011-04-21 20:47:15
1719,266,61,2011-04-21 20:47:15,2011-04-21 20:47:15
1720,364,61,2011-04-21 20:47:15,2011-04-21 20:47:15
1721,266,278,2011-04-21 20:47:15,2011-04-21 20:47:15
1722,364,278,2011-04-21 20:47:15,2011-04-21 20:47:15
1723,266,448,2011-04-21 20:47:15,2011-04-21 20:47:15
1724,364,448,2011-04-21 20:47:15,2011-04-21 20:47:15
1725,266,552,2011-04-21 20:47:15,2011-04-21 20:47:15
1726,364,552,2011-04-21 20:47:15,2011-04-21 20:47:15
1727,266,798,2011-04-21 20:47:15,2011-04-21 20:47:15
1728,364,798,2011-04-21 20:47:15,2011-04-21 20:47:15
1729,266,827,2011-04-21 20:47:15,2011-04-21 20:47:15
1730,364,827,2011-04-21 20:47:15,2011-04-21 20:47:15
1731,266,293,2011-04-21 20:47:15,2011-04-21 20:47:15
1732,364,293,2011-04-21 20:47:15,2011-04-21 20:47:15
1733,266,438,2011-04-21 20:47:15,2011-04-21 20:47:15
1734,364,438,2011-04-21 20:47:15,2011-04-21 20:47:15
1735,266,623,2011-04-21 20:47:15,2011-04-21 20:47:15
1736,364,623,2011-04-21 20:47:15,2011-04-21 20:47:15
1737,266,906,2011-04-21 20:47:15,2011-04-21 20:47:15
1738,364,906,2011-04-21 20:47:15,2011-04-21 20:47:15
1739,266,81,2011-04-21 20:47:15,2011-04-21 20:47:15
1740,364,81,2011-04-21 20:47:15,2011-04-21 20:47:15
1741,266,253,2011-04-21 20:47:15,2011-04-21 20:47:15
1742,364,253,2011-04-21 20:47:15,2011-04-21 20:47:15
1743,266,281,2011-04-21 20:47:15,2011-04-21 20:47:15
1744,364,281,2011-04-21 20:47:15,2011-04-21 20:47:15
1745,266,822,2011-04-21 20:47:15,2011-04-21 20:47:15
1746,364,822,2011-04-21 20:47:15,2011-04-21 20:47:15
1747,266,252,2011-04-21 20:47:16,2011-04-21 20:47:16
1748,364,252,2011-04-21 20:47:16,2011-04-21 20:47:16
1749,266,871,2011-04-21 20:47:16,2011-04-21 20:47:16
1750,364,871,2011-04-21 20:47:16,2011-04-21 20:47:16
1751,266,605,2011-04-21 20:47:16,2011-04-21 20:47:16
1752,364,605,2011-04-21 20:47:16,2011-04-21 20:47:16
1753,266,786,2011-04-21 20:47:16,2011-04-21 20:47:16
1754,364,786,2011-04-21 20:47:16,2011-04-21 20:47:16
1755,266,446,2011-04-21 20:47:16,2011-04-21 20:47:16
1756,364,446,2011-04-21 20:47:16,2011-04-21 20:47:16
1757,266,796,2011-04-21 20:47:16,2011-04-21 20:47:16
1758,364,796,2011-04-21 20:47:16,2011-04-21 20:47:16
1759,267,655,2011-04-21 20:47:16,2011-04-21 20:47:16
1760,267,732,2011-04-21 20:47:16,2011-04-21 20:47:16
1761,267,528,2011-04-21 20:47:16,2011-04-21 20:47:16
1762,269,185,2011-04-21 20:47:16,2011-04-21 20:47:16
1763,269,219,2011-04-21 20:47:16,2011-04-21 20:47:16
1765,269,358,2011-04-21 20:47:16,2011-04-21 20:47:16
1766,269,396,2011-04-21 20:47:16,2011-04-21 20:47:16
1767,269,464,2011-04-21 20:47:17,2011-04-21 20:47:17
1768,269,556,2011-04-21 20:47:17,2011-04-21 20:47:17
1769,269,715,2011-04-21 20:47:17,2011-04-21 20:47:17
1770,269,862,2011-04-21 20:47:17,2011-04-21 20:47:17
1771,269,915,2011-04-21 20:47:17,2011-04-21 20:47:17
1772,269,261,2011-04-21 20:47:17,2011-04-21 20:47:17
1773,269,417,2011-04-21 20:47:17,2011-04-21 20:47:17
1774,269,629,2011-04-21 20:47:17,2011-04-21 20:47:17
1775,269,768,2011-04-21 20:47:17,2011-04-21 20:47:17
1776,274,185,2011-04-21 20:47:17,2011-04-21 20:47:17
1777,480,185,2011-04-21 20:47:17,2011-04-21 20:47:17
1778,507,185,2011-04-21 20:47:17,2011-04-21 20:47:17
1779,274,219,2011-04-21 20:47:17,2011-04-21 20:47:17
1780,480,219,2011-04-21 20:47:17,2011-04-21 20:47:17
1781,507,219,2011-04-21 20:47:17,2011-04-21 20:47:17
1785,274,358,2011-04-21 20:47:17,2011-04-21 20:47:17
1786,480,358,2011-04-21 20:47:17,2011-04-21 20:47:17
1787,507,358,2011-04-21 20:47:17,2011-04-21 20:47:17
1788,274,396,2011-04-21 20:47:17,2011-04-21 20:47:17
1789,480,396,2011-04-21 20:47:17,2011-04-21 20:47:17
1790,507,396,2011-04-21 20:47:17,2011-04-21 20:47:17
1791,274,464,2011-04-21 20:47:17,2011-04-21 20:47:17
1792,480,464,2011-04-21 20:47:17,2011-04-21 20:47:17
1793,507,464,2011-04-21 20:47:17,2011-04-21 20:47:17
1794,274,556,2011-04-21 20:47:17,2011-04-21 20:47:17
1795,480,556,2011-04-21 20:47:17,2011-04-21 20:47:17
1796,507,556,2011-04-21 20:47:17,2011-04-21 20:47:17
1797,274,715,2011-04-21 20:47:17,2011-04-21 20:47:17
1798,480,715,2011-04-21 20:47:17,2011-04-21 20:47:17
1799,507,715,2011-04-21 20:47:17,2011-04-21 20:47:17
1800,274,862,2011-04-21 20:47:17,2011-04-21 20:47:17
1801,480,862,2011-04-21 20:47:17,2011-04-21 20:47:17
1802,507,862,2011-04-21 20:47:17,2011-04-21 20:47:17
1803,274,915,2011-04-21 20:47:17,2011-04-21 20:47:17
1804,480,915,2011-04-21 20:47:17,2011-04-21 20:47:17
1805,507,915,2011-04-21 20:47:17,2011-04-21 20:47:17
1806,274,261,2011-04-21 20:47:17,2011-04-21 20:47:17
1807,480,261,2011-04-21 20:47:17,2011-04-21 20:47:17
1808,507,261,2011-04-21 20:47:17,2011-04-21 20:47:17
1809,274,417,2011-04-21 20:47:17,2011-04-21 20:47:17
1810,480,417,2011-04-21 20:47:17,2011-04-21 20:47:17
1811,507,417,2011-04-21 20:47:17,2011-04-21 20:47:17
1812,274,629,2011-04-21 20:47:17,2011-04-21 20:47:17
1813,480,629,2011-04-21 20:47:17,2011-04-21 20:47:17
1814,507,629,2011-04-21 20:47:17,2011-04-21 20:47:17
1815,274,768,2011-04-21 20:47:17,2011-04-21 20:47:17
1816,480,768,2011-04-21 20:47:17,2011-04-21 20:47:17
1817,507,768,2011-04-21 20:47:17,2011-04-21 20:47:17
1818,275,185,2011-04-21 20:47:17,2011-04-21 20:47:17
1819,275,219,2011-04-21 20:47:17,2011-04-21 20:47:17
1821,275,358,2011-04-21 20:47:17,2011-04-21 20:47:17
1822,275,396,2011-04-21 20:47:17,2011-04-21 20:47:17
1823,275,464,2011-04-21 20:47:17,2011-04-21 20:47:17
1824,275,556,2011-04-21 20:47:18,2011-04-21 20:47:18
1825,275,715,2011-04-21 20:47:18,2011-04-21 20:47:18
1826,275,862,2011-04-21 20:47:18,2011-04-21 20:47:18
1827,275,915,2011-04-21 20:47:18,2011-04-21 20:47:18
1828,275,261,2011-04-21 20:47:18,2011-04-21 20:47:18
1829,275,417,2011-04-21 20:47:18,2011-04-21 20:47:18
1830,275,629,2011-04-21 20:47:18,2011-04-21 20:47:18
1831,275,768,2011-04-21 20:47:18,2011-04-21 20:47:18
1832,276,45,2011-04-21 20:47:18,2011-04-21 20:47:18
1833,276,131,2011-04-21 20:47:18,2011-04-21 20:47:18
1834,276,212,2011-04-21 20:47:18,2011-04-21 20:47:18
1835,276,313,2011-04-21 20:47:18,2011-04-21 20:47:18
1836,276,339,2011-04-21 20:47:18,2011-04-21 20:47:18
1837,276,373,2011-04-21 20:47:18,2011-04-21 20:47:18
1838,276,397,2011-04-21 20:47:18,2011-04-21 20:47:18
1839,276,406,2011-04-21 20:47:18,2011-04-21 20:47:18
1840,276,531,2011-04-21 20:47:18,2011-04-21 20:47:18
1841,276,573,2011-04-21 20:47:18,2011-04-21 20:47:18
1842,276,619,2011-04-21 20:47:18,2011-04-21 20:47:18
1843,276,733,2011-04-21 20:47:18,2011-04-21 20:47:18
1844,276,804,2011-04-21 20:47:18,2011-04-21 20:47:18
1845,276,261,2011-04-21 20:47:18,2011-04-21 20:47:18
1846,276,417,2011-04-21 20:47:18,2011-04-21 20:47:18
1847,276,629,2011-04-21 20:47:18,2011-04-21 20:47:18
1848,276,768,2011-04-21 20:47:18,2011-04-21 20:47:18
1849,278,113,2011-04-21 20:47:18,2011-04-21 20:47:18
1850,278,117,2011-04-21 20:47:18,2011-04-21 20:47:18
1851,278,130,2011-04-21 20:47:18,2011-04-21 20:47:18
1852,278,161,2011-04-21 20:47:18,2011-04-21 20:47:18
1853,278,299,2011-04-21 20:47:18,2011-04-21 20:47:18
1854,278,321,2011-04-21 20:47:18,2011-04-21 20:47:18
1855,278,424,2011-04-21 20:47:18,2011-04-21 20:47:18
1856,278,702,2011-04-21 20:47:18,2011-04-21 20:47:18
1857,278,726,2011-04-21 20:47:18,2011-04-21 20:47:18
1858,278,746,2011-04-21 20:47:18,2011-04-21 20:47:18
1859,278,764,2011-04-21 20:47:18,2011-04-21 20:47:18
1860,278,816,2011-04-21 20:47:18,2011-04-21 20:47:18
1861,278,876,2011-04-21 20:47:18,2011-04-21 20:47:18
1862,278,912,2011-04-21 20:47:18,2011-04-21 20:47:18
1863,280,261,2011-04-21 20:47:18,2011-04-21 20:47:18
1864,280,417,2011-04-21 20:47:18,2011-04-21 20:47:18
1865,280,629,2011-04-21 20:47:18,2011-04-21 20:47:18
1866,280,768,2011-04-21 20:47:18,2011-04-21 20:47:18
1867,281,417,2011-04-21 20:47:18,2011-04-21 20:47:18
1868,281,629,2011-04-21 20:47:18,2011-04-21 20:47:18
1869,282,842,2011-04-21 20:47:18,2011-04-21 20:47:18
1870,282,692,2011-04-21 20:47:19,2011-04-21 20:47:19
1871,282,134,2011-04-21 20:47:19,2011-04-21 20:47:19
1872,282,235,2011-04-21 20:47:19,2011-04-21 20:47:19
1873,282,234,2011-04-21 20:47:19,2011-04-21 20:47:19
1874,282,795,2011-04-21 20:47:19,2011-04-21 20:47:19
1875,282,99,2011-04-21 20:47:19,2011-04-21 20:47:19
1876,282,345,2011-04-21 20:47:19,2011-04-21 20:47:19
1877,285,45,2011-04-21 20:47:19,2011-04-21 20:47:19
1878,285,131,2011-04-21 20:47:19,2011-04-21 20:47:19
1879,285,212,2011-04-21 20:47:19,2011-04-21 20:47:19
1880,285,313,2011-04-21 20:47:19,2011-04-21 20:47:19
1881,285,339,2011-04-21 20:47:19,2011-04-21 20:47:19
1882,285,373,2011-04-21 20:47:19,2011-04-21 20:47:19
1883,285,397,2011-04-21 20:47:19,2011-04-21 20:47:19
1884,285,406,2011-04-21 20:47:19,2011-04-21 20:47:19
1885,285,531,2011-04-21 20:47:19,2011-04-21 20:47:19
1886,285,573,2011-04-21 20:47:19,2011-04-21 20:47:19
1887,285,619,2011-04-21 20:47:19,2011-04-21 20:47:19
1888,285,733,2011-04-21 20:47:19,2011-04-21 20:47:19
1889,285,804,2011-04-21 20:47:19,2011-04-21 20:47:19
1890,285,261,2011-04-21 20:47:20,2011-04-21 20:47:20
1891,285,417,2011-04-21 20:47:20,2011-04-21 20:47:20
1892,285,629,2011-04-21 20:47:20,2011-04-21 20:47:20
1893,285,768,2011-04-21 20:47:20,2011-04-21 20:47:20
1894,287,629,2011-04-21 20:47:20,2011-04-21 20:47:20
1895,288,629,2011-04-21 20:47:20,2011-04-21 20:47:20
1896,287,417,2011-04-21 20:47:20,2011-04-21 20:47:20
1897,288,417,2011-04-21 20:47:20,2011-04-21 20:47:20
1898,289,261,2011-04-21 20:47:20,2011-04-21 20:47:20
1899,289,417,2011-04-21 20:47:20,2011-04-21 20:47:20
1900,289,629,2011-04-21 20:47:20,2011-04-21 20:47:20
1901,289,768,2011-04-21 20:47:20,2011-04-21 20:47:20
1902,290,185,2011-04-21 20:47:20,2011-04-21 20:47:20
1903,290,219,2011-04-21 20:47:20,2011-04-21 20:47:20
1905,290,358,2011-04-21 20:47:20,2011-04-21 20:47:20
1906,290,396,2011-04-21 20:47:20,2011-04-21 20:47:20
1907,290,464,2011-04-21 20:47:20,2011-04-21 20:47:20
1908,290,556,2011-04-21 20:47:20,2011-04-21 20:47:20
1909,290,715,2011-04-21 20:47:20,2011-04-21 20:47:20
1910,290,862,2011-04-21 20:47:20,2011-04-21 20:47:20
1911,290,915,2011-04-21 20:47:20,2011-04-21 20:47:20
1912,290,261,2011-04-21 20:47:20,2011-04-21 20:47:20
1913,290,417,2011-04-21 20:47:20,2011-04-21 20:47:20
1914,290,629,2011-04-21 20:47:20,2011-04-21 20:47:20
1915,290,768,2011-04-21 20:47:20,2011-04-21 20:47:20
1916,291,185,2011-04-21 20:47:21,2011-04-21 20:47:21
1917,291,219,2011-04-21 20:47:21,2011-04-21 20:47:21
1919,291,358,2011-04-21 20:47:21,2011-04-21 20:47:21
1920,291,396,2011-04-21 20:47:21,2011-04-21 20:47:21
1921,291,464,2011-04-21 20:47:21,2011-04-21 20:47:21
1922,291,556,2011-04-21 20:47:21,2011-04-21 20:47:21
1923,291,715,2011-04-21 20:47:21,2011-04-21 20:47:21
1924,291,862,2011-04-21 20:47:21,2011-04-21 20:47:21
1925,291,915,2011-04-21 20:47:21,2011-04-21 20:47:21
1926,291,64,2011-04-21 20:47:21,2011-04-21 20:47:21
1927,291,115,2011-04-21 20:47:21,2011-04-21 20:47:21
1928,291,135,2011-04-21 20:47:21,2011-04-21 20:47:21
1929,291,139,2011-04-21 20:47:21,2011-04-21 20:47:21
1930,291,197,2011-04-21 20:47:21,2011-04-21 20:47:21
1931,291,267,2011-04-21 20:47:21,2011-04-21 20:47:21
1932,291,305,2011-04-21 20:47:21,2011-04-21 20:47:21
1933,291,327,2011-04-21 20:47:21,2011-04-21 20:47:21
1934,291,357,2011-04-21 20:47:21,2011-04-21 20:47:21
1935,291,374,2011-04-21 20:47:21,2011-04-21 20:47:21
1936,291,434,2011-04-21 20:47:21,2011-04-21 20:47:21
1937,291,491,2011-04-21 20:47:21,2011-04-21 20:47:21
1938,291,495,2011-04-21 20:47:21,2011-04-21 20:47:21
1939,291,585,2011-04-21 20:47:21,2011-04-21 20:47:21
1940,291,618,2011-04-21 20:47:21,2011-04-21 20:47:21
1941,291,635,2011-04-21 20:47:21,2011-04-21 20:47:21
1942,291,675,2011-04-21 20:47:21,2011-04-21 20:47:21
1943,291,697,2011-04-21 20:47:21,2011-04-21 20:47:21
1944,291,728,2011-04-21 20:47:21,2011-04-21 20:47:21
1945,291,737,2011-04-21 20:47:21,2011-04-21 20:47:21
1946,291,738,2011-04-21 20:47:21,2011-04-21 20:47:21
1947,291,788,2011-04-21 20:47:21,2011-04-21 20:47:21
1948,291,805,2011-04-21 20:47:21,2011-04-21 20:47:21
1949,291,820,2011-04-21 20:47:21,2011-04-21 20:47:21
1950,291,891,2011-04-21 20:47:21,2011-04-21 20:47:21
1951,291,917,2011-04-21 20:47:21,2011-04-21 20:47:21
1952,291,261,2011-04-21 20:47:21,2011-04-21 20:47:21
1953,291,417,2011-04-21 20:47:21,2011-04-21 20:47:21
1954,291,629,2011-04-21 20:47:21,2011-04-21 20:47:21
1955,291,768,2011-04-21 20:47:21,2011-04-21 20:47:21
1956,291,363,2011-04-21 20:47:22,2011-04-21 20:47:22
1957,291,286,2011-04-21 20:47:22,2011-04-21 20:47:22
1958,58,185,2011-04-21 20:47:22,2011-04-21 20:47:22
1959,295,185,2011-04-21 20:47:22,2011-04-21 20:47:22
1960,297,185,2011-04-21 20:47:22,2011-04-21 20:47:22
1961,326,185,2011-04-21 20:47:22,2011-04-21 20:47:22
1962,419,185,2011-04-21 20:47:22,2011-04-21 20:47:22
1963,765,185,2011-04-21 20:47:22,2011-04-21 20:47:22
1964,58,219,2011-04-21 20:47:22,2011-04-21 20:47:22
1965,295,219,2011-04-21 20:47:22,2011-04-21 20:47:22
1966,297,219,2011-04-21 20:47:22,2011-04-21 20:47:22
1967,326,219,2011-04-21 20:47:22,2011-04-21 20:47:22
1968,419,219,2011-04-21 20:47:22,2011-04-21 20:47:22
1969,765,219,2011-04-21 20:47:22,2011-04-21 20:47:22
1976,58,358,2011-04-21 20:47:22,2011-04-21 20:47:22
1977,295,358,2011-04-21 20:47:22,2011-04-21 20:47:22
1978,297,358,2011-04-21 20:47:22,2011-04-21 20:47:22
1979,326,358,2011-04-21 20:47:22,2011-04-21 20:47:22
1980,419,358,2011-04-21 20:47:22,2011-04-21 20:47:22
1981,765,358,2011-04-21 20:47:22,2011-04-21 20:47:22
1982,58,396,2011-04-21 20:47:22,2011-04-21 20:47:22
1983,295,396,2011-04-21 20:47:22,2011-04-21 20:47:22
1984,297,396,2011-04-21 20:47:22,2011-04-21 20:47:22
1985,326,396,2011-04-21 20:47:22,2011-04-21 20:47:22
1986,419,396,2011-04-21 20:47:22,2011-04-21 20:47:22
1987,765,396,2011-04-21 20:47:22,2011-04-21 20:47:22
1988,58,464,2011-04-21 20:47:22,2011-04-21 20:47:22
1989,295,464,2011-04-21 20:47:22,2011-04-21 20:47:22
1990,297,464,2011-04-21 20:47:22,2011-04-21 20:47:22
1991,326,464,2011-04-21 20:47:22,2011-04-21 20:47:22
1992,419,464,2011-04-21 20:47:23,2011-04-21 20:47:23
1993,765,464,2011-04-21 20:47:23,2011-04-21 20:47:23
1994,58,556,2011-04-21 20:47:23,2011-04-21 20:47:23
1995,295,556,2011-04-21 20:47:23,2011-04-21 20:47:23
1996,297,556,2011-04-21 20:47:23,2011-04-21 20:47:23
1997,326,556,2011-04-21 20:47:23,2011-04-21 20:47:23
1998,419,556,2011-04-21 20:47:23,2011-04-21 20:47:23
1999,765,556,2011-04-21 20:47:23,2011-04-21 20:47:23
2000,58,715,2011-04-21 20:47:23,2011-04-21 20:47:23
2001,295,715,2011-04-21 20:47:23,2011-04-21 20:47:23
2002,297,715,2011-04-21 20:47:23,2011-04-21 20:47:23
2003,326,715,2011-04-21 20:47:23,2011-04-21 20:47:23
2004,419,715,2011-04-21 20:47:23,2011-04-21 20:47:23
2005,765,715,2011-04-21 20:47:23,2011-04-21 20:47:23
2006,58,862,2011-04-21 20:47:23,2011-04-21 20:47:23
2007,295,862,2011-04-21 20:47:23,2011-04-21 20:47:23
2008,297,862,2011-04-21 20:47:23,2011-04-21 20:47:23
2009,326,862,2011-04-21 20:47:23,2011-04-21 20:47:23
2010,419,862,2011-04-21 20:47:23,2011-04-21 20:47:23
2011,765,862,2011-04-21 20:47:23,2011-04-21 20:47:23
2012,58,915,2011-04-21 20:47:23,2011-04-21 20:47:23
2013,295,915,2011-04-21 20:47:23,2011-04-21 20:47:23
2014,297,915,2011-04-21 20:47:23,2011-04-21 20:47:23
2015,326,915,2011-04-21 20:47:23,2011-04-21 20:47:23
2016,419,915,2011-04-21 20:47:23,2011-04-21 20:47:23
2017,765,915,2011-04-21 20:47:23,2011-04-21 20:47:23
2018,300,576,2011-04-21 20:47:24,2011-04-21 20:47:24
2019,300,693,2011-04-21 20:47:24,2011-04-21 20:47:24
2020,300,892,2011-04-21 20:47:24,2011-04-21 20:47:24
2021,300,799,2011-04-21 20:47:24,2011-04-21 20:47:24
2022,300,800,2011-04-21 20:47:24,2011-04-21 20:47:24
2023,300,571,2011-04-21 20:47:24,2011-04-21 20:47:24
2024,302,185,2011-04-21 20:47:24,2011-04-21 20:47:24
2025,302,219,2011-04-21 20:47:24,2011-04-21 20:47:24
2027,302,358,2011-04-21 20:47:24,2011-04-21 20:47:24
2028,302,396,2011-04-21 20:47:24,2011-04-21 20:47:24
2029,302,464,2011-04-21 20:47:24,2011-04-21 20:47:24
2030,302,556,2011-04-21 20:47:24,2011-04-21 20:47:24
2031,302,715,2011-04-21 20:47:24,2011-04-21 20:47:24
2032,302,862,2011-04-21 20:47:24,2011-04-21 20:47:24
2033,302,915,2011-04-21 20:47:24,2011-04-21 20:47:24
2034,302,261,2011-04-21 20:47:24,2011-04-21 20:47:24
2035,302,417,2011-04-21 20:47:24,2011-04-21 20:47:24
2036,302,629,2011-04-21 20:47:24,2011-04-21 20:47:24
2037,302,768,2011-04-21 20:47:24,2011-04-21 20:47:24
2038,305,577,2011-04-21 20:47:24,2011-04-21 20:47:24
2039,305,22,2011-04-21 20:47:24,2011-04-21 20:47:24
2040,305,428,2011-04-21 20:47:24,2011-04-21 20:47:24
2041,306,604,2011-04-21 20:47:24,2011-04-21 20:47:24
2042,306,679,2011-04-21 20:47:24,2011-04-21 20:47:24
2043,306,691,2011-04-21 20:47:24,2011-04-21 20:47:24
2044,306,214,2011-04-21 20:47:24,2011-04-21 20:47:24
2045,306,897,2011-04-21 20:47:24,2011-04-21 20:47:24
2046,306,69,2011-04-21 20:47:25,2011-04-21 20:47:25
2047,306,314,2011-04-21 20:47:25,2011-04-21 20:47:25
2048,306,297,2011-04-21 20:47:25,2011-04-21 20:47:25
2049,306,819,2011-04-21 20:47:25,2011-04-21 20:47:25
2050,307,604,2011-04-21 20:47:25,2011-04-21 20:47:25
2051,307,679,2011-04-21 20:47:25,2011-04-21 20:47:25
2052,307,691,2011-04-21 20:47:25,2011-04-21 20:47:25
2053,307,214,2011-04-21 20:47:25,2011-04-21 20:47:25
2054,307,897,2011-04-21 20:47:25,2011-04-21 20:47:25
2055,307,69,2011-04-21 20:47:25,2011-04-21 20:47:25
2056,307,314,2011-04-21 20:47:25,2011-04-21 20:47:25
2057,307,297,2011-04-21 20:47:25,2011-04-21 20:47:25
2058,307,819,2011-04-21 20:47:25,2011-04-21 20:47:25
2059,308,111,2011-04-21 20:47:25,2011-04-21 20:47:25
2060,308,180,2011-04-21 20:47:25,2011-04-21 20:47:25
2061,308,534,2011-04-21 20:47:25,2011-04-21 20:47:25
2062,308,574,2011-04-21 20:47:25,2011-04-21 20:47:25
2063,308,578,2011-04-21 20:47:25,2011-04-21 20:47:25
2064,308,688,2011-04-21 20:47:25,2011-04-21 20:47:25
2065,308,801,2011-04-21 20:47:25,2011-04-21 20:47:25
2066,308,58,2011-04-21 20:47:26,2011-04-21 20:47:26
2067,308,401,2011-04-21 20:47:26,2011-04-21 20:47:26
2068,309,604,2011-04-21 20:47:26,2011-04-21 20:47:26
2069,309,679,2011-04-21 20:47:26,2011-04-21 20:47:26
2070,309,691,2011-04-21 20:47:26,2011-04-21 20:47:26
2071,309,214,2011-04-21 20:47:26,2011-04-21 20:47:26
2072,309,897,2011-04-21 20:47:26,2011-04-21 20:47:26
2073,309,69,2011-04-21 20:47:26,2011-04-21 20:47:26
2074,309,314,2011-04-21 20:47:26,2011-04-21 20:47:26
2075,309,297,2011-04-21 20:47:26,2011-04-21 20:47:26
2076,309,819,2011-04-21 20:47:26,2011-04-21 20:47:26
2077,310,604,2011-04-21 20:47:26,2011-04-21 20:47:26
2078,310,679,2011-04-21 20:47:26,2011-04-21 20:47:26
2079,310,691,2011-04-21 20:47:26,2011-04-21 20:47:26
2080,310,214,2011-04-21 20:47:27,2011-04-21 20:47:27
2081,310,897,2011-04-21 20:47:27,2011-04-21 20:47:27
2082,310,69,2011-04-21 20:47:27,2011-04-21 20:47:27
2083,310,314,2011-04-21 20:47:27,2011-04-21 20:47:27
2084,310,297,2011-04-21 20:47:27,2011-04-21 20:47:27
2085,310,819,2011-04-21 20:47:27,2011-04-21 20:47:27
2086,313,698,2011-04-21 20:47:28,2011-04-21 20:47:28
2087,313,192,2011-04-21 20:47:28,2011-04-21 20:47:28
2088,313,832,2011-04-21 20:47:28,2011-04-21 20:47:28
2089,313,632,2011-04-21 20:47:28,2011-04-21 20:47:28
2090,313,45,2011-04-21 20:47:28,2011-04-21 20:47:28
2091,313,131,2011-04-21 20:47:28,2011-04-21 20:47:28
2092,313,212,2011-04-21 20:47:28,2011-04-21 20:47:28
2093,313,313,2011-04-21 20:47:28,2011-04-21 20:47:28
2094,313,339,2011-04-21 20:47:28,2011-04-21 20:47:28
2095,313,373,2011-04-21 20:47:28,2011-04-21 20:47:28
2096,313,397,2011-04-21 20:47:28,2011-04-21 20:47:28
2097,313,406,2011-04-21 20:47:28,2011-04-21 20:47:28
2098,313,531,2011-04-21 20:47:28,2011-04-21 20:47:28
2099,313,573,2011-04-21 20:47:28,2011-04-21 20:47:28
2100,313,619,2011-04-21 20:47:28,2011-04-21 20:47:28
2101,313,733,2011-04-21 20:47:28,2011-04-21 20:47:28
2102,313,804,2011-04-21 20:47:28,2011-04-21 20:47:28
2103,313,261,2011-04-21 20:47:28,2011-04-21 20:47:28
2104,313,417,2011-04-21 20:47:28,2011-04-21 20:47:28
2105,313,629,2011-04-21 20:47:28,2011-04-21 20:47:28
2106,313,768,2011-04-21 20:47:28,2011-04-21 20:47:28
2107,314,482,2011-04-21 20:47:28,2011-04-21 20:47:28
2108,315,41,2011-04-21 20:47:28,2011-04-21 20:47:28
2109,315,164,2011-04-21 20:47:28,2011-04-21 20:47:28
2110,315,199,2011-04-21 20:47:28,2011-04-21 20:47:28
2111,315,264,2011-04-21 20:47:28,2011-04-21 20:47:28
2112,315,273,2011-04-21 20:47:28,2011-04-21 20:47:28
2113,315,283,2011-04-21 20:47:28,2011-04-21 20:47:28
2114,315,334,2011-04-21 20:47:28,2011-04-21 20:47:28
2115,315,367,2011-04-21 20:47:28,2011-04-21 20:47:28
2116,315,468,2011-04-21 20:47:28,2011-04-21 20:47:28
2117,315,784,2011-04-21 20:47:28,2011-04-21 20:47:28
2118,315,803,2011-04-21 20:47:28,2011-04-21 20:47:28
2119,315,66,2011-04-21 20:47:29,2011-04-21 20:47:29
2120,315,188,2011-04-21 20:47:29,2011-04-21 20:47:29
2121,315,217,2011-04-21 20:47:29,2011-04-21 20:47:29
2122,315,279,2011-04-21 20:47:29,2011-04-21 20:47:29
2123,315,315,2011-04-21 20:47:29,2011-04-21 20:47:29
2124,315,658,2011-04-21 20:47:29,2011-04-21 20:47:29
2125,316,786,2011-04-21 20:47:29,2011-04-21 20:47:29
2126,316,621,2011-04-21 20:47:29,2011-04-21 20:47:29
2127,316,727,2011-04-21 20:47:29,2011-04-21 20:47:29
2128,316,747,2011-04-21 20:47:29,2011-04-21 20:47:29
2129,316,330,2011-04-21 20:47:29,2011-04-21 20:47:29
2130,316,639,2011-04-21 20:47:29,2011-04-21 20:47:29
2131,316,605,2011-04-21 20:47:29,2011-04-21 20:47:29
2132,316,61,2011-04-21 20:47:29,2011-04-21 20:47:29
2133,316,448,2011-04-21 20:47:29,2011-04-21 20:47:29
2134,317,22,2011-04-21 20:47:29,2011-04-21 20:47:29
2135,317,756,2011-04-21 20:47:30,2011-04-21 20:47:30
2136,317,51,2011-04-21 20:47:30,2011-04-21 20:47:30
2137,319,651,2011-04-21 20:47:30,2011-04-21 20:47:30
2138,319,447,2011-04-21 20:47:30,2011-04-21 20:47:30
2139,319,97,2011-04-21 20:47:30,2011-04-21 20:47:30
2140,319,208,2011-04-21 20:47:30,2011-04-21 20:47:30
2141,319,911,2011-04-21 20:47:30,2011-04-21 20:47:30
2142,319,450,2011-04-21 20:47:30,2011-04-21 20:47:30
2143,319,831,2011-04-21 20:47:30,2011-04-21 20:47:30
2144,319,744,2011-04-21 20:47:30,2011-04-21 20:47:30
2145,319,641,2011-04-21 20:47:30,2011-04-21 20:47:30
2146,319,605,2011-04-21 20:47:30,2011-04-21 20:47:30
2147,319,554,2011-04-21 20:47:30,2011-04-21 20:47:30
2148,319,548,2011-04-21 20:47:30,2011-04-21 20:47:30
2149,319,664,2011-04-21 20:47:30,2011-04-21 20:47:30
2150,319,673,2011-04-21 20:47:30,2011-04-21 20:47:30
2151,319,302,2011-04-21 20:47:30,2011-04-21 20:47:30
2152,319,729,2011-04-21 20:47:30,2011-04-21 20:47:30
2153,319,708,2011-04-21 20:47:30,2011-04-21 20:47:30
2154,321,45,2011-04-21 20:47:31,2011-04-21 20:47:31
2155,321,131,2011-04-21 20:47:31,2011-04-21 20:47:31
2156,321,212,2011-04-21 20:47:31,2011-04-21 20:47:31
2157,321,313,2011-04-21 20:47:31,2011-04-21 20:47:31
2158,321,339,2011-04-21 20:47:31,2011-04-21 20:47:31
2159,321,373,2011-04-21 20:47:31,2011-04-21 20:47:31
2160,321,397,2011-04-21 20:47:31,2011-04-21 20:47:31
2161,321,406,2011-04-21 20:47:31,2011-04-21 20:47:31
2162,321,531,2011-04-21 20:47:31,2011-04-21 20:47:31
2163,321,573,2011-04-21 20:47:31,2011-04-21 20:47:31
2164,321,619,2011-04-21 20:47:31,2011-04-21 20:47:31
2165,321,733,2011-04-21 20:47:31,2011-04-21 20:47:31
2166,321,804,2011-04-21 20:47:31,2011-04-21 20:47:31
2167,321,741,2011-04-21 20:47:31,2011-04-21 20:47:31
2168,321,927,2011-04-21 20:47:31,2011-04-21 20:47:31
2169,321,285,2011-04-21 20:47:31,2011-04-21 20:47:31
2170,321,19,2011-04-21 20:47:31,2011-04-21 20:47:31
2171,323,45,2011-04-21 20:47:31,2011-04-21 20:47:31
2172,323,131,2011-04-21 20:47:31,2011-04-21 20:47:31
2173,323,212,2011-04-21 20:47:31,2011-04-21 20:47:31
2174,323,313,2011-04-21 20:47:31,2011-04-21 20:47:31
2175,323,339,2011-04-21 20:47:31,2011-04-21 20:47:31
2176,323,373,2011-04-21 20:47:31,2011-04-21 20:47:31
2177,323,397,2011-04-21 20:47:31,2011-04-21 20:47:31
2178,323,406,2011-04-21 20:47:31,2011-04-21 20:47:31
2179,323,531,2011-04-21 20:47:31,2011-04-21 20:47:31
2180,323,573,2011-04-21 20:47:31,2011-04-21 20:47:31
2181,323,619,2011-04-21 20:47:31,2011-04-21 20:47:31
2182,323,733,2011-04-21 20:47:31,2011-04-21 20:47:31
2183,323,804,2011-04-21 20:47:32,2011-04-21 20:47:32
2184,323,261,2011-04-21 20:47:32,2011-04-21 20:47:32
2185,323,417,2011-04-21 20:47:32,2011-04-21 20:47:32
2186,323,629,2011-04-21 20:47:32,2011-04-21 20:47:32
2187,323,768,2011-04-21 20:47:32,2011-04-21 20:47:32
2188,324,45,2011-04-21 20:47:32,2011-04-21 20:47:32
2189,324,131,2011-04-21 20:47:32,2011-04-21 20:47:32
2190,324,212,2011-04-21 20:47:32,2011-04-21 20:47:32
2191,324,313,2011-04-21 20:47:32,2011-04-21 20:47:32
2192,324,339,2011-04-21 20:47:32,2011-04-21 20:47:32
2193,324,373,2011-04-21 20:47:32,2011-04-21 20:47:32
2194,324,397,2011-04-21 20:47:32,2011-04-21 20:47:32
2195,324,406,2011-04-21 20:47:32,2011-04-21 20:47:32
2196,324,531,2011-04-21 20:47:32,2011-04-21 20:47:32
2197,324,573,2011-04-21 20:47:32,2011-04-21 20:47:32
2198,324,619,2011-04-21 20:47:32,2011-04-21 20:47:32
2199,324,733,2011-04-21 20:47:32,2011-04-21 20:47:32
2200,324,804,2011-04-21 20:47:32,2011-04-21 20:47:32
2201,324,261,2011-04-21 20:47:32,2011-04-21 20:47:32
2202,324,417,2011-04-21 20:47:32,2011-04-21 20:47:32
2203,324,629,2011-04-21 20:47:32,2011-04-21 20:47:32
2204,324,768,2011-04-21 20:47:32,2011-04-21 20:47:32
2205,58,45,2011-04-21 20:47:32,2011-04-21 20:47:32
2206,295,45,2011-04-21 20:47:32,2011-04-21 20:47:32
2207,297,45,2011-04-21 20:47:32,2011-04-21 20:47:32
2208,326,45,2011-04-21 20:47:32,2011-04-21 20:47:32
2209,419,45,2011-04-21 20:47:32,2011-04-21 20:47:32
2210,765,45,2011-04-21 20:47:32,2011-04-21 20:47:32
2211,58,131,2011-04-21 20:47:32,2011-04-21 20:47:32
2212,295,131,2011-04-21 20:47:32,2011-04-21 20:47:32
2213,297,131,2011-04-21 20:47:32,2011-04-21 20:47:32
2214,326,131,2011-04-21 20:47:32,2011-04-21 20:47:32
2215,419,131,2011-04-21 20:47:32,2011-04-21 20:47:32
2216,765,131,2011-04-21 20:47:32,2011-04-21 20:47:32
2217,58,212,2011-04-21 20:47:32,2011-04-21 20:47:32
2218,295,212,2011-04-21 20:47:32,2011-04-21 20:47:32
2219,297,212,2011-04-21 20:47:32,2011-04-21 20:47:32
2220,326,212,2011-04-21 20:47:32,2011-04-21 20:47:32
2221,419,212,2011-04-21 20:47:32,2011-04-21 20:47:32
2222,765,212,2011-04-21 20:47:32,2011-04-21 20:47:32
2223,58,313,2011-04-21 20:47:32,2011-04-21 20:47:32
2224,295,313,2011-04-21 20:47:32,2011-04-21 20:47:32
2225,297,313,2011-04-21 20:47:32,2011-04-21 20:47:32
2226,326,313,2011-04-21 20:47:32,2011-04-21 20:47:32
2227,419,313,2011-04-21 20:47:32,2011-04-21 20:47:32
2228,765,313,2011-04-21 20:47:32,2011-04-21 20:47:32
2229,58,339,2011-04-21 20:47:32,2011-04-21 20:47:32
2230,295,339,2011-04-21 20:47:33,2011-04-21 20:47:33
2231,297,339,2011-04-21 20:47:33,2011-04-21 20:47:33
2232,326,339,2011-04-21 20:47:33,2011-04-21 20:47:33
2233,419,339,2011-04-21 20:47:33,2011-04-21 20:47:33
2234,765,339,2011-04-21 20:47:33,2011-04-21 20:47:33
2235,58,373,2011-04-21 20:47:33,2011-04-21 20:47:33
2236,295,373,2011-04-21 20:47:33,2011-04-21 20:47:33
2237,297,373,2011-04-21 20:47:33,2011-04-21 20:47:33
2238,326,373,2011-04-21 20:47:33,2011-04-21 20:47:33
2239,419,373,2011-04-21 20:47:33,2011-04-21 20:47:33
2240,765,373,2011-04-21 20:47:33,2011-04-21 20:47:33
2241,58,397,2011-04-21 20:47:33,2011-04-21 20:47:33
2242,295,397,2011-04-21 20:47:33,2011-04-21 20:47:33
2243,297,397,2011-04-21 20:47:33,2011-04-21 20:47:33
2244,326,397,2011-04-21 20:47:33,2011-04-21 20:47:33
2245,419,397,2011-04-21 20:47:33,2011-04-21 20:47:33
2246,765,397,2011-04-21 20:47:33,2011-04-21 20:47:33
2247,58,406,2011-04-21 20:47:33,2011-04-21 20:47:33
2248,295,406,2011-04-21 20:47:33,2011-04-21 20:47:33
2249,297,406,2011-04-21 20:47:33,2011-04-21 20:47:33
2250,326,406,2011-04-21 20:47:33,2011-04-21 20:47:33
2251,419,406,2011-04-21 20:47:33,2011-04-21 20:47:33
2252,765,406,2011-04-21 20:47:33,2011-04-21 20:47:33
2253,58,531,2011-04-21 20:47:33,2011-04-21 20:47:33
2254,295,531,2011-04-21 20:47:33,2011-04-21 20:47:33
2255,297,531,2011-04-21 20:47:33,2011-04-21 20:47:33
2256,326,531,2011-04-21 20:47:33,2011-04-21 20:47:33
2257,419,531,2011-04-21 20:47:33,2011-04-21 20:47:33
2258,765,531,2011-04-21 20:47:33,2011-04-21 20:47:33
2259,58,573,2011-04-21 20:47:33,2011-04-21 20:47:33
2260,295,573,2011-04-21 20:47:33,2011-04-21 20:47:33
2261,297,573,2011-04-21 20:47:33,2011-04-21 20:47:33
2262,326,573,2011-04-21 20:47:33,2011-04-21 20:47:33
2263,419,573,2011-04-21 20:47:33,2011-04-21 20:47:33
2264,765,573,2011-04-21 20:47:33,2011-04-21 20:47:33
2265,58,619,2011-04-21 20:47:33,2011-04-21 20:47:33
2266,295,619,2011-04-21 20:47:33,2011-04-21 20:47:33
2267,297,619,2011-04-21 20:47:33,2011-04-21 20:47:33
2268,326,619,2011-04-21 20:47:33,2011-04-21 20:47:33
2269,419,619,2011-04-21 20:47:33,2011-04-21 20:47:33
2270,765,619,2011-04-21 20:47:33,2011-04-21 20:47:33
2271,58,733,2011-04-21 20:47:33,2011-04-21 20:47:33
2272,295,733,2011-04-21 20:47:33,2011-04-21 20:47:33
2273,297,733,2011-04-21 20:47:33,2011-04-21 20:47:33
2274,326,733,2011-04-21 20:47:33,2011-04-21 20:47:33
2275,419,733,2011-04-21 20:47:33,2011-04-21 20:47:33
2276,765,733,2011-04-21 20:47:33,2011-04-21 20:47:33
2277,58,804,2011-04-21 20:47:33,2011-04-21 20:47:33
2278,295,804,2011-04-21 20:47:33,2011-04-21 20:47:33
2279,297,804,2011-04-21 20:47:33,2011-04-21 20:47:33
2280,326,804,2011-04-21 20:47:33,2011-04-21 20:47:33
2281,419,804,2011-04-21 20:47:33,2011-04-21 20:47:33
2282,765,804,2011-04-21 20:47:33,2011-04-21 20:47:33
2283,327,417,2011-04-21 20:47:33,2011-04-21 20:47:33
2284,327,629,2011-04-21 20:47:33,2011-04-21 20:47:33
2285,331,185,2011-04-21 20:47:34,2011-04-21 20:47:34
2286,331,219,2011-04-21 20:47:34,2011-04-21 20:47:34
2288,331,358,2011-04-21 20:47:34,2011-04-21 20:47:34
2289,331,396,2011-04-21 20:47:34,2011-04-21 20:47:34
2290,331,464,2011-04-21 20:47:34,2011-04-21 20:47:34
2291,331,556,2011-04-21 20:47:34,2011-04-21 20:47:34
2292,331,715,2011-04-21 20:47:34,2011-04-21 20:47:34
2293,331,862,2011-04-21 20:47:34,2011-04-21 20:47:34
2294,331,915,2011-04-21 20:47:34,2011-04-21 20:47:34
2295,331,111,2011-04-21 20:47:34,2011-04-21 20:47:34
2296,331,180,2011-04-21 20:47:34,2011-04-21 20:47:34
2297,331,534,2011-04-21 20:47:34,2011-04-21 20:47:34
2298,331,574,2011-04-21 20:47:34,2011-04-21 20:47:34
2299,331,578,2011-04-21 20:47:34,2011-04-21 20:47:34
2300,331,688,2011-04-21 20:47:34,2011-04-21 20:47:34
2301,331,801,2011-04-21 20:47:34,2011-04-21 20:47:34
2302,331,261,2011-04-21 20:47:34,2011-04-21 20:47:34
2303,331,417,2011-04-21 20:47:34,2011-04-21 20:47:34
2304,331,629,2011-04-21 20:47:34,2011-04-21 20:47:34
2305,331,768,2011-04-21 20:47:34,2011-04-21 20:47:34
2306,334,45,2011-04-21 20:47:35,2011-04-21 20:47:35
2307,334,131,2011-04-21 20:47:35,2011-04-21 20:47:35
2308,334,212,2011-04-21 20:47:35,2011-04-21 20:47:35
2309,334,313,2011-04-21 20:47:35,2011-04-21 20:47:35
2310,334,339,2011-04-21 20:47:35,2011-04-21 20:47:35
2311,334,373,2011-04-21 20:47:35,2011-04-21 20:47:35
2312,334,397,2011-04-21 20:47:35,2011-04-21 20:47:35
2313,334,406,2011-04-21 20:47:35,2011-04-21 20:47:35
2314,334,531,2011-04-21 20:47:35,2011-04-21 20:47:35
2315,334,573,2011-04-21 20:47:35,2011-04-21 20:47:35
2316,334,619,2011-04-21 20:47:35,2011-04-21 20:47:35
2317,334,733,2011-04-21 20:47:35,2011-04-21 20:47:35
2318,334,804,2011-04-21 20:47:35,2011-04-21 20:47:35
2319,334,261,2011-04-21 20:47:35,2011-04-21 20:47:35
2320,334,417,2011-04-21 20:47:35,2011-04-21 20:47:35
2321,334,629,2011-04-21 20:47:35,2011-04-21 20:47:35
2322,334,768,2011-04-21 20:47:35,2011-04-21 20:47:35
2323,339,45,2011-04-21 20:47:35,2011-04-21 20:47:35
2324,339,131,2011-04-21 20:47:35,2011-04-21 20:47:35
2325,339,212,2011-04-21 20:47:35,2011-04-21 20:47:35
2326,339,313,2011-04-21 20:47:35,2011-04-21 20:47:35
2327,339,339,2011-04-21 20:47:35,2011-04-21 20:47:35
2328,339,373,2011-04-21 20:47:35,2011-04-21 20:47:35
2329,339,397,2011-04-21 20:47:36,2011-04-21 20:47:36
2330,339,406,2011-04-21 20:47:36,2011-04-21 20:47:36
2331,339,531,2011-04-21 20:47:36,2011-04-21 20:47:36
2332,339,573,2011-04-21 20:47:36,2011-04-21 20:47:36
2333,339,619,2011-04-21 20:47:36,2011-04-21 20:47:36
2334,339,733,2011-04-21 20:47:36,2011-04-21 20:47:36
2335,339,804,2011-04-21 20:47:36,2011-04-21 20:47:36
2336,339,261,2011-04-21 20:47:36,2011-04-21 20:47:36
2337,339,417,2011-04-21 20:47:36,2011-04-21 20:47:36
2338,339,629,2011-04-21 20:47:36,2011-04-21 20:47:36
2339,339,768,2011-04-21 20:47:36,2011-04-21 20:47:36
2340,343,469,2011-04-21 20:47:36,2011-04-21 20:47:36
2341,349,45,2011-04-21 20:47:36,2011-04-21 20:47:36
2342,349,131,2011-04-21 20:47:36,2011-04-21 20:47:36
2343,349,212,2011-04-21 20:47:36,2011-04-21 20:47:36
2344,349,313,2011-04-21 20:47:36,2011-04-21 20:47:36
2345,349,339,2011-04-21 20:47:36,2011-04-21 20:47:36
2346,349,373,2011-04-21 20:47:36,2011-04-21 20:47:36
2347,349,397,2011-04-21 20:47:36,2011-04-21 20:47:36
2348,349,406,2011-04-21 20:47:36,2011-04-21 20:47:36
2349,349,531,2011-04-21 20:47:36,2011-04-21 20:47:36
2350,349,573,2011-04-21 20:47:36,2011-04-21 20:47:36
2351,349,619,2011-04-21 20:47:36,2011-04-21 20:47:36
2352,349,733,2011-04-21 20:47:36,2011-04-21 20:47:36
2353,349,804,2011-04-21 20:47:36,2011-04-21 20:47:36
2354,349,261,2011-04-21 20:47:36,2011-04-21 20:47:36
2355,349,417,2011-04-21 20:47:36,2011-04-21 20:47:36
2356,349,629,2011-04-21 20:47:36,2011-04-21 20:47:36
2357,349,768,2011-04-21 20:47:36,2011-04-21 20:47:36
2358,350,185,2011-04-21 20:47:36,2011-04-21 20:47:36
2359,350,219,2011-04-21 20:47:36,2011-04-21 20:47:36
2361,350,358,2011-04-21 20:47:36,2011-04-21 20:47:36
2362,350,396,2011-04-21 20:47:36,2011-04-21 20:47:36
2363,350,464,2011-04-21 20:47:36,2011-04-21 20:47:36
2364,350,556,2011-04-21 20:47:36,2011-04-21 20:47:36
2365,350,715,2011-04-21 20:47:36,2011-04-21 20:47:36
2366,350,862,2011-04-21 20:47:36,2011-04-21 20:47:36
2367,350,915,2011-04-21 20:47:36,2011-04-21 20:47:36
2368,350,797,2011-04-21 20:47:37,2011-04-21 20:47:37
2369,350,927,2011-04-21 20:47:37,2011-04-21 20:47:37
2370,350,261,2011-04-21 20:47:37,2011-04-21 20:47:37
2371,350,417,2011-04-21 20:47:37,2011-04-21 20:47:37
2372,350,629,2011-04-21 20:47:37,2011-04-21 20:47:37
2373,350,768,2011-04-21 20:47:37,2011-04-21 20:47:37
2374,351,698,2011-04-21 20:47:37,2011-04-21 20:47:37
2375,351,192,2011-04-21 20:47:37,2011-04-21 20:47:37
2376,351,832,2011-04-21 20:47:37,2011-04-21 20:47:37
2377,351,632,2011-04-21 20:47:37,2011-04-21 20:47:37
2378,351,45,2011-04-21 20:47:37,2011-04-21 20:47:37
2379,351,131,2011-04-21 20:47:37,2011-04-21 20:47:37
2380,351,212,2011-04-21 20:47:37,2011-04-21 20:47:37
2381,351,313,2011-04-21 20:47:37,2011-04-21 20:47:37
2382,351,339,2011-04-21 20:47:37,2011-04-21 20:47:37
2383,351,373,2011-04-21 20:47:37,2011-04-21 20:47:37
2384,351,397,2011-04-21 20:47:37,2011-04-21 20:47:37
2385,351,406,2011-04-21 20:47:37,2011-04-21 20:47:37
2386,351,531,2011-04-21 20:47:37,2011-04-21 20:47:37
2387,351,573,2011-04-21 20:47:37,2011-04-21 20:47:37
2388,351,619,2011-04-21 20:47:37,2011-04-21 20:47:37
2389,351,733,2011-04-21 20:47:37,2011-04-21 20:47:37
2390,351,804,2011-04-21 20:47:37,2011-04-21 20:47:37
2391,351,261,2011-04-21 20:47:37,2011-04-21 20:47:37
2392,351,417,2011-04-21 20:47:37,2011-04-21 20:47:37
2393,351,629,2011-04-21 20:47:37,2011-04-21 20:47:37
2394,351,768,2011-04-21 20:47:37,2011-04-21 20:47:37
2395,352,698,2011-04-21 20:47:37,2011-04-21 20:47:37
2396,352,192,2011-04-21 20:47:37,2011-04-21 20:47:37
2397,352,832,2011-04-21 20:47:37,2011-04-21 20:47:37
2398,352,632,2011-04-21 20:47:37,2011-04-21 20:47:37
2399,352,45,2011-04-21 20:47:37,2011-04-21 20:47:37
2400,352,131,2011-04-21 20:47:37,2011-04-21 20:47:37
2401,352,212,2011-04-21 20:47:37,2011-04-21 20:47:37
2402,352,313,2011-04-21 20:47:37,2011-04-21 20:47:37
2403,352,339,2011-04-21 20:47:37,2011-04-21 20:47:37
2404,352,373,2011-04-21 20:47:37,2011-04-21 20:47:37
2405,352,397,2011-04-21 20:47:37,2011-04-21 20:47:37
2406,352,406,2011-04-21 20:47:37,2011-04-21 20:47:37
2407,352,531,2011-04-21 20:47:38,2011-04-21 20:47:38
2408,352,573,2011-04-21 20:47:38,2011-04-21 20:47:38
2409,352,619,2011-04-21 20:47:38,2011-04-21 20:47:38
2410,352,733,2011-04-21 20:47:38,2011-04-21 20:47:38
2411,352,804,2011-04-21 20:47:38,2011-04-21 20:47:38
2412,352,261,2011-04-21 20:47:38,2011-04-21 20:47:38
2413,352,417,2011-04-21 20:47:38,2011-04-21 20:47:38
2414,352,629,2011-04-21 20:47:38,2011-04-21 20:47:38
2415,352,768,2011-04-21 20:47:38,2011-04-21 20:47:38
2416,353,698,2011-04-21 20:47:38,2011-04-21 20:47:38
2417,353,192,2011-04-21 20:47:38,2011-04-21 20:47:38
2418,353,832,2011-04-21 20:47:38,2011-04-21 20:47:38
2419,353,632,2011-04-21 20:47:38,2011-04-21 20:47:38
2420,353,45,2011-04-21 20:47:38,2011-04-21 20:47:38
2421,353,131,2011-04-21 20:47:38,2011-04-21 20:47:38
2422,353,212,2011-04-21 20:47:38,2011-04-21 20:47:38
2423,353,313,2011-04-21 20:47:38,2011-04-21 20:47:38
2424,353,339,2011-04-21 20:47:38,2011-04-21 20:47:38
2425,353,373,2011-04-21 20:47:38,2011-04-21 20:47:38
2426,353,397,2011-04-21 20:47:38,2011-04-21 20:47:38
2427,353,406,2011-04-21 20:47:38,2011-04-21 20:47:38
2428,353,531,2011-04-21 20:47:38,2011-04-21 20:47:38
2429,353,573,2011-04-21 20:47:38,2011-04-21 20:47:38
2430,353,619,2011-04-21 20:47:38,2011-04-21 20:47:38
2431,353,733,2011-04-21 20:47:38,2011-04-21 20:47:38
2432,353,804,2011-04-21 20:47:38,2011-04-21 20:47:38
2433,353,261,2011-04-21 20:47:38,2011-04-21 20:47:38
2434,353,417,2011-04-21 20:47:38,2011-04-21 20:47:38
2435,353,629,2011-04-21 20:47:38,2011-04-21 20:47:38
2436,353,768,2011-04-21 20:47:38,2011-04-21 20:47:38
2437,354,604,2011-04-21 20:47:38,2011-04-21 20:47:38
2438,354,679,2011-04-21 20:47:38,2011-04-21 20:47:38
2439,354,691,2011-04-21 20:47:38,2011-04-21 20:47:38
2440,354,214,2011-04-21 20:47:39,2011-04-21 20:47:39
2441,354,897,2011-04-21 20:47:39,2011-04-21 20:47:39
2442,354,69,2011-04-21 20:47:39,2011-04-21 20:47:39
2443,354,314,2011-04-21 20:47:39,2011-04-21 20:47:39
2444,354,297,2011-04-21 20:47:39,2011-04-21 20:47:39
2445,354,819,2011-04-21 20:47:39,2011-04-21 20:47:39
2446,356,185,2011-04-21 20:47:39,2011-04-21 20:47:39
2447,356,219,2011-04-21 20:47:39,2011-04-21 20:47:39
2449,356,358,2011-04-21 20:47:39,2011-04-21 20:47:39
2450,356,396,2011-04-21 20:47:39,2011-04-21 20:47:39
2451,356,464,2011-04-21 20:47:39,2011-04-21 20:47:39
2452,356,556,2011-04-21 20:47:39,2011-04-21 20:47:39
2453,356,715,2011-04-21 20:47:39,2011-04-21 20:47:39
2454,356,862,2011-04-21 20:47:39,2011-04-21 20:47:39
2455,356,915,2011-04-21 20:47:39,2011-04-21 20:47:39
2460,360,185,2011-04-21 20:47:39,2011-04-21 20:47:39
2461,360,219,2011-04-21 20:47:39,2011-04-21 20:47:39
2463,360,358,2011-04-21 20:47:40,2011-04-21 20:47:40
2464,360,396,2011-04-21 20:47:40,2011-04-21 20:47:40
2465,360,464,2011-04-21 20:47:40,2011-04-21 20:47:40
2466,360,556,2011-04-21 20:47:40,2011-04-21 20:47:40
2467,360,715,2011-04-21 20:47:40,2011-04-21 20:47:40
2468,360,862,2011-04-21 20:47:40,2011-04-21 20:47:40
2469,360,915,2011-04-21 20:47:40,2011-04-21 20:47:40
2470,362,111,2011-04-21 20:47:40,2011-04-21 20:47:40
2471,362,180,2011-04-21 20:47:40,2011-04-21 20:47:40
2472,362,534,2011-04-21 20:47:40,2011-04-21 20:47:40
2473,362,574,2011-04-21 20:47:40,2011-04-21 20:47:40
2474,362,578,2011-04-21 20:47:40,2011-04-21 20:47:40
2475,362,688,2011-04-21 20:47:40,2011-04-21 20:47:40
2476,362,801,2011-04-21 20:47:40,2011-04-21 20:47:40
2478,367,846,2011-04-21 20:47:41,2011-04-21 20:47:41
2480,367,705,2011-04-21 20:47:41,2011-04-21 20:47:41
2482,367,55,2011-04-21 20:47:42,2011-04-21 20:47:42
2484,367,269,2011-04-21 20:47:42,2011-04-21 20:47:42
2486,367,330,2011-04-21 20:47:42,2011-04-21 20:47:42
2488,367,405,2011-04-21 20:47:42,2011-04-21 20:47:42
2490,367,501,2011-04-21 20:47:42,2011-04-21 20:47:42
2492,367,662,2011-04-21 20:47:42,2011-04-21 20:47:42
2494,367,680,2011-04-21 20:47:42,2011-04-21 20:47:42
2496,367,727,2011-04-21 20:47:42,2011-04-21 20:47:42
2498,367,747,2011-04-21 20:47:42,2011-04-21 20:47:42
2500,367,829,2011-04-21 20:47:42,2011-04-21 20:47:42
2502,367,837,2011-04-21 20:47:42,2011-04-21 20:47:42
2503,368,55,2011-04-21 20:47:42,2011-04-21 20:47:42
2504,368,269,2011-04-21 20:47:42,2011-04-21 20:47:42
2505,368,330,2011-04-21 20:47:42,2011-04-21 20:47:42
2506,368,405,2011-04-21 20:47:42,2011-04-21 20:47:42
2507,368,501,2011-04-21 20:47:42,2011-04-21 20:47:42
2508,368,662,2011-04-21 20:47:42,2011-04-21 20:47:42
2509,368,680,2011-04-21 20:47:42,2011-04-21 20:47:42
2510,368,727,2011-04-21 20:47:42,2011-04-21 20:47:42
2511,368,747,2011-04-21 20:47:42,2011-04-21 20:47:42
2512,368,829,2011-04-21 20:47:42,2011-04-21 20:47:42
2513,368,837,2011-04-21 20:47:42,2011-04-21 20:47:42
2514,368,39,2011-04-21 20:47:43,2011-04-21 20:47:43
2515,368,210,2011-04-21 20:47:43,2011-04-21 20:47:43
2516,368,379,2011-04-21 20:47:43,2011-04-21 20:47:43
2517,368,589,2011-04-21 20:47:43,2011-04-21 20:47:43
2518,368,639,2011-04-21 20:47:43,2011-04-21 20:47:43
2519,368,657,2011-04-21 20:47:43,2011-04-21 20:47:43
2520,368,739,2011-04-21 20:47:43,2011-04-21 20:47:43
2521,368,810,2011-04-21 20:47:43,2011-04-21 20:47:43
2522,368,875,2011-04-21 20:47:43,2011-04-21 20:47:43
2523,368,566,2011-04-21 20:47:43,2011-04-21 20:47:43
2524,368,824,2011-04-21 20:47:43,2011-04-21 20:47:43
2525,368,485,2011-04-21 20:47:43,2011-04-21 20:47:43
2526,368,565,2011-04-21 20:47:43,2011-04-21 20:47:43
2527,368,493,2011-04-21 20:47:43,2011-04-21 20:47:43
2528,368,301,2011-04-21 20:47:43,2011-04-21 20:47:43
2529,368,189,2011-04-21 20:47:43,2011-04-21 20:47:43
2530,369,201,2011-04-21 20:47:44,2011-04-21 20:47:44
2531,369,536,2011-04-21 20:47:44,2011-04-21 20:47:44
2532,369,609,2011-04-21 20:47:44,2011-04-21 20:47:44
2533,369,834,2011-04-21 20:47:44,2011-04-21 20:47:44
2534,370,282,2011-04-21 20:47:44,2011-04-21 20:47:44
2535,371,510,2011-04-21 20:47:44,2011-04-21 20:47:44
2536,372,174,2011-04-21 20:47:44,2011-04-21 20:47:44
2537,373,386,2011-04-21 20:47:44,2011-04-21 20:47:44
2538,374,386,2011-04-21 20:47:44,2011-04-21 20:47:44
2539,377,835,2011-04-21 20:47:44,2011-04-21 20:47:44
2540,377,88,2011-04-21 20:47:44,2011-04-21 20:47:44
2541,377,322,2011-04-21 20:47:44,2011-04-21 20:47:44
2542,377,411,2011-04-21 20:47:44,2011-04-21 20:47:44
2560,382,45,2011-04-21 20:47:44,2011-04-21 20:47:44
2561,382,131,2011-04-21 20:47:44,2011-04-21 20:47:44
2562,382,212,2011-04-21 20:47:44,2011-04-21 20:47:44
2563,382,313,2011-04-21 20:47:44,2011-04-21 20:47:44
2564,382,339,2011-04-21 20:47:44,2011-04-21 20:47:44
2565,382,373,2011-04-21 20:47:44,2011-04-21 20:47:44
2566,382,397,2011-04-21 20:47:44,2011-04-21 20:47:44
2567,382,406,2011-04-21 20:47:45,2011-04-21 20:47:45
2568,382,531,2011-04-21 20:47:45,2011-04-21 20:47:45
2569,382,573,2011-04-21 20:47:45,2011-04-21 20:47:45
2570,382,619,2011-04-21 20:47:45,2011-04-21 20:47:45
2571,382,733,2011-04-21 20:47:45,2011-04-21 20:47:45
2572,382,804,2011-04-21 20:47:45,2011-04-21 20:47:45
2573,382,261,2011-04-21 20:47:45,2011-04-21 20:47:45
2574,382,417,2011-04-21 20:47:45,2011-04-21 20:47:45
2575,382,629,2011-04-21 20:47:45,2011-04-21 20:47:45
2576,382,768,2011-04-21 20:47:45,2011-04-21 20:47:45
2577,385,382,2011-04-21 20:47:45,2011-04-21 20:47:45
2578,385,463,2011-04-21 20:47:45,2011-04-21 20:47:45
2579,385,608,2011-04-21 20:47:45,2011-04-21 20:47:45
2580,385,469,2011-04-21 20:47:45,2011-04-21 20:47:45
2581,385,287,2011-04-21 20:47:45,2011-04-21 20:47:45
2582,385,398,2011-04-21 20:47:45,2011-04-21 20:47:45
2583,386,45,2011-04-21 20:47:45,2011-04-21 20:47:45
2584,386,131,2011-04-21 20:47:45,2011-04-21 20:47:45
2585,386,212,2011-04-21 20:47:45,2011-04-21 20:47:45
2586,386,313,2011-04-21 20:47:45,2011-04-21 20:47:45
2587,386,339,2011-04-21 20:47:45,2011-04-21 20:47:45
2588,386,373,2011-04-21 20:47:45,2011-04-21 20:47:45
2589,386,397,2011-04-21 20:47:45,2011-04-21 20:47:45
2590,386,406,2011-04-21 20:47:45,2011-04-21 20:47:45
2591,386,531,2011-04-21 20:47:45,2011-04-21 20:47:45
2592,386,573,2011-04-21 20:47:45,2011-04-21 20:47:45
2593,386,619,2011-04-21 20:47:45,2011-04-21 20:47:45
2594,386,733,2011-04-21 20:47:45,2011-04-21 20:47:45
2595,386,804,2011-04-21 20:47:45,2011-04-21 20:47:45
2596,386,927,2011-04-21 20:47:45,2011-04-21 20:47:45
2597,386,797,2011-04-21 20:47:46,2011-04-21 20:47:46
2599,1006,261,2011-04-21 20:47:46,2011-04-21 20:47:46
2600,387,417,2011-04-21 20:47:46,2011-04-21 20:47:46
2601,1006,417,2011-04-21 20:47:46,2011-04-21 20:47:46
2602,387,629,2011-04-21 20:47:46,2011-04-21 20:47:46
2603,1006,629,2011-04-21 20:47:46,2011-04-21 20:47:46
2604,387,768,2011-04-21 20:47:46,2011-04-21 20:47:46
2605,1006,768,2011-04-21 20:47:46,2011-04-21 20:47:46
2606,387,887,2011-04-21 20:47:46,2011-04-21 20:47:46
2607,1006,887,2011-04-21 20:47:46,2011-04-21 20:47:46
2608,387,182,2011-04-21 20:47:46,2011-04-21 20:47:46
2609,1006,182,2011-04-21 20:47:46,2011-04-21 20:47:46
2615,392,728,2011-04-21 20:47:46,2011-04-21 20:47:46
2616,392,726,2011-04-21 20:47:46,2011-04-21 20:47:46
2617,392,185,2011-04-21 20:47:47,2011-04-21 20:47:47
2618,392,219,2011-04-21 20:47:47,2011-04-21 20:47:47
2620,392,358,2011-04-21 20:47:47,2011-04-21 20:47:47
2621,392,396,2011-04-21 20:47:47,2011-04-21 20:47:47
2622,392,464,2011-04-21 20:47:47,2011-04-21 20:47:47
2623,392,556,2011-04-21 20:47:47,2011-04-21 20:47:47
2624,392,715,2011-04-21 20:47:47,2011-04-21 20:47:47
2625,392,862,2011-04-21 20:47:47,2011-04-21 20:47:47
2626,392,915,2011-04-21 20:47:47,2011-04-21 20:47:47
2627,401,650,2011-04-21 20:47:47,2011-04-21 20:47:47
2628,401,420,2011-04-21 20:47:47,2011-04-21 20:47:47
2629,401,649,2011-04-21 20:47:47,2011-04-21 20:47:47
2630,401,115,2011-04-21 20:47:47,2011-04-21 20:47:47
2631,401,728,2011-04-21 20:47:47,2011-04-21 20:47:47
2632,401,614,2011-04-21 20:47:47,2011-04-21 20:47:47
2633,401,345,2011-04-21 20:47:47,2011-04-21 20:47:47
2634,401,58,2011-04-21 20:47:47,2011-04-21 20:47:47
2635,401,842,2011-04-21 20:47:47,2011-04-21 20:47:47
2636,402,385,2011-04-21 20:47:47,2011-04-21 20:47:47
2637,476,385,2011-04-21 20:47:47,2011-04-21 20:47:47
2638,402,572,2011-04-21 20:47:47,2011-04-21 20:47:47
2639,476,572,2011-04-21 20:47:47,2011-04-21 20:47:47
2640,402,527,2011-04-21 20:47:47,2011-04-21 20:47:47
2641,476,527,2011-04-21 20:47:47,2011-04-21 20:47:47
2642,402,350,2011-04-21 20:47:47,2011-04-21 20:47:47
2643,476,350,2011-04-21 20:47:47,2011-04-21 20:47:47
2644,402,100,2011-04-21 20:47:47,2011-04-21 20:47:47
2645,476,100,2011-04-21 20:47:47,2011-04-21 20:47:47
2646,405,282,2011-04-21 20:47:47,2011-04-21 20:47:47
2647,408,45,2011-04-21 20:47:47,2011-04-21 20:47:47
2648,408,131,2011-04-21 20:47:47,2011-04-21 20:47:47
2649,408,212,2011-04-21 20:47:47,2011-04-21 20:47:47
2650,408,313,2011-04-21 20:47:48,2011-04-21 20:47:48
2651,408,339,2011-04-21 20:47:48,2011-04-21 20:47:48
2652,408,373,2011-04-21 20:47:48,2011-04-21 20:47:48
2653,408,397,2011-04-21 20:47:48,2011-04-21 20:47:48
2654,408,406,2011-04-21 20:47:48,2011-04-21 20:47:48
2655,408,531,2011-04-21 20:47:48,2011-04-21 20:47:48
2656,408,573,2011-04-21 20:47:48,2011-04-21 20:47:48
2657,408,619,2011-04-21 20:47:48,2011-04-21 20:47:48
2658,408,733,2011-04-21 20:47:48,2011-04-21 20:47:48
2659,408,804,2011-04-21 20:47:48,2011-04-21 20:47:48
2660,408,261,2011-04-21 20:47:48,2011-04-21 20:47:48
2661,408,417,2011-04-21 20:47:48,2011-04-21 20:47:48
2662,408,629,2011-04-21 20:47:48,2011-04-21 20:47:48
2663,408,768,2011-04-21 20:47:48,2011-04-21 20:47:48
2664,409,201,2011-04-21 20:47:48,2011-04-21 20:47:48
2665,409,536,2011-04-21 20:47:48,2011-04-21 20:47:48
2666,409,609,2011-04-21 20:47:48,2011-04-21 20:47:48
2667,409,834,2011-04-21 20:47:48,2011-04-21 20:47:48
2668,409,111,2011-04-21 20:47:48,2011-04-21 20:47:48
2669,409,180,2011-04-21 20:47:48,2011-04-21 20:47:48
2670,409,534,2011-04-21 20:47:48,2011-04-21 20:47:48
2671,409,574,2011-04-21 20:47:48,2011-04-21 20:47:48
2672,409,578,2011-04-21 20:47:48,2011-04-21 20:47:48
2673,409,688,2011-04-21 20:47:48,2011-04-21 20:47:48
2674,409,801,2011-04-21 20:47:49,2011-04-21 20:47:49
2675,409,213,2011-04-21 20:47:49,2011-04-21 20:47:49
2676,413,927,2011-04-21 20:47:49,2011-04-21 20:47:49
2677,413,477,2011-04-21 20:47:49,2011-04-21 20:47:49
2678,414,45,2011-04-21 20:47:49,2011-04-21 20:47:49
2679,414,131,2011-04-21 20:47:49,2011-04-21 20:47:49
2680,414,212,2011-04-21 20:47:49,2011-04-21 20:47:49
2681,414,313,2011-04-21 20:47:49,2011-04-21 20:47:49
2682,414,339,2011-04-21 20:47:49,2011-04-21 20:47:49
2683,414,373,2011-04-21 20:47:49,2011-04-21 20:47:49
2684,414,397,2011-04-21 20:47:49,2011-04-21 20:47:49
2685,414,406,2011-04-21 20:47:49,2011-04-21 20:47:49
2686,414,531,2011-04-21 20:47:49,2011-04-21 20:47:49
2687,414,573,2011-04-21 20:47:49,2011-04-21 20:47:49
2688,414,619,2011-04-21 20:47:49,2011-04-21 20:47:49
2689,414,733,2011-04-21 20:47:49,2011-04-21 20:47:49
2690,414,804,2011-04-21 20:47:49,2011-04-21 20:47:49
2691,414,261,2011-04-21 20:47:49,2011-04-21 20:47:49
2692,414,417,2011-04-21 20:47:49,2011-04-21 20:47:49
2693,414,629,2011-04-21 20:47:49,2011-04-21 20:47:49
2694,414,768,2011-04-21 20:47:49,2011-04-21 20:47:49
2695,420,45,2011-04-21 20:47:50,2011-04-21 20:47:50
2696,420,131,2011-04-21 20:47:50,2011-04-21 20:47:50
2697,420,212,2011-04-21 20:47:50,2011-04-21 20:47:50
2698,420,313,2011-04-21 20:47:50,2011-04-21 20:47:50
2699,420,339,2011-04-21 20:47:50,2011-04-21 20:47:50
2700,420,373,2011-04-21 20:47:50,2011-04-21 20:47:50
2701,420,397,2011-04-21 20:47:50,2011-04-21 20:47:50
2702,420,406,2011-04-21 20:47:50,2011-04-21 20:47:50
2703,420,531,2011-04-21 20:47:50,2011-04-21 20:47:50
2704,420,573,2011-04-21 20:47:50,2011-04-21 20:47:50
2705,420,619,2011-04-21 20:47:50,2011-04-21 20:47:50
2706,420,733,2011-04-21 20:47:50,2011-04-21 20:47:50
2707,420,804,2011-04-21 20:47:50,2011-04-21 20:47:50
2708,420,261,2011-04-21 20:47:50,2011-04-21 20:47:50
2709,420,417,2011-04-21 20:47:50,2011-04-21 20:47:50
2710,420,629,2011-04-21 20:47:50,2011-04-21 20:47:50
2711,420,768,2011-04-21 20:47:50,2011-04-21 20:47:50
2712,421,381,2011-04-21 20:47:50,2011-04-21 20:47:50
2713,421,683,2011-04-21 20:47:50,2011-04-21 20:47:50
2714,421,844,2011-04-21 20:47:50,2011-04-21 20:47:50
2715,421,817,2011-04-21 20:47:50,2011-04-21 20:47:50
2716,421,44,2011-04-21 20:47:50,2011-04-21 20:47:50
2717,421,714,2011-04-21 20:47:50,2011-04-21 20:47:50
2718,423,602,2011-04-21 20:47:50,2011-04-21 20:47:50
2719,423,452,2011-04-21 20:47:50,2011-04-21 20:47:50
2720,423,714,2011-04-21 20:47:50,2011-04-21 20:47:50
2721,425,533,2011-04-21 20:47:50,2011-04-21 20:47:50
2722,425,927,2011-04-21 20:47:50,2011-04-21 20:47:50
2723,426,45,2011-04-21 20:47:51,2011-04-21 20:47:51
2724,427,45,2011-04-21 20:47:51,2011-04-21 20:47:51
2726,724,45,2011-04-21 20:47:51,2011-04-21 20:47:51
2727,729,45,2011-04-21 20:47:51,2011-04-21 20:47:51
2728,426,131,2011-04-21 20:47:51,2011-04-21 20:47:51
2729,427,131,2011-04-21 20:47:51,2011-04-21 20:47:51
2731,724,131,2011-04-21 20:47:51,2011-04-21 20:47:51
2732,729,131,2011-04-21 20:47:51,2011-04-21 20:47:51
2733,426,212,2011-04-21 20:47:51,2011-04-21 20:47:51
2734,427,212,2011-04-21 20:47:51,2011-04-21 20:47:51
2736,724,212,2011-04-21 20:47:51,2011-04-21 20:47:51
2737,729,212,2011-04-21 20:47:51,2011-04-21 20:47:51
2738,426,313,2011-04-21 20:47:51,2011-04-21 20:47:51
2739,427,313,2011-04-21 20:47:51,2011-04-21 20:47:51
2741,724,313,2011-04-21 20:47:51,2011-04-21 20:47:51
2742,729,313,2011-04-21 20:47:51,2011-04-21 20:47:51
2743,426,339,2011-04-21 20:47:51,2011-04-21 20:47:51
2744,427,339,2011-04-21 20:47:51,2011-04-21 20:47:51
2746,724,339,2011-04-21 20:47:51,2011-04-21 20:47:51
2747,729,339,2011-04-21 20:47:51,2011-04-21 20:47:51
2748,426,373,2011-04-21 20:47:51,2011-04-21 20:47:51
2749,427,373,2011-04-21 20:47:51,2011-04-21 20:47:51
2751,724,373,2011-04-21 20:47:51,2011-04-21 20:47:51
2752,729,373,2011-04-21 20:47:51,2011-04-21 20:47:51
2753,426,397,2011-04-21 20:47:51,2011-04-21 20:47:51
2754,427,397,2011-04-21 20:47:51,2011-04-21 20:47:51
2756,724,397,2011-04-21 20:47:51,2011-04-21 20:47:51
2757,729,397,2011-04-21 20:47:51,2011-04-21 20:47:51
2758,426,406,2011-04-21 20:47:51,2011-04-21 20:47:51
2759,427,406,2011-04-21 20:47:51,2011-04-21 20:47:51
2761,724,406,2011-04-21 20:47:51,2011-04-21 20:47:51
2762,729,406,2011-04-21 20:47:51,2011-04-21 20:47:51
2763,426,531,2011-04-21 20:47:51,2011-04-21 20:47:51
2764,427,531,2011-04-21 20:47:51,2011-04-21 20:47:51
2766,724,531,2011-04-21 20:47:51,2011-04-21 20:47:51
2767,729,531,2011-04-21 20:47:51,2011-04-21 20:47:51
2768,426,573,2011-04-21 20:47:51,2011-04-21 20:47:51
2769,427,573,2011-04-21 20:47:51,2011-04-21 20:47:51
2771,724,573,2011-04-21 20:47:51,2011-04-21 20:47:51
2772,729,573,2011-04-21 20:47:51,2011-04-21 20:47:51
2773,426,619,2011-04-21 20:47:51,2011-04-21 20:47:51
2774,427,619,2011-04-21 20:47:51,2011-04-21 20:47:51
2776,724,619,2011-04-21 20:47:51,2011-04-21 20:47:51
2777,729,619,2011-04-21 20:47:51,2011-04-21 20:47:51
2778,426,733,2011-04-21 20:47:51,2011-04-21 20:47:51
2779,427,733,2011-04-21 20:47:52,2011-04-21 20:47:52
2781,724,733,2011-04-21 20:47:52,2011-04-21 20:47:52
2782,729,733,2011-04-21 20:47:52,2011-04-21 20:47:52
2783,426,804,2011-04-21 20:47:52,2011-04-21 20:47:52
2784,427,804,2011-04-21 20:47:52,2011-04-21 20:47:52
2786,724,804,2011-04-21 20:47:52,2011-04-21 20:47:52
2787,729,804,2011-04-21 20:47:52,2011-04-21 20:47:52
2788,426,261,2011-04-21 20:47:52,2011-04-21 20:47:52
2789,427,261,2011-04-21 20:47:52,2011-04-21 20:47:52
2791,724,261,2011-04-21 20:47:52,2011-04-21 20:47:52
2792,729,261,2011-04-21 20:47:52,2011-04-21 20:47:52
2793,426,417,2011-04-21 20:47:52,2011-04-21 20:47:52
2794,427,417,2011-04-21 20:47:52,2011-04-21 20:47:52
2796,724,417,2011-04-21 20:47:52,2011-04-21 20:47:52
2797,729,417,2011-04-21 20:47:52,2011-04-21 20:47:52
2798,426,629,2011-04-21 20:47:52,2011-04-21 20:47:52
2799,427,629,2011-04-21 20:47:52,2011-04-21 20:47:52
2801,724,629,2011-04-21 20:47:52,2011-04-21 20:47:52
2802,729,629,2011-04-21 20:47:52,2011-04-21 20:47:52
2803,426,768,2011-04-21 20:47:52,2011-04-21 20:47:52
2804,427,768,2011-04-21 20:47:52,2011-04-21 20:47:52
2806,724,768,2011-04-21 20:47:52,2011-04-21 20:47:52
2807,729,768,2011-04-21 20:47:52,2011-04-21 20:47:52
2808,430,45,2011-04-21 20:47:53,2011-04-21 20:47:53
2809,430,131,2011-04-21 20:47:53,2011-04-21 20:47:53
2810,430,212,2011-04-21 20:47:53,2011-04-21 20:47:53
2811,430,313,2011-04-21 20:47:53,2011-04-21 20:47:53
2812,430,339,2011-04-21 20:47:53,2011-04-21 20:47:53
2813,430,373,2011-04-21 20:47:53,2011-04-21 20:47:53
2814,430,397,2011-04-21 20:47:53,2011-04-21 20:47:53
2815,430,406,2011-04-21 20:47:53,2011-04-21 20:47:53
2816,430,531,2011-04-21 20:47:53,2011-04-21 20:47:53
2817,430,573,2011-04-21 20:47:53,2011-04-21 20:47:53
2818,430,619,2011-04-21 20:47:53,2011-04-21 20:47:53
2819,430,733,2011-04-21 20:47:53,2011-04-21 20:47:53
2820,430,804,2011-04-21 20:47:53,2011-04-21 20:47:53
2821,430,261,2011-04-21 20:47:53,2011-04-21 20:47:53
2822,430,417,2011-04-21 20:47:53,2011-04-21 20:47:53
2823,430,629,2011-04-21 20:47:53,2011-04-21 20:47:53
2824,430,768,2011-04-21 20:47:53,2011-04-21 20:47:53
2825,441,45,2011-04-21 20:47:53,2011-04-21 20:47:53
2826,441,131,2011-04-21 20:47:53,2011-04-21 20:47:53
2827,441,212,2011-04-21 20:47:53,2011-04-21 20:47:53
2828,441,313,2011-04-21 20:47:54,2011-04-21 20:47:54
2829,441,339,2011-04-21 20:47:54,2011-04-21 20:47:54
2830,441,373,2011-04-21 20:47:54,2011-04-21 20:47:54
2831,441,397,2011-04-21 20:47:54,2011-04-21 20:47:54
2832,441,406,2011-04-21 20:47:54,2011-04-21 20:47:54
2833,441,531,2011-04-21 20:47:54,2011-04-21 20:47:54
2834,441,573,2011-04-21 20:47:54,2011-04-21 20:47:54
2835,441,619,2011-04-21 20:47:54,2011-04-21 20:47:54
2836,441,733,2011-04-21 20:47:54,2011-04-21 20:47:54
2837,441,804,2011-04-21 20:47:54,2011-04-21 20:47:54
2838,441,245,2011-04-21 20:47:54,2011-04-21 20:47:54
2839,441,927,2011-04-21 20:47:54,2011-04-21 20:47:54
2840,441,797,2011-04-21 20:47:54,2011-04-21 20:47:54
2841,441,612,2011-04-21 20:47:54,2011-04-21 20:47:54
2842,442,371,2011-04-21 20:47:54,2011-04-21 20:47:54
2843,442,602,2011-04-21 20:47:54,2011-04-21 20:47:54
2844,442,37,2011-04-21 20:47:54,2011-04-21 20:47:54
2845,442,45,2011-04-21 20:47:54,2011-04-21 20:47:54
2846,442,131,2011-04-21 20:47:54,2011-04-21 20:47:54
2847,442,212,2011-04-21 20:47:54,2011-04-21 20:47:54
2848,442,313,2011-04-21 20:47:54,2011-04-21 20:47:54
2849,442,339,2011-04-21 20:47:54,2011-04-21 20:47:54
2850,442,373,2011-04-21 20:47:54,2011-04-21 20:47:54
2851,442,397,2011-04-21 20:47:54,2011-04-21 20:47:54
2852,442,406,2011-04-21 20:47:54,2011-04-21 20:47:54
2853,442,531,2011-04-21 20:47:54,2011-04-21 20:47:54
2854,442,573,2011-04-21 20:47:54,2011-04-21 20:47:54
2855,442,619,2011-04-21 20:47:54,2011-04-21 20:47:54
2856,442,733,2011-04-21 20:47:54,2011-04-21 20:47:54
2857,442,804,2011-04-21 20:47:54,2011-04-21 20:47:54
2858,443,45,2011-04-21 20:47:55,2011-04-21 20:47:55
2859,443,131,2011-04-21 20:47:55,2011-04-21 20:47:55
2860,443,212,2011-04-21 20:47:55,2011-04-21 20:47:55
2861,443,313,2011-04-21 20:47:55,2011-04-21 20:47:55
2862,443,339,2011-04-21 20:47:55,2011-04-21 20:47:55
2863,443,373,2011-04-21 20:47:55,2011-04-21 20:47:55
2864,443,397,2011-04-21 20:47:55,2011-04-21 20:47:55
2865,443,406,2011-04-21 20:47:55,2011-04-21 20:47:55
2866,443,531,2011-04-21 20:47:55,2011-04-21 20:47:55
2867,443,573,2011-04-21 20:47:55,2011-04-21 20:47:55
2868,443,619,2011-04-21 20:47:55,2011-04-21 20:47:55
2869,443,733,2011-04-21 20:47:55,2011-04-21 20:47:55
2870,443,804,2011-04-21 20:47:55,2011-04-21 20:47:55
2871,443,622,2011-04-21 20:47:55,2011-04-21 20:47:55
2872,443,4,2011-04-21 20:47:55,2011-04-21 20:47:55
2873,443,577,2011-04-21 20:47:55,2011-04-21 20:47:55
2874,443,277,2011-04-21 20:47:55,2011-04-21 20:47:55
2875,443,570,2011-04-21 20:47:55,2011-04-21 20:47:55
2876,445,64,2011-04-21 20:47:55,2011-04-21 20:47:55
2877,445,115,2011-04-21 20:47:55,2011-04-21 20:47:55
2878,445,135,2011-04-21 20:47:55,2011-04-21 20:47:55
2879,445,139,2011-04-21 20:47:55,2011-04-21 20:47:55
2880,445,197,2011-04-21 20:47:55,2011-04-21 20:47:55
2881,445,267,2011-04-21 20:47:55,2011-04-21 20:47:55
2882,445,305,2011-04-21 20:47:55,2011-04-21 20:47:55
2883,445,327,2011-04-21 20:47:55,2011-04-21 20:47:55
2884,445,357,2011-04-21 20:47:55,2011-04-21 20:47:55
2885,445,374,2011-04-21 20:47:56,2011-04-21 20:47:56
2886,445,434,2011-04-21 20:47:56,2011-04-21 20:47:56
2887,445,491,2011-04-21 20:47:56,2011-04-21 20:47:56
2888,445,495,2011-04-21 20:47:56,2011-04-21 20:47:56
2889,445,585,2011-04-21 20:47:56,2011-04-21 20:47:56
2890,445,618,2011-04-21 20:47:56,2011-04-21 20:47:56
2891,445,635,2011-04-21 20:47:56,2011-04-21 20:47:56
2892,445,675,2011-04-21 20:47:56,2011-04-21 20:47:56
2893,445,697,2011-04-21 20:47:56,2011-04-21 20:47:56
2894,445,728,2011-04-21 20:47:56,2011-04-21 20:47:56
2895,445,737,2011-04-21 20:47:56,2011-04-21 20:47:56
2896,445,738,2011-04-21 20:47:56,2011-04-21 20:47:56
2897,445,788,2011-04-21 20:47:56,2011-04-21 20:47:56
2898,445,805,2011-04-21 20:47:56,2011-04-21 20:47:56
2899,445,820,2011-04-21 20:47:56,2011-04-21 20:47:56
2900,445,891,2011-04-21 20:47:56,2011-04-21 20:47:56
2901,445,917,2011-04-21 20:47:56,2011-04-21 20:47:56
2902,447,551,2011-04-21 20:47:56,2011-04-21 20:47:56
2903,447,371,2011-04-21 20:47:56,2011-04-21 20:47:56
2904,447,245,2011-04-21 20:47:56,2011-04-21 20:47:56
2905,447,587,2011-04-21 20:47:56,2011-04-21 20:47:56
2906,450,604,2011-04-21 20:47:56,2011-04-21 20:47:56
2907,450,679,2011-04-21 20:47:56,2011-04-21 20:47:56
2908,450,691,2011-04-21 20:47:56,2011-04-21 20:47:56
2909,450,214,2011-04-21 20:47:56,2011-04-21 20:47:56
2910,450,897,2011-04-21 20:47:56,2011-04-21 20:47:56
2911,450,69,2011-04-21 20:47:56,2011-04-21 20:47:56
2912,450,314,2011-04-21 20:47:56,2011-04-21 20:47:56
2913,450,297,2011-04-21 20:47:56,2011-04-21 20:47:56
2914,450,819,2011-04-21 20:47:56,2011-04-21 20:47:56
2915,453,4,2011-04-21 20:47:56,2011-04-21 20:47:56
2916,453,622,2011-04-21 20:47:56,2011-04-21 20:47:56
2917,453,714,2011-04-21 20:47:56,2011-04-21 20:47:56
2918,455,417,2011-04-21 20:47:56,2011-04-21 20:47:56
2919,455,629,2011-04-21 20:47:56,2011-04-21 20:47:56
2944,461,201,2011-04-21 20:47:57,2011-04-21 20:47:57
2945,461,536,2011-04-21 20:47:57,2011-04-21 20:47:57
2946,461,609,2011-04-21 20:47:57,2011-04-21 20:47:57
2947,461,834,2011-04-21 20:47:57,2011-04-21 20:47:57
2948,461,111,2011-04-21 20:47:57,2011-04-21 20:47:57
2949,461,180,2011-04-21 20:47:57,2011-04-21 20:47:57
2950,461,534,2011-04-21 20:47:57,2011-04-21 20:47:57
2951,461,574,2011-04-21 20:47:57,2011-04-21 20:47:57
2952,461,578,2011-04-21 20:47:58,2011-04-21 20:47:58
2953,461,688,2011-04-21 20:47:58,2011-04-21 20:47:58
2954,461,801,2011-04-21 20:47:58,2011-04-21 20:47:58
2955,461,213,2011-04-21 20:47:58,2011-04-21 20:47:58
2956,463,45,2011-04-21 20:47:58,2011-04-21 20:47:58
2957,463,131,2011-04-21 20:47:58,2011-04-21 20:47:58
2958,463,212,2011-04-21 20:47:58,2011-04-21 20:47:58
2959,463,313,2011-04-21 20:47:58,2011-04-21 20:47:58
2960,463,339,2011-04-21 20:47:58,2011-04-21 20:47:58
2961,463,373,2011-04-21 20:47:58,2011-04-21 20:47:58
2962,463,397,2011-04-21 20:47:58,2011-04-21 20:47:58
2963,463,406,2011-04-21 20:47:58,2011-04-21 20:47:58
2964,463,531,2011-04-21 20:47:58,2011-04-21 20:47:58
2965,463,573,2011-04-21 20:47:58,2011-04-21 20:47:58
2966,463,619,2011-04-21 20:47:58,2011-04-21 20:47:58
2967,463,733,2011-04-21 20:47:58,2011-04-21 20:47:58
2968,463,804,2011-04-21 20:47:58,2011-04-21 20:47:58
2969,463,261,2011-04-21 20:47:58,2011-04-21 20:47:58
2970,463,417,2011-04-21 20:47:58,2011-04-21 20:47:58
2971,463,629,2011-04-21 20:47:58,2011-04-21 20:47:58
2972,463,768,2011-04-21 20:47:58,2011-04-21 20:47:58
2973,464,655,2011-04-21 20:47:58,2011-04-21 20:47:58
2974,464,732,2011-04-21 20:47:58,2011-04-21 20:47:58
2975,464,528,2011-04-21 20:47:58,2011-04-21 20:47:58
2976,469,45,2011-04-21 20:47:58,2011-04-21 20:47:58
2977,469,131,2011-04-21 20:47:58,2011-04-21 20:47:58
2978,469,212,2011-04-21 20:47:58,2011-04-21 20:47:58
2979,469,313,2011-04-21 20:47:58,2011-04-21 20:47:58
2980,469,339,2011-04-21 20:47:58,2011-04-21 20:47:58
2981,469,373,2011-04-21 20:47:58,2011-04-21 20:47:58
2982,469,397,2011-04-21 20:47:58,2011-04-21 20:47:58
2983,469,406,2011-04-21 20:47:58,2011-04-21 20:47:58
2984,469,531,2011-04-21 20:47:59,2011-04-21 20:47:59
2985,469,573,2011-04-21 20:47:59,2011-04-21 20:47:59
2986,469,619,2011-04-21 20:47:59,2011-04-21 20:47:59
2987,469,733,2011-04-21 20:47:59,2011-04-21 20:47:59
2988,469,804,2011-04-21 20:47:59,2011-04-21 20:47:59
2989,469,659,2011-04-21 20:47:59,2011-04-21 20:47:59
2990,469,247,2011-04-21 20:47:59,2011-04-21 20:47:59
2991,469,480,2011-04-21 20:47:59,2011-04-21 20:47:59
2992,469,526,2011-04-21 20:47:59,2011-04-21 20:47:59
2993,469,568,2011-04-21 20:47:59,2011-04-21 20:47:59
2994,469,82,2011-04-21 20:47:59,2011-04-21 20:47:59
2995,469,126,2011-04-21 20:47:59,2011-04-21 20:47:59
2996,469,211,2011-04-21 20:47:59,2011-04-21 20:47:59
2997,469,475,2011-04-21 20:47:59,2011-04-21 20:47:59
2998,469,429,2011-04-21 20:47:59,2011-04-21 20:47:59
2999,469,254,2011-04-21 20:47:59,2011-04-21 20:47:59
3000,469,928,2011-04-21 20:47:59,2011-04-21 20:47:59
3001,471,404,2011-04-21 20:47:59,2011-04-21 20:47:59
3002,471,330,2011-04-21 20:47:59,2011-04-21 20:47:59
3003,471,747,2011-04-21 20:47:59,2011-04-21 20:47:59
3004,472,45,2011-04-21 20:47:59,2011-04-21 20:47:59
3005,472,131,2011-04-21 20:47:59,2011-04-21 20:47:59
3006,472,212,2011-04-21 20:47:59,2011-04-21 20:47:59
3007,472,313,2011-04-21 20:47:59,2011-04-21 20:47:59
3008,472,339,2011-04-21 20:47:59,2011-04-21 20:47:59
3009,472,373,2011-04-21 20:47:59,2011-04-21 20:47:59
3010,472,397,2011-04-21 20:47:59,2011-04-21 20:47:59
3011,472,406,2011-04-21 20:47:59,2011-04-21 20:47:59
3012,472,531,2011-04-21 20:47:59,2011-04-21 20:47:59
3013,472,573,2011-04-21 20:47:59,2011-04-21 20:47:59
3014,472,619,2011-04-21 20:47:59,2011-04-21 20:47:59
3015,472,733,2011-04-21 20:47:59,2011-04-21 20:47:59
3016,472,804,2011-04-21 20:47:59,2011-04-21 20:47:59
3017,472,261,2011-04-21 20:47:59,2011-04-21 20:47:59
3018,472,417,2011-04-21 20:47:59,2011-04-21 20:47:59
3019,472,629,2011-04-21 20:47:59,2011-04-21 20:47:59
3020,472,768,2011-04-21 20:47:59,2011-04-21 20:47:59
3021,474,417,2011-04-21 20:48:00,2011-04-21 20:48:00
3022,474,629,2011-04-21 20:48:00,2011-04-21 20:48:00
3023,402,127,2011-04-21 20:48:00,2011-04-21 20:48:00
3024,476,127,2011-04-21 20:48:00,2011-04-21 20:48:00
3025,402,111,2011-04-21 20:48:00,2011-04-21 20:48:00
3026,476,111,2011-04-21 20:48:00,2011-04-21 20:48:00
3027,402,534,2011-04-21 20:48:00,2011-04-21 20:48:00
3028,476,534,2011-04-21 20:48:00,2011-04-21 20:48:00
3029,402,764,2011-04-21 20:48:00,2011-04-21 20:48:00
3030,476,764,2011-04-21 20:48:00,2011-04-21 20:48:00
3031,402,746,2011-04-21 20:48:00,2011-04-21 20:48:00
3032,476,746,2011-04-21 20:48:00,2011-04-21 20:48:00
3033,402,213,2011-04-21 20:48:00,2011-04-21 20:48:00
3034,476,213,2011-04-21 20:48:00,2011-04-21 20:48:00
3035,479,45,2011-04-21 20:48:01,2011-04-21 20:48:01
3036,479,131,2011-04-21 20:48:01,2011-04-21 20:48:01
3037,479,212,2011-04-21 20:48:01,2011-04-21 20:48:01
3038,479,313,2011-04-21 20:48:01,2011-04-21 20:48:01
3039,479,339,2011-04-21 20:48:01,2011-04-21 20:48:01
3040,479,373,2011-04-21 20:48:01,2011-04-21 20:48:01
3041,479,397,2011-04-21 20:48:01,2011-04-21 20:48:01
3042,479,406,2011-04-21 20:48:01,2011-04-21 20:48:01
3043,479,531,2011-04-21 20:48:01,2011-04-21 20:48:01
3044,479,573,2011-04-21 20:48:01,2011-04-21 20:48:01
3045,479,619,2011-04-21 20:48:01,2011-04-21 20:48:01
3046,479,733,2011-04-21 20:48:01,2011-04-21 20:48:01
3047,479,804,2011-04-21 20:48:01,2011-04-21 20:48:01
3048,479,261,2011-04-21 20:48:01,2011-04-21 20:48:01
3049,479,417,2011-04-21 20:48:01,2011-04-21 20:48:01
3050,479,629,2011-04-21 20:48:01,2011-04-21 20:48:01
3051,479,768,2011-04-21 20:48:01,2011-04-21 20:48:01
3052,274,45,2011-04-21 20:48:01,2011-04-21 20:48:01
3053,480,45,2011-04-21 20:48:01,2011-04-21 20:48:01
3054,507,45,2011-04-21 20:48:01,2011-04-21 20:48:01
3055,274,131,2011-04-21 20:48:01,2011-04-21 20:48:01
3056,480,131,2011-04-21 20:48:01,2011-04-21 20:48:01
3057,507,131,2011-04-21 20:48:01,2011-04-21 20:48:01
3058,274,212,2011-04-21 20:48:01,2011-04-21 20:48:01
3059,480,212,2011-04-21 20:48:01,2011-04-21 20:48:01
3060,507,212,2011-04-21 20:48:01,2011-04-21 20:48:01
3061,274,313,2011-04-21 20:48:01,2011-04-21 20:48:01
3062,480,313,2011-04-21 20:48:01,2011-04-21 20:48:01
3063,507,313,2011-04-21 20:48:01,2011-04-21 20:48:01
3064,274,339,2011-04-21 20:48:01,2011-04-21 20:48:01
3065,480,339,2011-04-21 20:48:01,2011-04-21 20:48:01
3066,507,339,2011-04-21 20:48:01,2011-04-21 20:48:01
3067,274,373,2011-04-21 20:48:01,2011-04-21 20:48:01
3068,480,373,2011-04-21 20:48:01,2011-04-21 20:48:01
3069,507,373,2011-04-21 20:48:01,2011-04-21 20:48:01
3070,274,397,2011-04-21 20:48:01,2011-04-21 20:48:01
3071,480,397,2011-04-21 20:48:01,2011-04-21 20:48:01
3072,507,397,2011-04-21 20:48:01,2011-04-21 20:48:01
3073,274,406,2011-04-21 20:48:01,2011-04-21 20:48:01
3074,480,406,2011-04-21 20:48:01,2011-04-21 20:48:01
3075,507,406,2011-04-21 20:48:02,2011-04-21 20:48:02
3076,274,531,2011-04-21 20:48:02,2011-04-21 20:48:02
3077,480,531,2011-04-21 20:48:02,2011-04-21 20:48:02
3078,507,531,2011-04-21 20:48:02,2011-04-21 20:48:02
3079,274,573,2011-04-21 20:48:02,2011-04-21 20:48:02
3080,480,573,2011-04-21 20:48:02,2011-04-21 20:48:02
3081,507,573,2011-04-21 20:48:02,2011-04-21 20:48:02
3082,274,619,2011-04-21 20:48:02,2011-04-21 20:48:02
3083,480,619,2011-04-21 20:48:02,2011-04-21 20:48:02
3084,507,619,2011-04-21 20:48:02,2011-04-21 20:48:02
3085,274,733,2011-04-21 20:48:02,2011-04-21 20:48:02
3086,480,733,2011-04-21 20:48:02,2011-04-21 20:48:02
3087,507,733,2011-04-21 20:48:02,2011-04-21 20:48:02
3088,274,804,2011-04-21 20:48:02,2011-04-21 20:48:02
3089,480,804,2011-04-21 20:48:02,2011-04-21 20:48:02
3090,507,804,2011-04-21 20:48:02,2011-04-21 20:48:02
3091,483,671,2011-04-21 20:48:02,2011-04-21 20:48:02
3092,483,774,2011-04-21 20:48:02,2011-04-21 20:48:02
3093,483,797,2011-04-21 20:48:02,2011-04-21 20:48:02
3094,483,416,2011-04-21 20:48:02,2011-04-21 20:48:02
3095,483,612,2011-04-21 20:48:02,2011-04-21 20:48:02
3096,483,376,2011-04-21 20:48:03,2011-04-21 20:48:03
3097,483,232,2011-04-21 20:48:03,2011-04-21 20:48:03
3098,483,91,2011-04-21 20:48:03,2011-04-21 20:48:03
3099,484,417,2011-04-21 20:48:03,2011-04-21 20:48:03
3100,484,629,2011-04-21 20:48:03,2011-04-21 20:48:03
3101,488,462,2011-04-21 20:48:04,2011-04-21 20:48:04
3102,488,927,2011-04-21 20:48:04,2011-04-21 20:48:04
3103,488,612,2011-04-21 20:48:04,2011-04-21 20:48:04
3104,488,27,2011-04-21 20:48:04,2011-04-21 20:48:04
3105,488,473,2011-04-21 20:48:04,2011-04-21 20:48:04
3110,490,371,2011-04-21 20:48:04,2011-04-21 20:48:04
3111,490,381,2011-04-21 20:48:04,2011-04-21 20:48:04
3112,490,683,2011-04-21 20:48:04,2011-04-21 20:48:04
3113,491,86,2011-04-21 20:48:04,2011-04-21 20:48:04
3114,491,449,2011-04-21 20:48:04,2011-04-21 20:48:04
3115,493,45,2011-04-21 20:48:05,2011-04-21 20:48:05
3116,493,131,2011-04-21 20:48:05,2011-04-21 20:48:05
3117,493,212,2011-04-21 20:48:05,2011-04-21 20:48:05
3118,493,313,2011-04-21 20:48:05,2011-04-21 20:48:05
3119,493,339,2011-04-21 20:48:05,2011-04-21 20:48:05
3120,493,373,2011-04-21 20:48:05,2011-04-21 20:48:05
3121,493,397,2011-04-21 20:48:05,2011-04-21 20:48:05
3122,493,406,2011-04-21 20:48:05,2011-04-21 20:48:05
3123,493,531,2011-04-21 20:48:05,2011-04-21 20:48:05
3124,493,573,2011-04-21 20:48:05,2011-04-21 20:48:05
3125,493,619,2011-04-21 20:48:05,2011-04-21 20:48:05
3126,493,733,2011-04-21 20:48:05,2011-04-21 20:48:05
3127,493,804,2011-04-21 20:48:05,2011-04-21 20:48:05
3128,493,61,2011-04-21 20:48:05,2011-04-21 20:48:05
3129,493,278,2011-04-21 20:48:05,2011-04-21 20:48:05
3130,493,448,2011-04-21 20:48:05,2011-04-21 20:48:05
3131,493,552,2011-04-21 20:48:05,2011-04-21 20:48:05
3132,493,798,2011-04-21 20:48:05,2011-04-21 20:48:05
3133,493,827,2011-04-21 20:48:05,2011-04-21 20:48:05
3134,495,927,2011-04-21 20:48:05,2011-04-21 20:48:05
3135,495,612,2011-04-21 20:48:05,2011-04-21 20:48:05
3136,495,376,2011-04-21 20:48:05,2011-04-21 20:48:05
3138,496,417,2011-04-21 20:48:05,2011-04-21 20:48:05
3139,496,629,2011-04-21 20:48:05,2011-04-21 20:48:05
3140,496,768,2011-04-21 20:48:05,2011-04-21 20:48:05
3141,496,817,2011-04-21 20:48:06,2011-04-21 20:48:06
3142,496,44,2011-04-21 20:48:06,2011-04-21 20:48:06
3143,496,714,2011-04-21 20:48:06,2011-04-21 20:48:06
3144,497,45,2011-04-21 20:48:06,2011-04-21 20:48:06
3145,497,131,2011-04-21 20:48:06,2011-04-21 20:48:06
3146,497,212,2011-04-21 20:48:06,2011-04-21 20:48:06
3147,497,313,2011-04-21 20:48:06,2011-04-21 20:48:06
3148,497,339,2011-04-21 20:48:06,2011-04-21 20:48:06
3149,497,373,2011-04-21 20:48:06,2011-04-21 20:48:06
3150,497,397,2011-04-21 20:48:06,2011-04-21 20:48:06
3151,497,406,2011-04-21 20:48:06,2011-04-21 20:48:06
3152,497,531,2011-04-21 20:48:06,2011-04-21 20:48:06
3153,497,573,2011-04-21 20:48:06,2011-04-21 20:48:06
3154,497,619,2011-04-21 20:48:06,2011-04-21 20:48:06
3155,497,733,2011-04-21 20:48:06,2011-04-21 20:48:06
3156,497,804,2011-04-21 20:48:06,2011-04-21 20:48:06
3157,497,261,2011-04-21 20:48:06,2011-04-21 20:48:06
3158,497,417,2011-04-21 20:48:06,2011-04-21 20:48:06
3159,497,629,2011-04-21 20:48:06,2011-04-21 20:48:06
3160,497,768,2011-04-21 20:48:06,2011-04-21 20:48:06
3161,498,45,2011-04-21 20:48:06,2011-04-21 20:48:06
3162,499,45,2011-04-21 20:48:06,2011-04-21 20:48:06
3163,498,131,2011-04-21 20:48:06,2011-04-21 20:48:06
3164,499,131,2011-04-21 20:48:06,2011-04-21 20:48:06
3165,498,212,2011-04-21 20:48:06,2011-04-21 20:48:06
3166,499,212,2011-04-21 20:48:06,2011-04-21 20:48:06
3167,498,313,2011-04-21 20:48:06,2011-04-21 20:48:06
3168,499,313,2011-04-21 20:48:06,2011-04-21 20:48:06
3169,498,339,2011-04-21 20:48:06,2011-04-21 20:48:06
3170,499,339,2011-04-21 20:48:06,2011-04-21 20:48:06
3171,498,373,2011-04-21 20:48:06,2011-04-21 20:48:06
3172,499,373,2011-04-21 20:48:06,2011-04-21 20:48:06
3173,498,397,2011-04-21 20:48:06,2011-04-21 20:48:06
3174,499,397,2011-04-21 20:48:06,2011-04-21 20:48:06
3175,498,406,2011-04-21 20:48:06,2011-04-21 20:48:06
3176,499,406,2011-04-21 20:48:06,2011-04-21 20:48:06
3177,498,531,2011-04-21 20:48:06,2011-04-21 20:48:06
3178,499,531,2011-04-21 20:48:06,2011-04-21 20:48:06
3179,498,573,2011-04-21 20:48:06,2011-04-21 20:48:06
3180,499,573,2011-04-21 20:48:06,2011-04-21 20:48:06
3181,498,619,2011-04-21 20:48:06,2011-04-21 20:48:06
3182,499,619,2011-04-21 20:48:06,2011-04-21 20:48:06
3183,498,733,2011-04-21 20:48:06,2011-04-21 20:48:06
3184,499,733,2011-04-21 20:48:06,2011-04-21 20:48:06
3185,498,804,2011-04-21 20:48:06,2011-04-21 20:48:06
3186,499,804,2011-04-21 20:48:06,2011-04-21 20:48:06
3187,498,261,2011-04-21 20:48:06,2011-04-21 20:48:06
3188,499,261,2011-04-21 20:48:06,2011-04-21 20:48:06
3189,498,417,2011-04-21 20:48:06,2011-04-21 20:48:06
3190,499,417,2011-04-21 20:48:07,2011-04-21 20:48:07
3191,498,629,2011-04-21 20:48:07,2011-04-21 20:48:07
3192,499,629,2011-04-21 20:48:07,2011-04-21 20:48:07
3193,498,768,2011-04-21 20:48:07,2011-04-21 20:48:07
3194,499,768,2011-04-21 20:48:07,2011-04-21 20:48:07
3195,501,553,2011-04-21 20:48:07,2011-04-21 20:48:07
3196,501,543,2011-04-21 20:48:07,2011-04-21 20:48:07
3197,501,91,2011-04-21 20:48:07,2011-04-21 20:48:07
3198,502,111,2011-04-21 20:48:07,2011-04-21 20:48:07
3199,502,180,2011-04-21 20:48:07,2011-04-21 20:48:07
3200,502,534,2011-04-21 20:48:07,2011-04-21 20:48:07
3201,502,574,2011-04-21 20:48:07,2011-04-21 20:48:07
3202,502,578,2011-04-21 20:48:07,2011-04-21 20:48:07
3203,502,688,2011-04-21 20:48:07,2011-04-21 20:48:07
3204,502,801,2011-04-21 20:48:07,2011-04-21 20:48:07
3205,502,605,2011-04-21 20:48:08,2011-04-21 20:48:08
3206,502,442,2011-04-21 20:48:08,2011-04-21 20:48:08
3207,502,227,2011-04-21 20:48:08,2011-04-21 20:48:08
3208,505,45,2011-04-21 20:48:08,2011-04-21 20:48:08
3209,505,131,2011-04-21 20:48:08,2011-04-21 20:48:08
3210,505,212,2011-04-21 20:48:08,2011-04-21 20:48:08
3211,505,313,2011-04-21 20:48:08,2011-04-21 20:48:08
3212,505,339,2011-04-21 20:48:08,2011-04-21 20:48:08
3213,505,373,2011-04-21 20:48:08,2011-04-21 20:48:08
3214,505,397,2011-04-21 20:48:08,2011-04-21 20:48:08
3215,505,406,2011-04-21 20:48:08,2011-04-21 20:48:08
3216,505,531,2011-04-21 20:48:08,2011-04-21 20:48:08
3217,505,573,2011-04-21 20:48:08,2011-04-21 20:48:08
3218,505,619,2011-04-21 20:48:08,2011-04-21 20:48:08
3219,505,733,2011-04-21 20:48:08,2011-04-21 20:48:08
3220,505,804,2011-04-21 20:48:08,2011-04-21 20:48:08
3221,505,261,2011-04-21 20:48:08,2011-04-21 20:48:08
3222,505,417,2011-04-21 20:48:08,2011-04-21 20:48:08
3223,505,629,2011-04-21 20:48:08,2011-04-21 20:48:08
3224,505,768,2011-04-21 20:48:08,2011-04-21 20:48:08
3225,506,927,2011-04-21 20:48:08,2011-04-21 20:48:08
3226,506,633,2011-04-21 20:48:08,2011-04-21 20:48:08
3227,506,488,2011-04-21 20:48:08,2011-04-21 20:48:08
3228,506,483,2011-04-21 20:48:08,2011-04-21 20:48:08
3229,506,177,2011-04-21 20:48:08,2011-04-21 20:48:08
3230,511,817,2011-04-21 20:48:09,2011-04-21 20:48:09
3231,511,371,2011-04-21 20:48:09,2011-04-21 20:48:09
3232,511,646,2011-04-21 20:48:09,2011-04-21 20:48:09
3233,513,111,2011-04-21 20:48:09,2011-04-21 20:48:09
3234,513,180,2011-04-21 20:48:09,2011-04-21 20:48:09
3235,513,534,2011-04-21 20:48:09,2011-04-21 20:48:09
3236,513,574,2011-04-21 20:48:09,2011-04-21 20:48:09
3237,513,578,2011-04-21 20:48:09,2011-04-21 20:48:09
3238,513,688,2011-04-21 20:48:09,2011-04-21 20:48:09
3239,513,801,2011-04-21 20:48:09,2011-04-21 20:48:09
3240,513,185,2011-04-21 20:48:09,2011-04-21 20:48:09
3241,513,219,2011-04-21 20:48:09,2011-04-21 20:48:09
3243,513,358,2011-04-21 20:48:09,2011-04-21 20:48:09
3244,513,396,2011-04-21 20:48:09,2011-04-21 20:48:09
3245,513,464,2011-04-21 20:48:09,2011-04-21 20:48:09
3246,513,556,2011-04-21 20:48:09,2011-04-21 20:48:09
3247,513,715,2011-04-21 20:48:09,2011-04-21 20:48:09
3248,513,862,2011-04-21 20:48:09,2011-04-21 20:48:09
3249,513,915,2011-04-21 20:48:09,2011-04-21 20:48:09
3250,513,567,2011-04-21 20:48:09,2011-04-21 20:48:09
3251,514,630,2011-04-21 20:48:09,2011-04-21 20:48:09
3252,514,650,2011-04-21 20:48:09,2011-04-21 20:48:09
3253,514,420,2011-04-21 20:48:09,2011-04-21 20:48:09
3254,514,295,2011-04-21 20:48:09,2011-04-21 20:48:09
3255,514,670,2011-04-21 20:48:09,2011-04-21 20:48:09
3256,514,865,2011-04-21 20:48:09,2011-04-21 20:48:09
3257,514,811,2011-04-21 20:48:09,2011-04-21 20:48:09
3258,514,547,2011-04-21 20:48:10,2011-04-21 20:48:10
3259,514,858,2011-04-21 20:48:10,2011-04-21 20:48:10
3260,514,115,2011-04-21 20:48:10,2011-04-21 20:48:10
3261,514,728,2011-04-21 20:48:10,2011-04-21 20:48:10
3262,517,111,2011-04-21 20:48:10,2011-04-21 20:48:10
3264,517,180,2011-04-21 20:48:10,2011-04-21 20:48:10
3266,517,534,2011-04-21 20:48:10,2011-04-21 20:48:10
3268,517,574,2011-04-21 20:48:10,2011-04-21 20:48:10
3270,517,578,2011-04-21 20:48:10,2011-04-21 20:48:10
3272,517,688,2011-04-21 20:48:10,2011-04-21 20:48:10
3274,517,801,2011-04-21 20:48:10,2011-04-21 20:48:10
3278,517,417,2011-04-21 20:48:10,2011-04-21 20:48:10
3280,517,629,2011-04-21 20:48:10,2011-04-21 20:48:10
3282,517,768,2011-04-21 20:48:10,2011-04-21 20:48:10
3284,519,417,2011-04-21 20:48:11,2011-04-21 20:48:11
3285,519,629,2011-04-21 20:48:11,2011-04-21 20:48:11
3286,520,891,2011-04-21 20:48:11,2011-04-21 20:48:11
3287,520,64,2011-04-21 20:48:11,2011-04-21 20:48:11
3288,520,267,2011-04-21 20:48:11,2011-04-21 20:48:11
3289,520,788,2011-04-21 20:48:11,2011-04-21 20:48:11
3290,520,675,2011-04-21 20:48:11,2011-04-21 20:48:11
3291,520,357,2011-04-21 20:48:11,2011-04-21 20:48:11
3292,522,94,2011-04-21 20:48:11,2011-04-21 20:48:11
3293,525,700,2011-04-21 20:48:11,2011-04-21 20:48:11
3294,526,746,2011-04-21 20:48:11,2011-04-21 20:48:11
3295,526,261,2011-04-21 20:48:11,2011-04-21 20:48:11
3296,526,417,2011-04-21 20:48:11,2011-04-21 20:48:11
3297,526,629,2011-04-21 20:48:11,2011-04-21 20:48:11
3298,526,768,2011-04-21 20:48:11,2011-04-21 20:48:11
3299,526,927,2011-04-21 20:48:11,2011-04-21 20:48:11
3300,528,185,2011-04-21 20:48:11,2011-04-21 20:48:11
3301,528,219,2011-04-21 20:48:11,2011-04-21 20:48:11
3303,528,358,2011-04-21 20:48:12,2011-04-21 20:48:12
3304,528,396,2011-04-21 20:48:12,2011-04-21 20:48:12
3305,528,464,2011-04-21 20:48:12,2011-04-21 20:48:12
3306,528,556,2011-04-21 20:48:12,2011-04-21 20:48:12
3307,528,715,2011-04-21 20:48:12,2011-04-21 20:48:12
3308,528,862,2011-04-21 20:48:12,2011-04-21 20:48:12
3309,528,915,2011-04-21 20:48:12,2011-04-21 20:48:12
3310,528,261,2011-04-21 20:48:12,2011-04-21 20:48:12
3311,528,417,2011-04-21 20:48:12,2011-04-21 20:48:12
3312,528,629,2011-04-21 20:48:12,2011-04-21 20:48:12
3313,528,768,2011-04-21 20:48:12,2011-04-21 20:48:12
3314,530,261,2011-04-21 20:48:12,2011-04-21 20:48:12
3315,530,417,2011-04-21 20:48:12,2011-04-21 20:48:12
3316,530,629,2011-04-21 20:48:12,2011-04-21 20:48:12
3317,530,768,2011-04-21 20:48:12,2011-04-21 20:48:12
3318,530,371,2011-04-21 20:48:12,2011-04-21 20:48:12
3319,530,817,2011-04-21 20:48:12,2011-04-21 20:48:12
3320,530,277,2011-04-21 20:48:12,2011-04-21 20:48:12
3321,530,348,2011-04-21 20:48:12,2011-04-21 20:48:12
3322,530,381,2011-04-21 20:48:12,2011-04-21 20:48:12
3323,532,45,2011-04-21 20:48:12,2011-04-21 20:48:12
3324,532,131,2011-04-21 20:48:12,2011-04-21 20:48:12
3325,532,212,2011-04-21 20:48:12,2011-04-21 20:48:12
3326,532,313,2011-04-21 20:48:12,2011-04-21 20:48:12
3327,532,339,2011-04-21 20:48:12,2011-04-21 20:48:12
3328,532,373,2011-04-21 20:48:12,2011-04-21 20:48:12
3329,532,397,2011-04-21 20:48:12,2011-04-21 20:48:12
3330,532,406,2011-04-21 20:48:12,2011-04-21 20:48:12
3331,532,531,2011-04-21 20:48:12,2011-04-21 20:48:12
3332,532,573,2011-04-21 20:48:12,2011-04-21 20:48:12
3333,532,619,2011-04-21 20:48:12,2011-04-21 20:48:12
3334,532,733,2011-04-21 20:48:12,2011-04-21 20:48:12
3335,532,804,2011-04-21 20:48:12,2011-04-21 20:48:12
3336,532,261,2011-04-21 20:48:12,2011-04-21 20:48:12
3337,532,417,2011-04-21 20:48:12,2011-04-21 20:48:12
3338,532,629,2011-04-21 20:48:12,2011-04-21 20:48:12
3339,532,768,2011-04-21 20:48:12,2011-04-21 20:48:12
3340,533,45,2011-04-21 20:48:12,2011-04-21 20:48:12
3341,533,131,2011-04-21 20:48:12,2011-04-21 20:48:12
3342,533,212,2011-04-21 20:48:12,2011-04-21 20:48:12
3343,533,313,2011-04-21 20:48:12,2011-04-21 20:48:12
3344,533,339,2011-04-21 20:48:12,2011-04-21 20:48:12
3345,533,373,2011-04-21 20:48:12,2011-04-21 20:48:12
3346,533,397,2011-04-21 20:48:12,2011-04-21 20:48:12
3347,533,406,2011-04-21 20:48:12,2011-04-21 20:48:12
3348,533,531,2011-04-21 20:48:12,2011-04-21 20:48:12
3349,533,573,2011-04-21 20:48:12,2011-04-21 20:48:12
3350,533,619,2011-04-21 20:48:12,2011-04-21 20:48:12
3351,533,733,2011-04-21 20:48:12,2011-04-21 20:48:12
3352,533,804,2011-04-21 20:48:13,2011-04-21 20:48:13
3353,533,261,2011-04-21 20:48:13,2011-04-21 20:48:13
3354,533,417,2011-04-21 20:48:13,2011-04-21 20:48:13
3355,533,629,2011-04-21 20:48:13,2011-04-21 20:48:13
3356,533,768,2011-04-21 20:48:13,2011-04-21 20:48:13
3358,535,417,2011-04-21 20:48:13,2011-04-21 20:48:13
3359,535,629,2011-04-21 20:48:13,2011-04-21 20:48:13
3360,535,768,2011-04-21 20:48:13,2011-04-21 20:48:13
3361,535,637,2011-04-21 20:48:13,2011-04-21 20:48:13
3362,535,190,2011-04-21 20:48:13,2011-04-21 20:48:13
3363,536,185,2011-04-21 20:48:13,2011-04-21 20:48:13
3364,536,219,2011-04-21 20:48:13,2011-04-21 20:48:13
3366,536,358,2011-04-21 20:48:13,2011-04-21 20:48:13
3367,536,396,2011-04-21 20:48:13,2011-04-21 20:48:13
3368,536,464,2011-04-21 20:48:13,2011-04-21 20:48:13
3369,536,556,2011-04-21 20:48:13,2011-04-21 20:48:13
3370,536,715,2011-04-21 20:48:13,2011-04-21 20:48:13
3371,536,862,2011-04-21 20:48:13,2011-04-21 20:48:13
3372,536,915,2011-04-21 20:48:13,2011-04-21 20:48:13
3374,536,417,2011-04-21 20:48:13,2011-04-21 20:48:13
3375,536,629,2011-04-21 20:48:13,2011-04-21 20:48:13
3376,536,768,2011-04-21 20:48:13,2011-04-21 20:48:13
3377,536,37,2011-04-21 20:48:13,2011-04-21 20:48:13
3378,536,902,2011-04-21 20:48:13,2011-04-21 20:48:13
3379,536,622,2011-04-21 20:48:13,2011-04-21 20:48:13
3380,536,855,2011-04-21 20:48:13,2011-04-21 20:48:13
3381,536,602,2011-04-21 20:48:13,2011-04-21 20:48:13
3382,536,42,2011-04-21 20:48:13,2011-04-21 20:48:13
3383,536,44,2011-04-21 20:48:13,2011-04-21 20:48:13
3384,536,817,2011-04-21 20:48:13,2011-04-21 20:48:13
3385,536,399,2011-04-21 20:48:13,2011-04-21 20:48:13
3386,536,166,2011-04-21 20:48:13,2011-04-21 20:48:13
3387,536,178,2011-04-21 20:48:14,2011-04-21 20:48:14
3388,536,142,2011-04-21 20:48:14,2011-04-21 20:48:14
3389,539,45,2011-04-21 20:48:14,2011-04-21 20:48:14
3390,539,131,2011-04-21 20:48:14,2011-04-21 20:48:14
3391,539,212,2011-04-21 20:48:14,2011-04-21 20:48:14
3392,539,313,2011-04-21 20:48:14,2011-04-21 20:48:14
3393,539,339,2011-04-21 20:48:14,2011-04-21 20:48:14
3394,539,373,2011-04-21 20:48:14,2011-04-21 20:48:14
3395,539,397,2011-04-21 20:48:14,2011-04-21 20:48:14
3396,539,406,2011-04-21 20:48:14,2011-04-21 20:48:14
3397,539,531,2011-04-21 20:48:14,2011-04-21 20:48:14
3398,539,573,2011-04-21 20:48:14,2011-04-21 20:48:14
3399,539,619,2011-04-21 20:48:14,2011-04-21 20:48:14
3400,539,733,2011-04-21 20:48:14,2011-04-21 20:48:14
3401,539,804,2011-04-21 20:48:14,2011-04-21 20:48:14
3402,542,45,2011-04-21 20:48:14,2011-04-21 20:48:14
3403,542,131,2011-04-21 20:48:14,2011-04-21 20:48:14
3404,542,212,2011-04-21 20:48:14,2011-04-21 20:48:14
3405,542,313,2011-04-21 20:48:14,2011-04-21 20:48:14
3406,542,339,2011-04-21 20:48:14,2011-04-21 20:48:14
3407,542,373,2011-04-21 20:48:14,2011-04-21 20:48:14
3408,542,397,2011-04-21 20:48:14,2011-04-21 20:48:14
3409,542,406,2011-04-21 20:48:14,2011-04-21 20:48:14
3410,542,531,2011-04-21 20:48:14,2011-04-21 20:48:14
3411,542,573,2011-04-21 20:48:14,2011-04-21 20:48:14
3412,542,619,2011-04-21 20:48:14,2011-04-21 20:48:14
3413,542,733,2011-04-21 20:48:14,2011-04-21 20:48:14
3414,542,804,2011-04-21 20:48:14,2011-04-21 20:48:14
3415,542,261,2011-04-21 20:48:14,2011-04-21 20:48:14
3416,542,417,2011-04-21 20:48:14,2011-04-21 20:48:14
3417,542,629,2011-04-21 20:48:14,2011-04-21 20:48:14
3418,542,768,2011-04-21 20:48:14,2011-04-21 20:48:14
3419,546,185,2011-04-21 20:48:14,2011-04-21 20:48:14
3420,546,219,2011-04-21 20:48:14,2011-04-21 20:48:14
3422,546,358,2011-04-21 20:48:15,2011-04-21 20:48:15
3423,546,396,2011-04-21 20:48:15,2011-04-21 20:48:15
3424,546,464,2011-04-21 20:48:15,2011-04-21 20:48:15
3425,546,556,2011-04-21 20:48:15,2011-04-21 20:48:15
3426,546,715,2011-04-21 20:48:15,2011-04-21 20:48:15
3427,546,862,2011-04-21 20:48:15,2011-04-21 20:48:15
3428,546,915,2011-04-21 20:48:15,2011-04-21 20:48:15
3429,546,111,2011-04-21 20:48:15,2011-04-21 20:48:15
3430,546,180,2011-04-21 20:48:15,2011-04-21 20:48:15
3431,546,534,2011-04-21 20:48:15,2011-04-21 20:48:15
3432,546,574,2011-04-21 20:48:15,2011-04-21 20:48:15
3433,546,578,2011-04-21 20:48:15,2011-04-21 20:48:15
3434,546,688,2011-04-21 20:48:15,2011-04-21 20:48:15
3435,546,801,2011-04-21 20:48:15,2011-04-21 20:48:15
3436,547,185,2011-04-21 20:48:15,2011-04-21 20:48:15
3437,547,219,2011-04-21 20:48:15,2011-04-21 20:48:15
3439,547,358,2011-04-21 20:48:15,2011-04-21 20:48:15
3440,547,396,2011-04-21 20:48:15,2011-04-21 20:48:15
3441,547,464,2011-04-21 20:48:15,2011-04-21 20:48:15
3442,547,556,2011-04-21 20:48:15,2011-04-21 20:48:15
3443,547,715,2011-04-21 20:48:15,2011-04-21 20:48:15
3444,547,862,2011-04-21 20:48:15,2011-04-21 20:48:15
3445,547,915,2011-04-21 20:48:15,2011-04-21 20:48:15
3446,547,111,2011-04-21 20:48:15,2011-04-21 20:48:15
3447,547,180,2011-04-21 20:48:15,2011-04-21 20:48:15
3448,547,534,2011-04-21 20:48:15,2011-04-21 20:48:15
3449,547,574,2011-04-21 20:48:15,2011-04-21 20:48:15
3450,547,578,2011-04-21 20:48:15,2011-04-21 20:48:15
3451,547,688,2011-04-21 20:48:15,2011-04-21 20:48:15
3452,547,801,2011-04-21 20:48:15,2011-04-21 20:48:15
3453,548,201,2011-04-21 20:48:15,2011-04-21 20:48:15
3454,548,536,2011-04-21 20:48:15,2011-04-21 20:48:15
3455,548,609,2011-04-21 20:48:15,2011-04-21 20:48:15
3456,548,834,2011-04-21 20:48:15,2011-04-21 20:48:15
3457,548,64,2011-04-21 20:48:15,2011-04-21 20:48:15
3458,548,675,2011-04-21 20:48:15,2011-04-21 20:48:15
3459,548,788,2011-04-21 20:48:16,2011-04-21 20:48:16
3460,548,267,2011-04-21 20:48:16,2011-04-21 20:48:16
3461,548,917,2011-04-21 20:48:16,2011-04-21 20:48:16
3462,551,507,2011-04-21 20:48:16,2011-04-21 20:48:16
3463,551,391,2011-04-21 20:48:16,2011-04-21 20:48:16
3464,551,530,2011-04-21 20:48:16,2011-04-21 20:48:16
3465,551,150,2011-04-21 20:48:16,2011-04-21 20:48:16
3466,551,43,2011-04-21 20:48:16,2011-04-21 20:48:16
3467,551,229,2011-04-21 20:48:16,2011-04-21 20:48:16
3468,551,908,2011-04-21 20:48:16,2011-04-21 20:48:16
3469,551,232,2011-04-21 20:48:16,2011-04-21 20:48:16
3470,551,107,2011-04-21 20:48:16,2011-04-21 20:48:16
3471,551,1,2011-04-21 20:48:16,2011-04-21 20:48:16
3472,551,513,2011-04-21 20:48:16,2011-04-21 20:48:16
3473,551,420,2011-04-21 20:48:16,2011-04-21 20:48:16
3474,551,260,2011-04-21 20:48:16,2011-04-21 20:48:16
3475,551,434,2011-04-21 20:48:16,2011-04-21 20:48:16
3476,551,471,2011-04-21 20:48:16,2011-04-21 20:48:16
3477,551,569,2011-04-21 20:48:16,2011-04-21 20:48:16
3478,552,261,2011-04-21 20:48:16,2011-04-21 20:48:16
3479,552,417,2011-04-21 20:48:16,2011-04-21 20:48:16
3480,552,629,2011-04-21 20:48:16,2011-04-21 20:48:16
3481,552,768,2011-04-21 20:48:17,2011-04-21 20:48:17
3482,552,622,2011-04-21 20:48:17,2011-04-21 20:48:17
3483,552,714,2011-04-21 20:48:17,2011-04-21 20:48:17
3484,552,4,2011-04-21 20:48:17,2011-04-21 20:48:17
3485,553,45,2011-04-21 20:48:17,2011-04-21 20:48:17
3486,553,131,2011-04-21 20:48:17,2011-04-21 20:48:17
3487,553,212,2011-04-21 20:48:17,2011-04-21 20:48:17
3488,553,313,2011-04-21 20:48:17,2011-04-21 20:48:17
3489,553,339,2011-04-21 20:48:17,2011-04-21 20:48:17
3490,553,373,2011-04-21 20:48:17,2011-04-21 20:48:17
3491,553,397,2011-04-21 20:48:17,2011-04-21 20:48:17
3492,553,406,2011-04-21 20:48:17,2011-04-21 20:48:17
3493,553,531,2011-04-21 20:48:17,2011-04-21 20:48:17
3494,553,573,2011-04-21 20:48:17,2011-04-21 20:48:17
3495,553,619,2011-04-21 20:48:17,2011-04-21 20:48:17
3496,553,733,2011-04-21 20:48:17,2011-04-21 20:48:17
3497,553,804,2011-04-21 20:48:17,2011-04-21 20:48:17
3499,553,417,2011-04-21 20:48:17,2011-04-21 20:48:17
3500,553,629,2011-04-21 20:48:17,2011-04-21 20:48:17
3501,553,768,2011-04-21 20:48:17,2011-04-21 20:48:17
3502,554,45,2011-04-21 20:48:17,2011-04-21 20:48:17
3503,554,131,2011-04-21 20:48:17,2011-04-21 20:48:17
3504,554,212,2011-04-21 20:48:17,2011-04-21 20:48:17
3505,554,313,2011-04-21 20:48:17,2011-04-21 20:48:17
3506,554,339,2011-04-21 20:48:17,2011-04-21 20:48:17
3507,554,373,2011-04-21 20:48:17,2011-04-21 20:48:17
3508,554,397,2011-04-21 20:48:17,2011-04-21 20:48:17
3509,554,406,2011-04-21 20:48:17,2011-04-21 20:48:17
3510,554,531,2011-04-21 20:48:17,2011-04-21 20:48:17
3511,554,573,2011-04-21 20:48:17,2011-04-21 20:48:17
3512,554,619,2011-04-21 20:48:17,2011-04-21 20:48:17
3513,554,733,2011-04-21 20:48:17,2011-04-21 20:48:17
3514,554,804,2011-04-21 20:48:17,2011-04-21 20:48:17
3515,554,261,2011-04-21 20:48:17,2011-04-21 20:48:17
3516,554,417,2011-04-21 20:48:17,2011-04-21 20:48:17
3517,554,629,2011-04-21 20:48:17,2011-04-21 20:48:17
3518,554,768,2011-04-21 20:48:17,2011-04-21 20:48:17
3519,555,45,2011-04-21 20:48:18,2011-04-21 20:48:18
3520,555,131,2011-04-21 20:48:18,2011-04-21 20:48:18
3521,555,212,2011-04-21 20:48:18,2011-04-21 20:48:18
3522,555,313,2011-04-21 20:48:18,2011-04-21 20:48:18
3523,555,339,2011-04-21 20:48:18,2011-04-21 20:48:18
3524,555,373,2011-04-21 20:48:18,2011-04-21 20:48:18
3525,555,397,2011-04-21 20:48:18,2011-04-21 20:48:18
3526,555,406,2011-04-21 20:48:18,2011-04-21 20:48:18
3527,555,531,2011-04-21 20:48:18,2011-04-21 20:48:18
3528,555,573,2011-04-21 20:48:18,2011-04-21 20:48:18
3529,555,619,2011-04-21 20:48:18,2011-04-21 20:48:18
3530,555,733,2011-04-21 20:48:18,2011-04-21 20:48:18
3531,555,804,2011-04-21 20:48:18,2011-04-21 20:48:18
3532,555,261,2011-04-21 20:48:18,2011-04-21 20:48:18
3533,555,417,2011-04-21 20:48:18,2011-04-21 20:48:18
3534,555,629,2011-04-21 20:48:18,2011-04-21 20:48:18
3535,555,768,2011-04-21 20:48:18,2011-04-21 20:48:18
3536,557,577,2011-04-21 20:48:18,2011-04-21 20:48:18
3537,557,22,2011-04-21 20:48:18,2011-04-21 20:48:18
3538,557,371,2011-04-21 20:48:18,2011-04-21 20:48:18
3548,561,45,2011-04-21 20:48:19,2011-04-21 20:48:19
3549,561,131,2011-04-21 20:48:19,2011-04-21 20:48:19
3550,561,212,2011-04-21 20:48:19,2011-04-21 20:48:19
3551,561,313,2011-04-21 20:48:19,2011-04-21 20:48:19
3552,561,339,2011-04-21 20:48:19,2011-04-21 20:48:19
3553,561,373,2011-04-21 20:48:19,2011-04-21 20:48:19
3554,561,397,2011-04-21 20:48:19,2011-04-21 20:48:19
3555,561,406,2011-04-21 20:48:19,2011-04-21 20:48:19
3556,561,531,2011-04-21 20:48:19,2011-04-21 20:48:19
3557,561,573,2011-04-21 20:48:19,2011-04-21 20:48:19
3558,561,619,2011-04-21 20:48:19,2011-04-21 20:48:19
3559,561,733,2011-04-21 20:48:19,2011-04-21 20:48:19
3560,561,804,2011-04-21 20:48:19,2011-04-21 20:48:19
3561,562,336,2011-04-21 20:48:19,2011-04-21 20:48:19
3562,562,714,2011-04-21 20:48:19,2011-04-21 20:48:19
3563,562,50,2011-04-21 20:48:19,2011-04-21 20:48:19
3564,562,371,2011-04-21 20:48:19,2011-04-21 20:48:19
3565,562,577,2011-04-21 20:48:19,2011-04-21 20:48:19
3566,563,577,2011-04-21 20:48:19,2011-04-21 20:48:19
3567,563,277,2011-04-21 20:48:19,2011-04-21 20:48:19
3568,563,371,2011-04-21 20:48:19,2011-04-21 20:48:19
3569,563,37,2011-04-21 20:48:19,2011-04-21 20:48:19
3570,563,570,2011-04-21 20:48:19,2011-04-21 20:48:19
3571,563,902,2011-04-21 20:48:19,2011-04-21 20:48:19
3572,565,286,2011-04-21 20:48:19,2011-04-21 20:48:19
3573,565,98,2011-04-21 20:48:19,2011-04-21 20:48:19
3574,565,123,2011-04-21 20:48:19,2011-04-21 20:48:19
3575,565,728,2011-04-21 20:48:19,2011-04-21 20:48:19
3576,565,635,2011-04-21 20:48:19,2011-04-21 20:48:19
3577,565,219,2011-04-21 20:48:19,2011-04-21 20:48:19
3578,566,366,2011-04-21 20:48:19,2011-04-21 20:48:19
3579,566,261,2011-04-21 20:48:20,2011-04-21 20:48:20
3580,566,791,2011-04-21 20:48:20,2011-04-21 20:48:20
3582,568,417,2011-04-21 20:48:20,2011-04-21 20:48:20
3583,568,629,2011-04-21 20:48:20,2011-04-21 20:48:20
3584,568,768,2011-04-21 20:48:20,2011-04-21 20:48:20
3585,568,927,2011-04-21 20:48:20,2011-04-21 20:48:20
3586,568,477,2011-04-21 20:48:20,2011-04-21 20:48:20
3587,568,577,2011-04-21 20:48:20,2011-04-21 20:48:20
3588,568,570,2011-04-21 20:48:20,2011-04-21 20:48:20
3589,569,64,2011-04-21 20:48:20,2011-04-21 20:48:20
3590,569,115,2011-04-21 20:48:20,2011-04-21 20:48:20
3591,569,135,2011-04-21 20:48:20,2011-04-21 20:48:20
3592,569,139,2011-04-21 20:48:20,2011-04-21 20:48:20
3593,569,197,2011-04-21 20:48:20,2011-04-21 20:48:20
3594,569,267,2011-04-21 20:48:20,2011-04-21 20:48:20
3595,569,305,2011-04-21 20:48:20,2011-04-21 20:48:20
3596,569,327,2011-04-21 20:48:20,2011-04-21 20:48:20
3597,569,357,2011-04-21 20:48:20,2011-04-21 20:48:20
3598,569,374,2011-04-21 20:48:20,2011-04-21 20:48:20
3599,569,434,2011-04-21 20:48:20,2011-04-21 20:48:20
3600,569,491,2011-04-21 20:48:20,2011-04-21 20:48:20
3601,569,495,2011-04-21 20:48:20,2011-04-21 20:48:20
3602,569,585,2011-04-21 20:48:20,2011-04-21 20:48:20
3603,569,618,2011-04-21 20:48:20,2011-04-21 20:48:20
3604,569,635,2011-04-21 20:48:20,2011-04-21 20:48:20
3605,569,675,2011-04-21 20:48:20,2011-04-21 20:48:20
3606,569,697,2011-04-21 20:48:20,2011-04-21 20:48:20
3607,569,728,2011-04-21 20:48:20,2011-04-21 20:48:20
3608,569,737,2011-04-21 20:48:20,2011-04-21 20:48:20
3609,569,738,2011-04-21 20:48:20,2011-04-21 20:48:20
3610,569,788,2011-04-21 20:48:21,2011-04-21 20:48:21
3611,569,805,2011-04-21 20:48:21,2011-04-21 20:48:21
3612,569,820,2011-04-21 20:48:21,2011-04-21 20:48:21
3613,569,891,2011-04-21 20:48:21,2011-04-21 20:48:21
3614,569,917,2011-04-21 20:48:21,2011-04-21 20:48:21
3615,569,201,2011-04-21 20:48:21,2011-04-21 20:48:21
3616,569,536,2011-04-21 20:48:21,2011-04-21 20:48:21
3617,569,609,2011-04-21 20:48:21,2011-04-21 20:48:21
3618,569,834,2011-04-21 20:48:21,2011-04-21 20:48:21
3619,572,45,2011-04-21 20:48:21,2011-04-21 20:48:21
3620,572,131,2011-04-21 20:48:21,2011-04-21 20:48:21
3621,572,212,2011-04-21 20:48:21,2011-04-21 20:48:21
3622,572,313,2011-04-21 20:48:21,2011-04-21 20:48:21
3623,572,339,2011-04-21 20:48:21,2011-04-21 20:48:21
3624,572,373,2011-04-21 20:48:21,2011-04-21 20:48:21
3625,572,397,2011-04-21 20:48:21,2011-04-21 20:48:21
3626,572,406,2011-04-21 20:48:21,2011-04-21 20:48:21
3627,572,531,2011-04-21 20:48:21,2011-04-21 20:48:21
3628,572,573,2011-04-21 20:48:21,2011-04-21 20:48:21
3629,572,619,2011-04-21 20:48:21,2011-04-21 20:48:21
3630,572,733,2011-04-21 20:48:21,2011-04-21 20:48:21
3631,572,804,2011-04-21 20:48:21,2011-04-21 20:48:21
3633,572,417,2011-04-21 20:48:21,2011-04-21 20:48:21
3634,572,629,2011-04-21 20:48:21,2011-04-21 20:48:21
3635,572,768,2011-04-21 20:48:21,2011-04-21 20:48:21
3636,572,602,2011-04-21 20:48:21,2011-04-21 20:48:21
3637,572,714,2011-04-21 20:48:21,2011-04-21 20:48:21
3638,572,622,2011-04-21 20:48:21,2011-04-21 20:48:21
3639,572,577,2011-04-21 20:48:21,2011-04-21 20:48:21
3640,572,336,2011-04-21 20:48:21,2011-04-21 20:48:21
3641,574,64,2011-04-21 20:48:22,2011-04-21 20:48:22
3642,574,115,2011-04-21 20:48:22,2011-04-21 20:48:22
3643,574,135,2011-04-21 20:48:22,2011-04-21 20:48:22
3644,574,139,2011-04-21 20:48:22,2011-04-21 20:48:22
3645,574,197,2011-04-21 20:48:22,2011-04-21 20:48:22
3646,574,267,2011-04-21 20:48:22,2011-04-21 20:48:22
3647,574,305,2011-04-21 20:48:22,2011-04-21 20:48:22
3648,574,327,2011-04-21 20:48:22,2011-04-21 20:48:22
3649,574,357,2011-04-21 20:48:22,2011-04-21 20:48:22
3650,574,374,2011-04-21 20:48:22,2011-04-21 20:48:22
3651,574,434,2011-04-21 20:48:22,2011-04-21 20:48:22
3652,574,491,2011-04-21 20:48:22,2011-04-21 20:48:22
3653,574,495,2011-04-21 20:48:22,2011-04-21 20:48:22
3654,574,585,2011-04-21 20:48:22,2011-04-21 20:48:22
3655,574,618,2011-04-21 20:48:22,2011-04-21 20:48:22
3656,574,635,2011-04-21 20:48:22,2011-04-21 20:48:22
3657,574,675,2011-04-21 20:48:22,2011-04-21 20:48:22
3658,574,697,2011-04-21 20:48:22,2011-04-21 20:48:22
3659,574,728,2011-04-21 20:48:22,2011-04-21 20:48:22
3660,574,737,2011-04-21 20:48:22,2011-04-21 20:48:22
3661,574,738,2011-04-21 20:48:22,2011-04-21 20:48:22
3662,574,788,2011-04-21 20:48:22,2011-04-21 20:48:22
3663,574,805,2011-04-21 20:48:22,2011-04-21 20:48:22
3664,574,820,2011-04-21 20:48:22,2011-04-21 20:48:22
3665,574,891,2011-04-21 20:48:22,2011-04-21 20:48:22
3666,574,917,2011-04-21 20:48:22,2011-04-21 20:48:22
3667,574,201,2011-04-21 20:48:22,2011-04-21 20:48:22
3668,574,536,2011-04-21 20:48:22,2011-04-21 20:48:22
3669,574,609,2011-04-21 20:48:22,2011-04-21 20:48:22
3670,574,834,2011-04-21 20:48:22,2011-04-21 20:48:22
3671,576,107,2011-04-21 20:48:22,2011-04-21 20:48:22
3672,577,113,2011-04-21 20:48:22,2011-04-21 20:48:22
3673,577,117,2011-04-21 20:48:22,2011-04-21 20:48:22
3674,577,130,2011-04-21 20:48:22,2011-04-21 20:48:22
3675,577,161,2011-04-21 20:48:22,2011-04-21 20:48:22
3676,577,299,2011-04-21 20:48:22,2011-04-21 20:48:22
3677,577,321,2011-04-21 20:48:22,2011-04-21 20:48:22
3678,577,424,2011-04-21 20:48:22,2011-04-21 20:48:22
3679,577,702,2011-04-21 20:48:22,2011-04-21 20:48:22
3680,577,726,2011-04-21 20:48:22,2011-04-21 20:48:22
3681,577,746,2011-04-21 20:48:22,2011-04-21 20:48:22
3682,577,764,2011-04-21 20:48:22,2011-04-21 20:48:22
3683,577,816,2011-04-21 20:48:22,2011-04-21 20:48:22
3684,577,876,2011-04-21 20:48:23,2011-04-21 20:48:23
3685,577,912,2011-04-21 20:48:23,2011-04-21 20:48:23
3686,577,469,2011-04-21 20:48:23,2011-04-21 20:48:23
3687,580,371,2011-04-21 20:48:23,2011-04-21 20:48:23
3688,581,45,2011-04-21 20:48:23,2011-04-21 20:48:23
3689,581,131,2011-04-21 20:48:23,2011-04-21 20:48:23
3690,581,212,2011-04-21 20:48:23,2011-04-21 20:48:23
3691,581,313,2011-04-21 20:48:23,2011-04-21 20:48:23
3692,581,339,2011-04-21 20:48:23,2011-04-21 20:48:23
3693,581,373,2011-04-21 20:48:23,2011-04-21 20:48:23
3694,581,397,2011-04-21 20:48:23,2011-04-21 20:48:23
3695,581,406,2011-04-21 20:48:23,2011-04-21 20:48:23
3696,581,531,2011-04-21 20:48:23,2011-04-21 20:48:23
3697,581,573,2011-04-21 20:48:23,2011-04-21 20:48:23
3698,581,619,2011-04-21 20:48:23,2011-04-21 20:48:23
3699,581,733,2011-04-21 20:48:23,2011-04-21 20:48:23
3700,581,804,2011-04-21 20:48:23,2011-04-21 20:48:23
3701,581,261,2011-04-21 20:48:23,2011-04-21 20:48:23
3702,581,417,2011-04-21 20:48:23,2011-04-21 20:48:23
3703,581,629,2011-04-21 20:48:23,2011-04-21 20:48:23
3704,581,768,2011-04-21 20:48:23,2011-04-21 20:48:23
3705,582,482,2011-04-21 20:48:23,2011-04-21 20:48:23
3706,584,45,2011-04-21 20:48:23,2011-04-21 20:48:23
3707,584,131,2011-04-21 20:48:23,2011-04-21 20:48:23
3708,584,212,2011-04-21 20:48:23,2011-04-21 20:48:23
3709,584,313,2011-04-21 20:48:23,2011-04-21 20:48:23
3710,584,339,2011-04-21 20:48:23,2011-04-21 20:48:23
3711,584,373,2011-04-21 20:48:23,2011-04-21 20:48:23
3712,584,397,2011-04-21 20:48:23,2011-04-21 20:48:23
3713,584,406,2011-04-21 20:48:23,2011-04-21 20:48:23
3714,584,531,2011-04-21 20:48:23,2011-04-21 20:48:23
3715,584,573,2011-04-21 20:48:23,2011-04-21 20:48:23
3716,584,619,2011-04-21 20:48:24,2011-04-21 20:48:24
3717,584,733,2011-04-21 20:48:24,2011-04-21 20:48:24
3718,584,804,2011-04-21 20:48:24,2011-04-21 20:48:24
3719,585,817,2011-04-21 20:48:24,2011-04-21 20:48:24
3720,585,44,2011-04-21 20:48:24,2011-04-21 20:48:24
3721,585,714,2011-04-21 20:48:24,2011-04-21 20:48:24
3722,585,683,2011-04-21 20:48:24,2011-04-21 20:48:24
3723,585,371,2011-04-21 20:48:24,2011-04-21 20:48:24
3724,585,37,2011-04-21 20:48:24,2011-04-21 20:48:24
3725,586,185,2011-04-21 20:48:24,2011-04-21 20:48:24
3726,586,219,2011-04-21 20:48:24,2011-04-21 20:48:24
3728,586,358,2011-04-21 20:48:24,2011-04-21 20:48:24
3729,586,396,2011-04-21 20:48:24,2011-04-21 20:48:24
3730,586,464,2011-04-21 20:48:24,2011-04-21 20:48:24
3731,586,556,2011-04-21 20:48:24,2011-04-21 20:48:24
3732,586,715,2011-04-21 20:48:24,2011-04-21 20:48:24
3733,586,862,2011-04-21 20:48:24,2011-04-21 20:48:24
3734,586,915,2011-04-21 20:48:24,2011-04-21 20:48:24
3735,586,261,2011-04-21 20:48:24,2011-04-21 20:48:24
3736,586,417,2011-04-21 20:48:24,2011-04-21 20:48:24
3737,586,629,2011-04-21 20:48:24,2011-04-21 20:48:24
3738,586,768,2011-04-21 20:48:24,2011-04-21 20:48:24
3739,589,55,2011-04-21 20:48:24,2011-04-21 20:48:24
3740,589,269,2011-04-21 20:48:24,2011-04-21 20:48:24
3741,589,330,2011-04-21 20:48:24,2011-04-21 20:48:24
3742,589,405,2011-04-21 20:48:24,2011-04-21 20:48:24
3743,589,501,2011-04-21 20:48:24,2011-04-21 20:48:24
3744,589,662,2011-04-21 20:48:24,2011-04-21 20:48:24
3745,589,680,2011-04-21 20:48:24,2011-04-21 20:48:24
3746,589,727,2011-04-21 20:48:24,2011-04-21 20:48:24
3747,589,747,2011-04-21 20:48:24,2011-04-21 20:48:24
3748,589,829,2011-04-21 20:48:24,2011-04-21 20:48:24
3749,589,837,2011-04-21 20:48:25,2011-04-21 20:48:25
3750,589,293,2011-04-21 20:48:25,2011-04-21 20:48:25
3751,589,438,2011-04-21 20:48:25,2011-04-21 20:48:25
3752,589,623,2011-04-21 20:48:25,2011-04-21 20:48:25
3753,589,906,2011-04-21 20:48:25,2011-04-21 20:48:25
3754,589,39,2011-04-21 20:48:25,2011-04-21 20:48:25
3755,589,210,2011-04-21 20:48:25,2011-04-21 20:48:25
3756,589,379,2011-04-21 20:48:25,2011-04-21 20:48:25
3757,589,589,2011-04-21 20:48:25,2011-04-21 20:48:25
3758,589,639,2011-04-21 20:48:25,2011-04-21 20:48:25
3759,589,657,2011-04-21 20:48:25,2011-04-21 20:48:25
3760,589,739,2011-04-21 20:48:25,2011-04-21 20:48:25
3761,589,810,2011-04-21 20:48:25,2011-04-21 20:48:25
3762,589,875,2011-04-21 20:48:25,2011-04-21 20:48:25
3763,590,9,2011-04-21 20:48:25,2011-04-21 20:48:25
3764,590,502,2011-04-21 20:48:25,2011-04-21 20:48:25
3765,590,552,2011-04-21 20:48:25,2011-04-21 20:48:25
3766,590,199,2011-04-21 20:48:25,2011-04-21 20:48:25
3767,593,891,2011-04-21 20:48:25,2011-04-21 20:48:25
3768,593,917,2011-04-21 20:48:25,2011-04-21 20:48:25
3769,593,64,2011-04-21 20:48:25,2011-04-21 20:48:25
3770,593,267,2011-04-21 20:48:25,2011-04-21 20:48:25
3771,593,788,2011-04-21 20:48:25,2011-04-21 20:48:25
3772,593,675,2011-04-21 20:48:25,2011-04-21 20:48:25
3773,593,185,2011-04-21 20:48:25,2011-04-21 20:48:25
3774,593,219,2011-04-21 20:48:25,2011-04-21 20:48:25
3776,593,358,2011-04-21 20:48:25,2011-04-21 20:48:25
3777,593,396,2011-04-21 20:48:26,2011-04-21 20:48:26
3778,593,464,2011-04-21 20:48:26,2011-04-21 20:48:26
3779,593,556,2011-04-21 20:48:26,2011-04-21 20:48:26
3780,593,715,2011-04-21 20:48:26,2011-04-21 20:48:26
3781,593,862,2011-04-21 20:48:26,2011-04-21 20:48:26
3782,593,915,2011-04-21 20:48:26,2011-04-21 20:48:26
3783,593,261,2011-04-21 20:48:26,2011-04-21 20:48:26
3784,593,417,2011-04-21 20:48:26,2011-04-21 20:48:26
3785,593,629,2011-04-21 20:48:26,2011-04-21 20:48:26
3786,593,768,2011-04-21 20:48:26,2011-04-21 20:48:26
3787,594,746,2011-04-21 20:48:26,2011-04-21 20:48:26
3788,594,816,2011-04-21 20:48:26,2011-04-21 20:48:26
3789,594,321,2011-04-21 20:48:26,2011-04-21 20:48:26
3790,594,876,2011-04-21 20:48:26,2011-04-21 20:48:26
3791,594,393,2011-04-21 20:48:26,2011-04-21 20:48:26
3792,594,161,2011-04-21 20:48:26,2011-04-21 20:48:26
3793,594,177,2011-04-21 20:48:27,2011-04-21 20:48:27
3794,594,702,2011-04-21 20:48:27,2011-04-21 20:48:27
3795,594,53,2011-04-21 20:48:27,2011-04-21 20:48:27
3796,594,111,2011-04-21 20:48:27,2011-04-21 20:48:27
3797,594,130,2011-04-21 20:48:27,2011-04-21 20:48:27
3798,594,171,2011-04-21 20:48:27,2011-04-21 20:48:27
3799,594,299,2011-04-21 20:48:27,2011-04-21 20:48:27
3800,594,117,2011-04-21 20:48:27,2011-04-21 20:48:27
3801,594,209,2011-04-21 20:48:27,2011-04-21 20:48:27
3802,594,412,2011-04-21 20:48:27,2011-04-21 20:48:27
3803,594,633,2011-04-21 20:48:27,2011-04-21 20:48:27
3804,594,512,2011-04-21 20:48:27,2011-04-21 20:48:27
3805,594,113,2011-04-21 20:48:27,2011-04-21 20:48:27
3806,594,912,2011-04-21 20:48:27,2011-04-21 20:48:27
3807,594,424,2011-04-21 20:48:27,2011-04-21 20:48:27
3808,594,175,2011-04-21 20:48:27,2011-04-21 20:48:27
3809,594,575,2011-04-21 20:48:27,2011-04-21 20:48:27
3810,594,927,2011-04-21 20:48:28,2011-04-21 20:48:28
3811,594,420,2011-04-21 20:48:28,2011-04-21 20:48:28
3812,595,891,2011-04-21 20:48:28,2011-04-21 20:48:28
3813,595,917,2011-04-21 20:48:28,2011-04-21 20:48:28
3814,595,64,2011-04-21 20:48:28,2011-04-21 20:48:28
3815,595,267,2011-04-21 20:48:28,2011-04-21 20:48:28
3816,595,788,2011-04-21 20:48:28,2011-04-21 20:48:28
3817,595,675,2011-04-21 20:48:28,2011-04-21 20:48:28
3818,595,201,2011-04-21 20:48:28,2011-04-21 20:48:28
3819,595,536,2011-04-21 20:48:28,2011-04-21 20:48:28
3820,595,609,2011-04-21 20:48:28,2011-04-21 20:48:28
3821,595,834,2011-04-21 20:48:28,2011-04-21 20:48:28
3822,597,355,2011-04-21 20:48:28,2011-04-21 20:48:28
3823,597,462,2011-04-21 20:48:28,2011-04-21 20:48:28
3824,597,583,2011-04-21 20:48:28,2011-04-21 20:48:28
3825,597,45,2011-04-21 20:48:29,2011-04-21 20:48:29
3826,597,131,2011-04-21 20:48:29,2011-04-21 20:48:29
3827,597,212,2011-04-21 20:48:29,2011-04-21 20:48:29
3828,597,313,2011-04-21 20:48:29,2011-04-21 20:48:29
3829,597,339,2011-04-21 20:48:29,2011-04-21 20:48:29
3830,597,373,2011-04-21 20:48:29,2011-04-21 20:48:29
3831,597,397,2011-04-21 20:48:29,2011-04-21 20:48:29
3832,597,406,2011-04-21 20:48:29,2011-04-21 20:48:29
3833,597,531,2011-04-21 20:48:29,2011-04-21 20:48:29
3834,597,573,2011-04-21 20:48:29,2011-04-21 20:48:29
3835,597,619,2011-04-21 20:48:29,2011-04-21 20:48:29
3836,597,733,2011-04-21 20:48:29,2011-04-21 20:48:29
3837,597,804,2011-04-21 20:48:29,2011-04-21 20:48:29
3839,600,45,2011-04-21 20:48:29,2011-04-21 20:48:29
3840,600,131,2011-04-21 20:48:29,2011-04-21 20:48:29
3841,600,212,2011-04-21 20:48:29,2011-04-21 20:48:29
3842,600,313,2011-04-21 20:48:29,2011-04-21 20:48:29
3843,600,339,2011-04-21 20:48:29,2011-04-21 20:48:29
3844,600,373,2011-04-21 20:48:29,2011-04-21 20:48:29
3845,600,397,2011-04-21 20:48:29,2011-04-21 20:48:29
3846,600,406,2011-04-21 20:48:29,2011-04-21 20:48:29
3847,600,531,2011-04-21 20:48:29,2011-04-21 20:48:29
3848,600,573,2011-04-21 20:48:29,2011-04-21 20:48:29
3849,600,619,2011-04-21 20:48:29,2011-04-21 20:48:29
3850,600,733,2011-04-21 20:48:29,2011-04-21 20:48:29
3851,600,804,2011-04-21 20:48:29,2011-04-21 20:48:29
3852,600,891,2011-04-21 20:48:29,2011-04-21 20:48:29
3853,600,917,2011-04-21 20:48:29,2011-04-21 20:48:29
3854,600,64,2011-04-21 20:48:29,2011-04-21 20:48:29
3855,600,267,2011-04-21 20:48:29,2011-04-21 20:48:29
3856,600,788,2011-04-21 20:48:29,2011-04-21 20:48:29
3857,600,675,2011-04-21 20:48:29,2011-04-21 20:48:29
3858,604,64,2011-04-21 20:48:30,2011-04-21 20:48:30
3859,604,115,2011-04-21 20:48:30,2011-04-21 20:48:30
3860,604,135,2011-04-21 20:48:30,2011-04-21 20:48:30
3861,604,139,2011-04-21 20:48:30,2011-04-21 20:48:30
3862,604,197,2011-04-21 20:48:30,2011-04-21 20:48:30
3863,604,267,2011-04-21 20:48:30,2011-04-21 20:48:30
3864,604,305,2011-04-21 20:48:30,2011-04-21 20:48:30
3865,604,327,2011-04-21 20:48:30,2011-04-21 20:48:30
3866,604,357,2011-04-21 20:48:30,2011-04-21 20:48:30
3867,604,374,2011-04-21 20:48:30,2011-04-21 20:48:30
3868,604,434,2011-04-21 20:48:31,2011-04-21 20:48:31
3869,604,491,2011-04-21 20:48:31,2011-04-21 20:48:31
3870,604,495,2011-04-21 20:48:31,2011-04-21 20:48:31
3871,604,585,2011-04-21 20:48:31,2011-04-21 20:48:31
3872,604,618,2011-04-21 20:48:31,2011-04-21 20:48:31
3873,604,635,2011-04-21 20:48:31,2011-04-21 20:48:31
3874,604,675,2011-04-21 20:48:31,2011-04-21 20:48:31
3875,604,697,2011-04-21 20:48:31,2011-04-21 20:48:31
3876,604,728,2011-04-21 20:48:31,2011-04-21 20:48:31
3877,604,737,2011-04-21 20:48:31,2011-04-21 20:48:31
3878,604,738,2011-04-21 20:48:31,2011-04-21 20:48:31
3879,604,788,2011-04-21 20:48:31,2011-04-21 20:48:31
3880,604,805,2011-04-21 20:48:31,2011-04-21 20:48:31
3881,604,820,2011-04-21 20:48:31,2011-04-21 20:48:31
3882,604,891,2011-04-21 20:48:31,2011-04-21 20:48:31
3883,604,917,2011-04-21 20:48:31,2011-04-21 20:48:31
3884,605,385,2011-04-21 20:48:31,2011-04-21 20:48:31
3885,605,572,2011-04-21 20:48:31,2011-04-21 20:48:31
3886,605,527,2011-04-21 20:48:31,2011-04-21 20:48:31
3887,605,350,2011-04-21 20:48:31,2011-04-21 20:48:31
3888,605,100,2011-04-21 20:48:32,2011-04-21 20:48:32
3889,605,728,2011-04-21 20:48:32,2011-04-21 20:48:32
3890,605,635,2011-04-21 20:48:32,2011-04-21 20:48:32
3891,605,618,2011-04-21 20:48:32,2011-04-21 20:48:32
3892,605,737,2011-04-21 20:48:32,2011-04-21 20:48:32
3893,605,746,2011-04-21 20:48:32,2011-04-21 20:48:32
3894,605,130,2011-04-21 20:48:32,2011-04-21 20:48:32
3895,607,45,2011-04-21 20:48:32,2011-04-21 20:48:32
3896,685,45,2011-04-21 20:48:32,2011-04-21 20:48:32
3897,607,131,2011-04-21 20:48:32,2011-04-21 20:48:32
3898,685,131,2011-04-21 20:48:32,2011-04-21 20:48:32
3899,607,212,2011-04-21 20:48:32,2011-04-21 20:48:32
3900,685,212,2011-04-21 20:48:32,2011-04-21 20:48:32
3901,607,313,2011-04-21 20:48:33,2011-04-21 20:48:33
3902,685,313,2011-04-21 20:48:33,2011-04-21 20:48:33
3903,607,339,2011-04-21 20:48:33,2011-04-21 20:48:33
3904,685,339,2011-04-21 20:48:33,2011-04-21 20:48:33
3905,607,373,2011-04-21 20:48:33,2011-04-21 20:48:33
3906,685,373,2011-04-21 20:48:33,2011-04-21 20:48:33
3907,607,397,2011-04-21 20:48:33,2011-04-21 20:48:33
3908,685,397,2011-04-21 20:48:33,2011-04-21 20:48:33
3909,607,406,2011-04-21 20:48:33,2011-04-21 20:48:33
3910,685,406,2011-04-21 20:48:33,2011-04-21 20:48:33
3911,607,531,2011-04-21 20:48:33,2011-04-21 20:48:33
3912,685,531,2011-04-21 20:48:33,2011-04-21 20:48:33
3913,607,573,2011-04-21 20:48:33,2011-04-21 20:48:33
3914,685,573,2011-04-21 20:48:33,2011-04-21 20:48:33
3915,607,619,2011-04-21 20:48:33,2011-04-21 20:48:33
3916,685,619,2011-04-21 20:48:33,2011-04-21 20:48:33
3917,607,733,2011-04-21 20:48:33,2011-04-21 20:48:33
3918,685,733,2011-04-21 20:48:33,2011-04-21 20:48:33
3919,607,804,2011-04-21 20:48:33,2011-04-21 20:48:33
3920,685,804,2011-04-21 20:48:33,2011-04-21 20:48:33
3921,607,261,2011-04-21 20:48:34,2011-04-21 20:48:34
3922,685,261,2011-04-21 20:48:34,2011-04-21 20:48:34
3923,607,417,2011-04-21 20:48:34,2011-04-21 20:48:34
3924,685,417,2011-04-21 20:48:34,2011-04-21 20:48:34
3925,607,629,2011-04-21 20:48:34,2011-04-21 20:48:34
3926,685,629,2011-04-21 20:48:34,2011-04-21 20:48:34
3927,607,768,2011-04-21 20:48:34,2011-04-21 20:48:34
3928,685,768,2011-04-21 20:48:34,2011-04-21 20:48:34
3929,608,657,2011-04-21 20:48:34,2011-04-21 20:48:34
3930,608,210,2011-04-21 20:48:34,2011-04-21 20:48:34
3931,608,589,2011-04-21 20:48:34,2011-04-21 20:48:34
3932,608,639,2011-04-21 20:48:34,2011-04-21 20:48:34
3933,608,739,2011-04-21 20:48:34,2011-04-21 20:48:34
3934,608,830,2011-04-21 20:48:35,2011-04-21 20:48:35
3935,611,683,2011-04-21 20:48:35,2011-04-21 20:48:35
3936,611,348,2011-04-21 20:48:35,2011-04-21 20:48:35
3937,611,381,2011-04-21 20:48:35,2011-04-21 20:48:35
3938,611,277,2011-04-21 20:48:35,2011-04-21 20:48:35
3939,611,371,2011-04-21 20:48:35,2011-04-21 20:48:35
3940,611,646,2011-04-21 20:48:35,2011-04-21 20:48:35
3941,612,757,2011-04-21 20:48:35,2011-04-21 20:48:35
3942,612,144,2011-04-21 20:48:35,2011-04-21 20:48:35
3943,613,45,2011-04-21 20:48:35,2011-04-21 20:48:35
3944,613,131,2011-04-21 20:48:35,2011-04-21 20:48:35
3945,613,212,2011-04-21 20:48:36,2011-04-21 20:48:36
3946,613,313,2011-04-21 20:48:36,2011-04-21 20:48:36
3947,613,339,2011-04-21 20:48:36,2011-04-21 20:48:36
3948,613,373,2011-04-21 20:48:36,2011-04-21 20:48:36
3949,613,397,2011-04-21 20:48:36,2011-04-21 20:48:36
3950,613,406,2011-04-21 20:48:36,2011-04-21 20:48:36
3951,613,531,2011-04-21 20:48:36,2011-04-21 20:48:36
3952,613,573,2011-04-21 20:48:36,2011-04-21 20:48:36
3953,613,619,2011-04-21 20:48:36,2011-04-21 20:48:36
3954,613,733,2011-04-21 20:48:36,2011-04-21 20:48:36
3955,613,804,2011-04-21 20:48:36,2011-04-21 20:48:36
3956,613,927,2011-04-21 20:48:36,2011-04-21 20:48:36
3957,613,797,2011-04-21 20:48:37,2011-04-21 20:48:37
3958,613,261,2011-04-21 20:48:37,2011-04-21 20:48:37
3959,613,417,2011-04-21 20:48:37,2011-04-21 20:48:37
3960,613,629,2011-04-21 20:48:37,2011-04-21 20:48:37
3961,613,768,2011-04-21 20:48:37,2011-04-21 20:48:37
3962,614,891,2011-04-21 20:48:37,2011-04-21 20:48:37
3963,614,917,2011-04-21 20:48:37,2011-04-21 20:48:37
3964,614,64,2011-04-21 20:48:37,2011-04-21 20:48:37
3965,614,267,2011-04-21 20:48:37,2011-04-21 20:48:37
3966,614,788,2011-04-21 20:48:38,2011-04-21 20:48:38
3967,614,675,2011-04-21 20:48:38,2011-04-21 20:48:38
3968,615,891,2011-04-21 20:48:38,2011-04-21 20:48:38
3969,615,917,2011-04-21 20:48:38,2011-04-21 20:48:38
3970,615,64,2011-04-21 20:48:38,2011-04-21 20:48:38
3971,615,267,2011-04-21 20:48:38,2011-04-21 20:48:38
3972,615,788,2011-04-21 20:48:38,2011-04-21 20:48:38
3973,615,675,2011-04-21 20:48:38,2011-04-21 20:48:38
3974,615,84,2011-04-21 20:48:38,2011-04-21 20:48:38
3975,615,218,2011-04-21 20:48:38,2011-04-21 20:48:38
3976,615,222,2011-04-21 20:48:38,2011-04-21 20:48:38
3977,615,271,2011-04-21 20:48:38,2011-04-21 20:48:38
3978,615,284,2011-04-21 20:48:38,2011-04-21 20:48:38
3979,615,408,2011-04-21 20:48:38,2011-04-21 20:48:38
3980,615,474,2011-04-21 20:48:38,2011-04-21 20:48:38
3981,615,540,2011-04-21 20:48:38,2011-04-21 20:48:38
3982,615,725,2011-04-21 20:48:38,2011-04-21 20:48:38
3983,615,847,2011-04-21 20:48:38,2011-04-21 20:48:38
3984,615,201,2011-04-21 20:48:38,2011-04-21 20:48:38
3985,615,536,2011-04-21 20:48:38,2011-04-21 20:48:38
3986,615,609,2011-04-21 20:48:38,2011-04-21 20:48:38
3987,615,834,2011-04-21 20:48:38,2011-04-21 20:48:38
3988,616,61,2011-04-21 20:48:38,2011-04-21 20:48:38
3989,616,278,2011-04-21 20:48:38,2011-04-21 20:48:38
3990,616,448,2011-04-21 20:48:39,2011-04-21 20:48:39
3991,616,552,2011-04-21 20:48:39,2011-04-21 20:48:39
3992,616,798,2011-04-21 20:48:39,2011-04-21 20:48:39
3993,616,827,2011-04-21 20:48:39,2011-04-21 20:48:39
3994,616,830,2011-04-21 20:48:39,2011-04-21 20:48:39
3995,617,325,2011-04-21 20:48:39,2011-04-21 20:48:39
3996,617,852,2011-04-21 20:48:39,2011-04-21 20:48:39
3997,617,366,2011-04-21 20:48:39,2011-04-21 20:48:39
3998,618,927,2011-04-21 20:48:39,2011-04-21 20:48:39
3999,618,797,2011-04-21 20:48:39,2011-04-21 20:48:39
4000,618,612,2011-04-21 20:48:39,2011-04-21 20:48:39
4001,618,376,2011-04-21 20:48:39,2011-04-21 20:48:39
4002,618,27,2011-04-21 20:48:39,2011-04-21 20:48:39
4003,619,225,2011-04-21 20:48:39,2011-04-21 20:48:39
4004,619,427,2011-04-21 20:48:39,2011-04-21 20:48:39
4005,619,730,2011-04-21 20:48:39,2011-04-21 20:48:39
4006,619,210,2011-04-21 20:48:39,2011-04-21 20:48:39
4007,619,639,2011-04-21 20:48:39,2011-04-21 20:48:39
4008,619,61,2011-04-21 20:48:40,2011-04-21 20:48:40
4009,619,278,2011-04-21 20:48:40,2011-04-21 20:48:40
4010,619,448,2011-04-21 20:48:40,2011-04-21 20:48:40
4011,619,552,2011-04-21 20:48:40,2011-04-21 20:48:40
4012,619,798,2011-04-21 20:48:40,2011-04-21 20:48:40
4013,619,827,2011-04-21 20:48:40,2011-04-21 20:48:40
4014,628,683,2011-04-21 20:48:40,2011-04-21 20:48:40
4015,628,381,2011-04-21 20:48:40,2011-04-21 20:48:40
4016,637,111,2011-04-21 20:48:40,2011-04-21 20:48:40
4017,637,180,2011-04-21 20:48:40,2011-04-21 20:48:40
4018,637,534,2011-04-21 20:48:40,2011-04-21 20:48:40
4019,637,574,2011-04-21 20:48:40,2011-04-21 20:48:40
4020,637,578,2011-04-21 20:48:40,2011-04-21 20:48:40
4021,637,688,2011-04-21 20:48:40,2011-04-21 20:48:40
4022,637,801,2011-04-21 20:48:40,2011-04-21 20:48:40
4023,637,185,2011-04-21 20:48:41,2011-04-21 20:48:41
4024,637,219,2011-04-21 20:48:41,2011-04-21 20:48:41
4026,637,358,2011-04-21 20:48:41,2011-04-21 20:48:41
4027,637,396,2011-04-21 20:48:41,2011-04-21 20:48:41
4028,637,464,2011-04-21 20:48:41,2011-04-21 20:48:41
4029,637,556,2011-04-21 20:48:41,2011-04-21 20:48:41
4030,637,715,2011-04-21 20:48:41,2011-04-21 20:48:41
4031,637,862,2011-04-21 20:48:41,2011-04-21 20:48:41
4032,637,915,2011-04-21 20:48:41,2011-04-21 20:48:41
4033,637,381,2011-04-21 20:48:41,2011-04-21 20:48:41
4034,637,683,2011-04-21 20:48:41,2011-04-21 20:48:41
4035,637,622,2011-04-21 20:48:41,2011-04-21 20:48:41
4036,637,250,2011-04-21 20:48:41,2011-04-21 20:48:41
4037,637,277,2011-04-21 20:48:41,2011-04-21 20:48:41
4038,639,45,2011-04-21 20:48:41,2011-04-21 20:48:41
4039,639,131,2011-04-21 20:48:41,2011-04-21 20:48:41
4040,639,212,2011-04-21 20:48:41,2011-04-21 20:48:41
4041,639,313,2011-04-21 20:48:41,2011-04-21 20:48:41
4042,639,339,2011-04-21 20:48:41,2011-04-21 20:48:41
4043,639,373,2011-04-21 20:48:41,2011-04-21 20:48:41
4044,639,397,2011-04-21 20:48:41,2011-04-21 20:48:41
4045,639,406,2011-04-21 20:48:41,2011-04-21 20:48:41
4046,639,531,2011-04-21 20:48:41,2011-04-21 20:48:41
4047,639,573,2011-04-21 20:48:41,2011-04-21 20:48:41
4048,639,619,2011-04-21 20:48:41,2011-04-21 20:48:41
4049,639,733,2011-04-21 20:48:41,2011-04-21 20:48:41
4050,639,804,2011-04-21 20:48:41,2011-04-21 20:48:41
4051,639,261,2011-04-21 20:48:41,2011-04-21 20:48:41
4052,639,417,2011-04-21 20:48:41,2011-04-21 20:48:41
4053,639,629,2011-04-21 20:48:41,2011-04-21 20:48:41
4054,639,768,2011-04-21 20:48:41,2011-04-21 20:48:41
4055,642,45,2011-04-21 20:48:42,2011-04-21 20:48:42
4056,642,131,2011-04-21 20:48:42,2011-04-21 20:48:42
4057,642,212,2011-04-21 20:48:42,2011-04-21 20:48:42
4058,642,313,2011-04-21 20:48:42,2011-04-21 20:48:42
4059,642,339,2011-04-21 20:48:42,2011-04-21 20:48:42
4060,642,373,2011-04-21 20:48:42,2011-04-21 20:48:42
4061,642,397,2011-04-21 20:48:42,2011-04-21 20:48:42
4062,642,406,2011-04-21 20:48:42,2011-04-21 20:48:42
4063,642,531,2011-04-21 20:48:42,2011-04-21 20:48:42
4064,642,573,2011-04-21 20:48:42,2011-04-21 20:48:42
4065,642,619,2011-04-21 20:48:42,2011-04-21 20:48:42
4066,642,733,2011-04-21 20:48:42,2011-04-21 20:48:42
4067,642,804,2011-04-21 20:48:42,2011-04-21 20:48:42
4068,642,927,2011-04-21 20:48:42,2011-04-21 20:48:42
4069,642,797,2011-04-21 20:48:42,2011-04-21 20:48:42
4070,642,192,2011-04-21 20:48:42,2011-04-21 20:48:42
4071,642,632,2011-04-21 20:48:42,2011-04-21 20:48:42
4072,642,98,2011-04-21 20:48:42,2011-04-21 20:48:42
4073,645,842,2011-04-21 20:48:42,2011-04-21 20:48:42
4074,645,692,2011-04-21 20:48:42,2011-04-21 20:48:42
4075,645,134,2011-04-21 20:48:42,2011-04-21 20:48:42
4076,645,235,2011-04-21 20:48:42,2011-04-21 20:48:42
4077,645,234,2011-04-21 20:48:42,2011-04-21 20:48:42
4078,647,842,2011-04-21 20:48:42,2011-04-21 20:48:42
4079,647,692,2011-04-21 20:48:42,2011-04-21 20:48:42
4080,647,134,2011-04-21 20:48:42,2011-04-21 20:48:42
4081,647,235,2011-04-21 20:48:42,2011-04-21 20:48:42
4082,647,234,2011-04-21 20:48:42,2011-04-21 20:48:42
4083,649,313,2011-04-21 20:48:42,2011-04-21 20:48:42
4084,649,532,2011-04-21 20:48:43,2011-04-21 20:48:43
4085,649,576,2011-04-21 20:48:43,2011-04-21 20:48:43
4086,649,371,2011-04-21 20:48:43,2011-04-21 20:48:43
4087,649,381,2011-04-21 20:48:43,2011-04-21 20:48:43
4088,649,608,2011-04-21 20:48:43,2011-04-21 20:48:43
4089,651,906,2011-04-21 20:48:43,2011-04-21 20:48:43
4090,651,623,2011-04-21 20:48:43,2011-04-21 20:48:43
4091,651,253,2011-04-21 20:48:43,2011-04-21 20:48:43
4092,656,325,2011-04-21 20:48:43,2011-04-21 20:48:43
4093,656,852,2011-04-21 20:48:43,2011-04-21 20:48:43
4094,656,366,2011-04-21 20:48:43,2011-04-21 20:48:43
4095,658,229,2011-04-21 20:48:43,2011-04-21 20:48:43
4096,658,260,2011-04-21 20:48:43,2011-04-21 20:48:43
4097,658,471,2011-04-21 20:48:43,2011-04-21 20:48:43
4098,658,507,2011-04-21 20:48:43,2011-04-21 20:48:43
4099,658,107,2011-04-21 20:48:43,2011-04-21 20:48:43
4100,658,286,2011-04-21 20:48:44,2011-04-21 20:48:44
4101,658,363,2011-04-21 20:48:44,2011-04-21 20:48:44
4102,658,605,2011-04-21 20:48:44,2011-04-21 20:48:44
4103,658,201,2011-04-21 20:48:44,2011-04-21 20:48:44
4104,658,536,2011-04-21 20:48:44,2011-04-21 20:48:44
4105,658,609,2011-04-21 20:48:44,2011-04-21 20:48:44
4106,658,834,2011-04-21 20:48:44,2011-04-21 20:48:44
4107,662,549,2011-04-21 20:48:45,2011-04-21 20:48:45
4108,662,927,2011-04-21 20:48:45,2011-04-21 20:48:45
4109,662,27,2011-04-21 20:48:45,2011-04-21 20:48:45
4110,662,245,2011-04-21 20:48:45,2011-04-21 20:48:45
4111,662,610,2011-04-21 20:48:45,2011-04-21 20:48:45
4112,662,184,2011-04-21 20:48:45,2011-04-21 20:48:45
4113,662,685,2011-04-21 20:48:45,2011-04-21 20:48:45
4114,662,122,2011-04-21 20:48:45,2011-04-21 20:48:45
4115,662,463,2011-04-21 20:48:45,2011-04-21 20:48:45
4116,662,600,2011-04-21 20:48:45,2011-04-21 20:48:45
4117,662,125,2011-04-21 20:48:45,2011-04-21 20:48:45
4118,662,879,2011-04-21 20:48:45,2011-04-21 20:48:45
4119,662,607,2011-04-21 20:48:45,2011-04-21 20:48:45
4120,662,313,2011-04-21 20:48:45,2011-04-21 20:48:45
4121,662,768,2011-04-21 20:48:45,2011-04-21 20:48:45
4122,662,212,2011-04-21 20:48:45,2011-04-21 20:48:45
4123,662,339,2011-04-21 20:48:45,2011-04-21 20:48:45
4124,662,376,2011-04-21 20:48:45,2011-04-21 20:48:45
4125,662,629,2011-04-21 20:48:45,2011-04-21 20:48:45
4126,662,612,2011-04-21 20:48:45,2011-04-21 20:48:45
4127,662,608,2011-04-21 20:48:45,2011-04-21 20:48:45
4128,662,20,2011-04-21 20:48:45,2011-04-21 20:48:45
4129,662,261,2011-04-21 20:48:45,2011-04-21 20:48:45
4130,662,131,2011-04-21 20:48:45,2011-04-21 20:48:45
4131,662,804,2011-04-21 20:48:45,2011-04-21 20:48:45
4132,662,373,2011-04-21 20:48:45,2011-04-21 20:48:45
4133,662,75,2011-04-21 20:48:45,2011-04-21 20:48:45
4134,662,619,2011-04-21 20:48:45,2011-04-21 20:48:45
4135,662,913,2011-04-21 20:48:45,2011-04-21 20:48:45
4136,662,531,2011-04-21 20:48:46,2011-04-21 20:48:46
4137,662,45,2011-04-21 20:48:46,2011-04-21 20:48:46
4138,662,733,2011-04-21 20:48:46,2011-04-21 20:48:46
4139,662,406,2011-04-21 20:48:46,2011-04-21 20:48:46
4140,662,155,2011-04-21 20:48:46,2011-04-21 20:48:46
4141,662,573,2011-04-21 20:48:46,2011-04-21 20:48:46
4142,662,848,2011-04-21 20:48:46,2011-04-21 20:48:46
4144,664,417,2011-04-21 20:48:46,2011-04-21 20:48:46
4145,664,629,2011-04-21 20:48:46,2011-04-21 20:48:46
4146,664,768,2011-04-21 20:48:46,2011-04-21 20:48:46
4147,664,746,2011-04-21 20:48:46,2011-04-21 20:48:46
4148,664,816,2011-04-21 20:48:46,2011-04-21 20:48:46
4149,664,321,2011-04-21 20:48:46,2011-04-21 20:48:46
4150,664,876,2011-04-21 20:48:46,2011-04-21 20:48:46
4151,664,393,2011-04-21 20:48:47,2011-04-21 20:48:47
4152,664,383,2011-04-21 20:48:47,2011-04-21 20:48:47
4153,664,464,2011-04-21 20:48:47,2011-04-21 20:48:47
4154,664,110,2011-04-21 20:48:47,2011-04-21 20:48:47
4155,665,185,2011-04-21 20:48:47,2011-04-21 20:48:47
4156,665,219,2011-04-21 20:48:47,2011-04-21 20:48:47
4158,665,358,2011-04-21 20:48:47,2011-04-21 20:48:47
4159,665,396,2011-04-21 20:48:47,2011-04-21 20:48:47
4160,665,464,2011-04-21 20:48:47,2011-04-21 20:48:47
4161,665,556,2011-04-21 20:48:47,2011-04-21 20:48:47
4162,665,715,2011-04-21 20:48:47,2011-04-21 20:48:47
4163,665,862,2011-04-21 20:48:47,2011-04-21 20:48:47
4164,665,915,2011-04-21 20:48:47,2011-04-21 20:48:47
4165,665,261,2011-04-21 20:48:47,2011-04-21 20:48:47
4166,665,417,2011-04-21 20:48:47,2011-04-21 20:48:47
4167,665,629,2011-04-21 20:48:47,2011-04-21 20:48:47
4168,665,768,2011-04-21 20:48:47,2011-04-21 20:48:47
4169,666,371,2011-04-21 20:48:47,2011-04-21 20:48:47
4170,667,45,2011-04-21 20:48:47,2011-04-21 20:48:47
4171,667,131,2011-04-21 20:48:47,2011-04-21 20:48:47
4172,667,212,2011-04-21 20:48:47,2011-04-21 20:48:47
4173,667,313,2011-04-21 20:48:47,2011-04-21 20:48:47
4174,667,339,2011-04-21 20:48:47,2011-04-21 20:48:47
4175,667,373,2011-04-21 20:48:47,2011-04-21 20:48:47
4176,667,397,2011-04-21 20:48:47,2011-04-21 20:48:47
4177,667,406,2011-04-21 20:48:47,2011-04-21 20:48:47
4178,667,531,2011-04-21 20:48:47,2011-04-21 20:48:47
4179,667,573,2011-04-21 20:48:47,2011-04-21 20:48:47
4180,667,619,2011-04-21 20:48:47,2011-04-21 20:48:47
4181,667,733,2011-04-21 20:48:47,2011-04-21 20:48:47
4182,667,804,2011-04-21 20:48:47,2011-04-21 20:48:47
4183,667,185,2011-04-21 20:48:47,2011-04-21 20:48:47
4184,667,219,2011-04-21 20:48:47,2011-04-21 20:48:47
4186,667,358,2011-04-21 20:48:47,2011-04-21 20:48:47
4187,667,396,2011-04-21 20:48:47,2011-04-21 20:48:47
4188,667,464,2011-04-21 20:48:47,2011-04-21 20:48:47
4189,667,556,2011-04-21 20:48:47,2011-04-21 20:48:47
4190,667,715,2011-04-21 20:48:47,2011-04-21 20:48:47
4191,667,862,2011-04-21 20:48:47,2011-04-21 20:48:47
4192,667,915,2011-04-21 20:48:48,2011-04-21 20:48:48
4193,667,261,2011-04-21 20:48:48,2011-04-21 20:48:48
4194,667,417,2011-04-21 20:48:48,2011-04-21 20:48:48
4195,667,629,2011-04-21 20:48:48,2011-04-21 20:48:48
4196,667,768,2011-04-21 20:48:48,2011-04-21 20:48:48
4197,668,111,2011-04-21 20:48:48,2011-04-21 20:48:48
4198,668,180,2011-04-21 20:48:48,2011-04-21 20:48:48
4199,668,534,2011-04-21 20:48:48,2011-04-21 20:48:48
4200,668,574,2011-04-21 20:48:48,2011-04-21 20:48:48
4201,668,578,2011-04-21 20:48:48,2011-04-21 20:48:48
4202,668,688,2011-04-21 20:48:48,2011-04-21 20:48:48
4203,668,801,2011-04-21 20:48:48,2011-04-21 20:48:48
4204,668,649,2011-04-21 20:48:48,2011-04-21 20:48:48
4205,668,58,2011-04-21 20:48:48,2011-04-21 20:48:48
4206,668,401,2011-04-21 20:48:48,2011-04-21 20:48:48
4207,670,381,2011-04-21 20:48:48,2011-04-21 20:48:48
4208,670,277,2011-04-21 20:48:48,2011-04-21 20:48:48
4209,670,817,2011-04-21 20:48:48,2011-04-21 20:48:48
4210,670,602,2011-04-21 20:48:48,2011-04-21 20:48:48
4211,670,649,2011-04-21 20:48:48,2011-04-21 20:48:48
4212,670,58,2011-04-21 20:48:48,2011-04-21 20:48:48
4213,670,401,2011-04-21 20:48:48,2011-04-21 20:48:48
4214,673,261,2011-04-21 20:48:48,2011-04-21 20:48:48
4215,673,417,2011-04-21 20:48:48,2011-04-21 20:48:48
4216,673,629,2011-04-21 20:48:48,2011-04-21 20:48:48
4217,673,768,2011-04-21 20:48:48,2011-04-21 20:48:48
4218,674,417,2011-04-21 20:48:49,2011-04-21 20:48:49
4219,674,629,2011-04-21 20:48:49,2011-04-21 20:48:49
4220,674,714,2011-04-21 20:48:49,2011-04-21 20:48:49
4221,674,336,2011-04-21 20:48:49,2011-04-21 20:48:49
4222,675,263,2011-04-21 20:48:49,2011-04-21 20:48:49
4223,676,725,2011-04-21 20:48:49,2011-04-21 20:48:49
4224,676,540,2011-04-21 20:48:49,2011-04-21 20:48:49
4225,676,84,2011-04-21 20:48:49,2011-04-21 20:48:49
4226,676,859,2011-04-21 20:48:49,2011-04-21 20:48:49
4227,676,618,2011-04-21 20:48:49,2011-04-21 20:48:49
4228,676,218,2011-04-21 20:48:49,2011-04-21 20:48:49
4229,676,834,2011-04-21 20:48:50,2011-04-21 20:48:50
4230,676,574,2011-04-21 20:48:50,2011-04-21 20:48:50
4231,676,474,2011-04-21 20:48:50,2011-04-21 20:48:50
4232,676,284,2011-04-21 20:48:50,2011-04-21 20:48:50
4233,676,222,2011-04-21 20:48:50,2011-04-21 20:48:50
4234,676,98,2011-04-21 20:48:50,2011-04-21 20:48:50
4235,676,239,2011-04-21 20:48:50,2011-04-21 20:48:50
4236,676,362,2011-04-21 20:48:50,2011-04-21 20:48:50
4237,676,444,2011-04-21 20:48:50,2011-04-21 20:48:50
4238,676,805,2011-04-21 20:48:50,2011-04-21 20:48:50
4239,676,728,2011-04-21 20:48:50,2011-04-21 20:48:50
4240,676,115,2011-04-21 20:48:50,2011-04-21 20:48:50
4241,676,635,2011-04-21 20:48:50,2011-04-21 20:48:50
4242,676,588,2011-04-21 20:48:50,2011-04-21 20:48:50
4243,676,439,2011-04-21 20:48:50,2011-04-21 20:48:50
4244,676,408,2011-04-21 20:48:50,2011-04-21 20:48:50
4245,676,271,2011-04-21 20:48:50,2011-04-21 20:48:50
4246,676,847,2011-04-21 20:48:50,2011-04-21 20:48:50
4247,677,725,2011-04-21 20:48:51,2011-04-21 20:48:51
4248,677,540,2011-04-21 20:48:51,2011-04-21 20:48:51
4249,677,84,2011-04-21 20:48:51,2011-04-21 20:48:51
4250,677,859,2011-04-21 20:48:51,2011-04-21 20:48:51
4251,677,618,2011-04-21 20:48:51,2011-04-21 20:48:51
4252,677,218,2011-04-21 20:48:51,2011-04-21 20:48:51
4253,677,834,2011-04-21 20:48:51,2011-04-21 20:48:51
4254,677,574,2011-04-21 20:48:51,2011-04-21 20:48:51
4255,677,474,2011-04-21 20:48:51,2011-04-21 20:48:51
4256,677,284,2011-04-21 20:48:51,2011-04-21 20:48:51
4257,677,222,2011-04-21 20:48:51,2011-04-21 20:48:51
4258,677,98,2011-04-21 20:48:51,2011-04-21 20:48:51
4259,677,239,2011-04-21 20:48:51,2011-04-21 20:48:51
4260,677,362,2011-04-21 20:48:51,2011-04-21 20:48:51
4261,677,444,2011-04-21 20:48:51,2011-04-21 20:48:51
4262,677,805,2011-04-21 20:48:51,2011-04-21 20:48:51
4263,677,728,2011-04-21 20:48:51,2011-04-21 20:48:51
4264,677,115,2011-04-21 20:48:51,2011-04-21 20:48:51
4265,677,635,2011-04-21 20:48:51,2011-04-21 20:48:51
4266,677,588,2011-04-21 20:48:51,2011-04-21 20:48:51
4267,677,439,2011-04-21 20:48:51,2011-04-21 20:48:51
4268,677,408,2011-04-21 20:48:51,2011-04-21 20:48:51
4269,677,271,2011-04-21 20:48:51,2011-04-21 20:48:51
4270,677,847,2011-04-21 20:48:51,2011-04-21 20:48:51
4271,678,45,2011-04-21 20:48:51,2011-04-21 20:48:51
4272,678,131,2011-04-21 20:48:51,2011-04-21 20:48:51
4273,678,212,2011-04-21 20:48:51,2011-04-21 20:48:51
4274,678,313,2011-04-21 20:48:51,2011-04-21 20:48:51
4275,678,339,2011-04-21 20:48:51,2011-04-21 20:48:51
4276,678,373,2011-04-21 20:48:51,2011-04-21 20:48:51
4277,678,397,2011-04-21 20:48:51,2011-04-21 20:48:51
4278,678,406,2011-04-21 20:48:51,2011-04-21 20:48:51
4279,678,531,2011-04-21 20:48:51,2011-04-21 20:48:51
4280,678,573,2011-04-21 20:48:51,2011-04-21 20:48:51
4281,678,619,2011-04-21 20:48:51,2011-04-21 20:48:51
4282,678,733,2011-04-21 20:48:51,2011-04-21 20:48:51
4283,678,804,2011-04-21 20:48:51,2011-04-21 20:48:51
4284,678,185,2011-04-21 20:48:52,2011-04-21 20:48:52
4285,678,219,2011-04-21 20:48:52,2011-04-21 20:48:52
4287,678,358,2011-04-21 20:48:52,2011-04-21 20:48:52
4288,678,396,2011-04-21 20:48:52,2011-04-21 20:48:52
4289,678,464,2011-04-21 20:48:52,2011-04-21 20:48:52
4290,678,556,2011-04-21 20:48:52,2011-04-21 20:48:52
4291,678,715,2011-04-21 20:48:52,2011-04-21 20:48:52
4292,678,862,2011-04-21 20:48:52,2011-04-21 20:48:52
4293,678,915,2011-04-21 20:48:52,2011-04-21 20:48:52
4294,678,168,2011-04-21 20:48:52,2011-04-21 20:48:52
4295,678,98,2011-04-21 20:48:52,2011-04-21 20:48:52
4296,678,927,2011-04-21 20:48:52,2011-04-21 20:48:52
4297,678,797,2011-04-21 20:48:52,2011-04-21 20:48:52
4298,678,728,2011-04-21 20:48:52,2011-04-21 20:48:52
4299,678,635,2011-04-21 20:48:52,2011-04-21 20:48:52
4300,681,261,2011-04-21 20:48:52,2011-04-21 20:48:52
4301,681,417,2011-04-21 20:48:52,2011-04-21 20:48:52
4302,681,629,2011-04-21 20:48:52,2011-04-21 20:48:52
4303,681,768,2011-04-21 20:48:52,2011-04-21 20:48:52
4304,683,891,2011-04-21 20:48:52,2011-04-21 20:48:52
4305,683,917,2011-04-21 20:48:52,2011-04-21 20:48:52
4306,683,64,2011-04-21 20:48:52,2011-04-21 20:48:52
4307,683,267,2011-04-21 20:48:52,2011-04-21 20:48:52
4308,683,788,2011-04-21 20:48:52,2011-04-21 20:48:52
4309,683,675,2011-04-21 20:48:52,2011-04-21 20:48:52
4310,683,305,2011-04-21 20:48:52,2011-04-21 20:48:52
4311,683,738,2011-04-21 20:48:52,2011-04-21 20:48:52
4312,683,495,2011-04-21 20:48:52,2011-04-21 20:48:52
4313,686,891,2011-04-21 20:48:53,2011-04-21 20:48:53
4314,686,917,2011-04-21 20:48:53,2011-04-21 20:48:53
4315,686,64,2011-04-21 20:48:53,2011-04-21 20:48:53
4316,686,267,2011-04-21 20:48:53,2011-04-21 20:48:53
4317,686,788,2011-04-21 20:48:53,2011-04-21 20:48:53
4318,686,675,2011-04-21 20:48:53,2011-04-21 20:48:53
4319,686,305,2011-04-21 20:48:53,2011-04-21 20:48:53
4320,686,738,2011-04-21 20:48:53,2011-04-21 20:48:53
4321,686,495,2011-04-21 20:48:53,2011-04-21 20:48:53
4322,686,201,2011-04-21 20:48:53,2011-04-21 20:48:53
4323,686,536,2011-04-21 20:48:53,2011-04-21 20:48:53
4324,686,609,2011-04-21 20:48:53,2011-04-21 20:48:53
4325,686,834,2011-04-21 20:48:53,2011-04-21 20:48:53
4326,689,646,2011-04-21 20:48:54,2011-04-21 20:48:54
4327,689,381,2011-04-21 20:48:54,2011-04-21 20:48:54
4328,689,42,2011-04-21 20:48:54,2011-04-21 20:48:54
4329,689,129,2011-04-21 20:48:54,2011-04-21 20:48:54
4330,690,646,2011-04-21 20:48:54,2011-04-21 20:48:54
4331,690,381,2011-04-21 20:48:54,2011-04-21 20:48:54
4332,690,42,2011-04-21 20:48:54,2011-04-21 20:48:54
4333,690,129,2011-04-21 20:48:54,2011-04-21 20:48:54
4334,691,646,2011-04-21 20:48:54,2011-04-21 20:48:54
4335,691,381,2011-04-21 20:48:54,2011-04-21 20:48:54
4336,691,42,2011-04-21 20:48:54,2011-04-21 20:48:54
4337,691,129,2011-04-21 20:48:54,2011-04-21 20:48:54
4338,693,171,2011-04-21 20:48:54,2011-04-21 20:48:54
4339,693,201,2011-04-21 20:48:54,2011-04-21 20:48:54
4340,693,536,2011-04-21 20:48:54,2011-04-21 20:48:54
4341,693,609,2011-04-21 20:48:54,2011-04-21 20:48:54
4342,693,834,2011-04-21 20:48:54,2011-04-21 20:48:54
4343,694,45,2011-04-21 20:48:54,2011-04-21 20:48:54
4344,694,131,2011-04-21 20:48:54,2011-04-21 20:48:54
4345,694,212,2011-04-21 20:48:54,2011-04-21 20:48:54
4346,694,313,2011-04-21 20:48:54,2011-04-21 20:48:54
4347,694,339,2011-04-21 20:48:54,2011-04-21 20:48:54
4348,694,373,2011-04-21 20:48:54,2011-04-21 20:48:54
4349,694,397,2011-04-21 20:48:54,2011-04-21 20:48:54
4350,694,406,2011-04-21 20:48:54,2011-04-21 20:48:54
4351,694,531,2011-04-21 20:48:54,2011-04-21 20:48:54
4352,694,573,2011-04-21 20:48:54,2011-04-21 20:48:54
4353,694,619,2011-04-21 20:48:54,2011-04-21 20:48:54
4354,694,733,2011-04-21 20:48:54,2011-04-21 20:48:54
4355,694,804,2011-04-21 20:48:54,2011-04-21 20:48:54
4356,694,927,2011-04-21 20:48:54,2011-04-21 20:48:54
4357,694,797,2011-04-21 20:48:54,2011-04-21 20:48:54
4358,694,746,2011-04-21 20:48:54,2011-04-21 20:48:54
4359,697,381,2011-04-21 20:48:54,2011-04-21 20:48:54
4360,697,277,2011-04-21 20:48:55,2011-04-21 20:48:55
4361,697,817,2011-04-21 20:48:55,2011-04-21 20:48:55
4362,698,192,2011-04-21 20:48:55,2011-04-21 20:48:55
4363,698,632,2011-04-21 20:48:55,2011-04-21 20:48:55
4364,698,832,2011-04-21 20:48:55,2011-04-21 20:48:55
4365,698,927,2011-04-21 20:48:55,2011-04-21 20:48:55
4366,698,797,2011-04-21 20:48:55,2011-04-21 20:48:55
4367,698,185,2011-04-21 20:48:55,2011-04-21 20:48:55
4368,698,219,2011-04-21 20:48:55,2011-04-21 20:48:55
4370,698,358,2011-04-21 20:48:55,2011-04-21 20:48:55
4371,698,396,2011-04-21 20:48:55,2011-04-21 20:48:55
4372,698,464,2011-04-21 20:48:55,2011-04-21 20:48:55
4373,698,556,2011-04-21 20:48:55,2011-04-21 20:48:55
4374,698,715,2011-04-21 20:48:55,2011-04-21 20:48:55
4375,698,862,2011-04-21 20:48:55,2011-04-21 20:48:55
4376,698,915,2011-04-21 20:48:55,2011-04-21 20:48:55
4377,700,45,2011-04-21 20:48:56,2011-04-21 20:48:56
4378,700,131,2011-04-21 20:48:56,2011-04-21 20:48:56
4379,700,212,2011-04-21 20:48:56,2011-04-21 20:48:56
4380,700,313,2011-04-21 20:48:56,2011-04-21 20:48:56
4381,700,339,2011-04-21 20:48:56,2011-04-21 20:48:56
4382,700,373,2011-04-21 20:48:56,2011-04-21 20:48:56
4383,700,397,2011-04-21 20:48:56,2011-04-21 20:48:56
4384,700,406,2011-04-21 20:48:56,2011-04-21 20:48:56
4385,700,531,2011-04-21 20:48:56,2011-04-21 20:48:56
4386,700,573,2011-04-21 20:48:56,2011-04-21 20:48:56
4387,700,619,2011-04-21 20:48:56,2011-04-21 20:48:56
4388,700,733,2011-04-21 20:48:56,2011-04-21 20:48:56
4389,700,804,2011-04-21 20:48:56,2011-04-21 20:48:56
4390,701,577,2011-04-21 20:48:56,2011-04-21 20:48:56
4391,701,45,2011-04-21 20:48:56,2011-04-21 20:48:56
4392,701,131,2011-04-21 20:48:56,2011-04-21 20:48:56
4393,701,212,2011-04-21 20:48:56,2011-04-21 20:48:56
4394,701,313,2011-04-21 20:48:56,2011-04-21 20:48:56
4395,701,339,2011-04-21 20:48:56,2011-04-21 20:48:56
4396,701,373,2011-04-21 20:48:56,2011-04-21 20:48:56
4397,701,397,2011-04-21 20:48:56,2011-04-21 20:48:56
4398,701,406,2011-04-21 20:48:56,2011-04-21 20:48:56
4399,701,531,2011-04-21 20:48:56,2011-04-21 20:48:56
4400,701,573,2011-04-21 20:48:56,2011-04-21 20:48:56
4401,701,619,2011-04-21 20:48:56,2011-04-21 20:48:56
4402,701,733,2011-04-21 20:48:56,2011-04-21 20:48:56
4403,701,804,2011-04-21 20:48:56,2011-04-21 20:48:56
4404,702,185,2011-04-21 20:48:56,2011-04-21 20:48:56
4405,702,219,2011-04-21 20:48:56,2011-04-21 20:48:56
4407,702,358,2011-04-21 20:48:56,2011-04-21 20:48:56
4408,702,396,2011-04-21 20:48:56,2011-04-21 20:48:56
4409,702,464,2011-04-21 20:48:57,2011-04-21 20:48:57
4410,702,556,2011-04-21 20:48:57,2011-04-21 20:48:57
4411,702,715,2011-04-21 20:48:57,2011-04-21 20:48:57
4412,702,862,2011-04-21 20:48:57,2011-04-21 20:48:57
4413,702,915,2011-04-21 20:48:57,2011-04-21 20:48:57
4414,703,185,2011-04-21 20:48:57,2011-04-21 20:48:57
4415,703,219,2011-04-21 20:48:57,2011-04-21 20:48:57
4417,703,358,2011-04-21 20:48:57,2011-04-21 20:48:57
4418,703,396,2011-04-21 20:48:57,2011-04-21 20:48:57
4419,703,464,2011-04-21 20:48:57,2011-04-21 20:48:57
4420,703,556,2011-04-21 20:48:57,2011-04-21 20:48:57
4421,703,715,2011-04-21 20:48:57,2011-04-21 20:48:57
4422,703,862,2011-04-21 20:48:57,2011-04-21 20:48:57
4423,703,915,2011-04-21 20:48:57,2011-04-21 20:48:57
4425,704,417,2011-04-21 20:48:57,2011-04-21 20:48:57
4426,704,629,2011-04-21 20:48:57,2011-04-21 20:48:57
4427,704,768,2011-04-21 20:48:57,2011-04-21 20:48:57
4428,704,393,2011-04-21 20:48:57,2011-04-21 20:48:57
4429,704,876,2011-04-21 20:48:57,2011-04-21 20:48:57
4430,704,175,2011-04-21 20:48:57,2011-04-21 20:48:57
4431,704,570,2011-04-21 20:48:57,2011-04-21 20:48:57
4432,704,277,2011-04-21 20:48:57,2011-04-21 20:48:57
4433,704,902,2011-04-21 20:48:57,2011-04-21 20:48:57
4434,704,44,2011-04-21 20:48:57,2011-04-21 20:48:57
4435,704,817,2011-04-21 20:48:58,2011-04-21 20:48:58
4436,704,683,2011-04-21 20:48:58,2011-04-21 20:48:58
4437,704,142,2011-04-21 20:48:58,2011-04-21 20:48:58
4438,704,37,2011-04-21 20:48:58,2011-04-21 20:48:58
4439,705,891,2011-04-21 20:48:58,2011-04-21 20:48:58
4440,705,917,2011-04-21 20:48:58,2011-04-21 20:48:58
4441,705,64,2011-04-21 20:48:58,2011-04-21 20:48:58
4442,705,267,2011-04-21 20:48:58,2011-04-21 20:48:58
4443,705,788,2011-04-21 20:48:58,2011-04-21 20:48:58
4444,705,675,2011-04-21 20:48:58,2011-04-21 20:48:58
4445,706,45,2011-04-21 20:48:58,2011-04-21 20:48:58
4446,706,131,2011-04-21 20:48:58,2011-04-21 20:48:58
4447,706,212,2011-04-21 20:48:58,2011-04-21 20:48:58
4448,706,313,2011-04-21 20:48:58,2011-04-21 20:48:58
4449,706,339,2011-04-21 20:48:58,2011-04-21 20:48:58
4450,706,373,2011-04-21 20:48:58,2011-04-21 20:48:58
4451,706,397,2011-04-21 20:48:58,2011-04-21 20:48:58
4452,706,406,2011-04-21 20:48:58,2011-04-21 20:48:58
4453,706,531,2011-04-21 20:48:58,2011-04-21 20:48:58
4454,706,573,2011-04-21 20:48:58,2011-04-21 20:48:58
4455,706,619,2011-04-21 20:48:58,2011-04-21 20:48:58
4456,706,733,2011-04-21 20:48:58,2011-04-21 20:48:58
4457,706,804,2011-04-21 20:48:58,2011-04-21 20:48:58
4458,707,628,2011-04-21 20:48:58,2011-04-21 20:48:58
4459,707,371,2011-04-21 20:48:59,2011-04-21 20:48:59
4460,707,577,2011-04-21 20:48:59,2011-04-21 20:48:59
4461,707,277,2011-04-21 20:48:59,2011-04-21 20:48:59
4462,707,622,2011-04-21 20:48:59,2011-04-21 20:48:59
4463,709,45,2011-04-21 20:48:59,2011-04-21 20:48:59
4464,709,131,2011-04-21 20:48:59,2011-04-21 20:48:59
4465,709,212,2011-04-21 20:48:59,2011-04-21 20:48:59
4466,709,313,2011-04-21 20:48:59,2011-04-21 20:48:59
4467,709,339,2011-04-21 20:48:59,2011-04-21 20:48:59
4468,709,373,2011-04-21 20:48:59,2011-04-21 20:48:59
4469,709,397,2011-04-21 20:48:59,2011-04-21 20:48:59
4470,709,406,2011-04-21 20:48:59,2011-04-21 20:48:59
4471,709,531,2011-04-21 20:48:59,2011-04-21 20:48:59
4472,709,573,2011-04-21 20:48:59,2011-04-21 20:48:59
4473,709,619,2011-04-21 20:48:59,2011-04-21 20:48:59
4474,709,733,2011-04-21 20:48:59,2011-04-21 20:48:59
4475,709,804,2011-04-21 20:48:59,2011-04-21 20:48:59
4476,710,45,2011-04-21 20:48:59,2011-04-21 20:48:59
4477,710,131,2011-04-21 20:48:59,2011-04-21 20:48:59
4478,710,212,2011-04-21 20:48:59,2011-04-21 20:48:59
4479,710,313,2011-04-21 20:48:59,2011-04-21 20:48:59
4480,710,339,2011-04-21 20:48:59,2011-04-21 20:48:59
4481,710,373,2011-04-21 20:48:59,2011-04-21 20:48:59
4482,710,397,2011-04-21 20:48:59,2011-04-21 20:48:59
4483,710,406,2011-04-21 20:48:59,2011-04-21 20:48:59
4484,710,531,2011-04-21 20:48:59,2011-04-21 20:48:59
4485,710,573,2011-04-21 20:48:59,2011-04-21 20:48:59
4486,710,619,2011-04-21 20:48:59,2011-04-21 20:48:59
4487,710,733,2011-04-21 20:48:59,2011-04-21 20:48:59
4488,710,804,2011-04-21 20:48:59,2011-04-21 20:48:59
4489,710,261,2011-04-21 20:48:59,2011-04-21 20:48:59
4490,710,417,2011-04-21 20:48:59,2011-04-21 20:48:59
4491,710,629,2011-04-21 20:48:59,2011-04-21 20:48:59
4492,710,768,2011-04-21 20:48:59,2011-04-21 20:48:59
4493,716,818,2011-04-21 20:49:00,2011-04-21 20:49:00
4494,717,891,2011-04-21 20:49:00,2011-04-21 20:49:00
4495,717,917,2011-04-21 20:49:00,2011-04-21 20:49:00
4496,717,64,2011-04-21 20:49:00,2011-04-21 20:49:00
4497,717,267,2011-04-21 20:49:00,2011-04-21 20:49:00
4498,717,788,2011-04-21 20:49:00,2011-04-21 20:49:00
4499,717,675,2011-04-21 20:49:00,2011-04-21 20:49:00
4500,717,201,2011-04-21 20:49:00,2011-04-21 20:49:00
4501,717,536,2011-04-21 20:49:00,2011-04-21 20:49:00
4502,717,609,2011-04-21 20:49:00,2011-04-21 20:49:00
4503,717,834,2011-04-21 20:49:00,2011-04-21 20:49:00
4504,723,45,2011-04-21 20:49:00,2011-04-21 20:49:00
4505,723,131,2011-04-21 20:49:00,2011-04-21 20:49:00
4506,723,212,2011-04-21 20:49:00,2011-04-21 20:49:00
4507,723,313,2011-04-21 20:49:01,2011-04-21 20:49:01
4508,723,339,2011-04-21 20:49:01,2011-04-21 20:49:01
4509,723,373,2011-04-21 20:49:01,2011-04-21 20:49:01
4510,723,397,2011-04-21 20:49:01,2011-04-21 20:49:01
4511,723,406,2011-04-21 20:49:01,2011-04-21 20:49:01
4512,723,531,2011-04-21 20:49:01,2011-04-21 20:49:01
4513,723,573,2011-04-21 20:49:01,2011-04-21 20:49:01
4514,723,619,2011-04-21 20:49:01,2011-04-21 20:49:01
4515,723,733,2011-04-21 20:49:01,2011-04-21 20:49:01
4516,723,804,2011-04-21 20:49:01,2011-04-21 20:49:01
4517,723,261,2011-04-21 20:49:01,2011-04-21 20:49:01
4518,723,417,2011-04-21 20:49:01,2011-04-21 20:49:01
4519,723,629,2011-04-21 20:49:01,2011-04-21 20:49:01
4520,723,768,2011-04-21 20:49:01,2011-04-21 20:49:01
4521,731,336,2011-04-21 20:49:02,2011-04-21 20:49:02
4522,731,714,2011-04-21 20:49:02,2011-04-21 20:49:02
4523,732,891,2011-04-21 20:49:02,2011-04-21 20:49:02
4524,732,917,2011-04-21 20:49:02,2011-04-21 20:49:02
4525,732,64,2011-04-21 20:49:02,2011-04-21 20:49:02
4526,732,267,2011-04-21 20:49:02,2011-04-21 20:49:02
4527,732,788,2011-04-21 20:49:03,2011-04-21 20:49:03
4528,732,675,2011-04-21 20:49:03,2011-04-21 20:49:03
4529,732,201,2011-04-21 20:49:03,2011-04-21 20:49:03
4530,732,536,2011-04-21 20:49:03,2011-04-21 20:49:03
4531,732,609,2011-04-21 20:49:03,2011-04-21 20:49:03
4532,732,834,2011-04-21 20:49:03,2011-04-21 20:49:03
4533,808,45,2011-04-21 20:49:03,2011-04-21 20:49:03
4534,808,131,2011-04-21 20:49:03,2011-04-21 20:49:03
4535,808,212,2011-04-21 20:49:03,2011-04-21 20:49:03
4536,808,313,2011-04-21 20:49:03,2011-04-21 20:49:03
4537,808,339,2011-04-21 20:49:03,2011-04-21 20:49:03
4538,808,373,2011-04-21 20:49:03,2011-04-21 20:49:03
4539,808,397,2011-04-21 20:49:03,2011-04-21 20:49:03
4540,808,406,2011-04-21 20:49:03,2011-04-21 20:49:03
4541,808,531,2011-04-21 20:49:03,2011-04-21 20:49:03
4542,808,573,2011-04-21 20:49:03,2011-04-21 20:49:03
4543,808,619,2011-04-21 20:49:03,2011-04-21 20:49:03
4544,808,733,2011-04-21 20:49:03,2011-04-21 20:49:03
4545,808,804,2011-04-21 20:49:03,2011-04-21 20:49:03
4546,808,261,2011-04-21 20:49:03,2011-04-21 20:49:03
4547,808,417,2011-04-21 20:49:03,2011-04-21 20:49:03
4548,808,629,2011-04-21 20:49:03,2011-04-21 20:49:03
4549,808,768,2011-04-21 20:49:03,2011-04-21 20:49:03
4550,740,261,2011-04-21 20:49:04,2011-04-21 20:49:04
4551,740,417,2011-04-21 20:49:04,2011-04-21 20:49:04
4552,740,629,2011-04-21 20:49:04,2011-04-21 20:49:04
4553,740,768,2011-04-21 20:49:04,2011-04-21 20:49:04
4554,740,185,2011-04-21 20:49:04,2011-04-21 20:49:04
4555,740,219,2011-04-21 20:49:04,2011-04-21 20:49:04
4557,740,358,2011-04-21 20:49:04,2011-04-21 20:49:04
4558,740,396,2011-04-21 20:49:04,2011-04-21 20:49:04
4559,740,464,2011-04-21 20:49:04,2011-04-21 20:49:04
4560,740,556,2011-04-21 20:49:04,2011-04-21 20:49:04
4561,740,715,2011-04-21 20:49:04,2011-04-21 20:49:04
4562,740,862,2011-04-21 20:49:04,2011-04-21 20:49:04
4563,740,915,2011-04-21 20:49:04,2011-04-21 20:49:04
4564,741,746,2011-04-21 20:49:04,2011-04-21 20:49:04
4565,741,816,2011-04-21 20:49:04,2011-04-21 20:49:04
4566,741,321,2011-04-21 20:49:04,2011-04-21 20:49:04
4567,741,876,2011-04-21 20:49:04,2011-04-21 20:49:04
4568,741,393,2011-04-21 20:49:04,2011-04-21 20:49:04
4569,741,469,2011-04-21 20:49:04,2011-04-21 20:49:04
4570,743,817,2011-04-21 20:49:04,2011-04-21 20:49:04
4571,779,817,2011-04-21 20:49:04,2011-04-21 20:49:04
4572,743,371,2011-04-21 20:49:04,2011-04-21 20:49:04
4573,779,371,2011-04-21 20:49:04,2011-04-21 20:49:04
4574,743,628,2011-04-21 20:49:04,2011-04-21 20:49:04
4575,779,628,2011-04-21 20:49:04,2011-04-21 20:49:04
4576,744,927,2011-04-21 20:49:04,2011-04-21 20:49:04
4577,744,376,2011-04-21 20:49:04,2011-04-21 20:49:04
4578,744,27,2011-04-21 20:49:05,2011-04-21 20:49:05
4579,744,869,2011-04-21 20:49:05,2011-04-21 20:49:05
4580,744,741,2011-04-21 20:49:05,2011-04-21 20:49:05
4581,744,639,2011-04-21 20:49:05,2011-04-21 20:49:05
4582,744,261,2011-04-21 20:49:05,2011-04-21 20:49:05
4583,744,538,2011-04-21 20:49:05,2011-04-21 20:49:05
4584,744,786,2011-04-21 20:49:05,2011-04-21 20:49:05
4585,745,566,2011-04-21 20:49:05,2011-04-21 20:49:05
4586,745,824,2011-04-21 20:49:05,2011-04-21 20:49:05
4587,745,485,2011-04-21 20:49:05,2011-04-21 20:49:05
4588,745,565,2011-04-21 20:49:05,2011-04-21 20:49:05
4589,745,493,2011-04-21 20:49:05,2011-04-21 20:49:05
4590,745,301,2011-04-21 20:49:05,2011-04-21 20:49:05
4591,745,55,2011-04-21 20:49:06,2011-04-21 20:49:06
4592,745,189,2011-04-21 20:49:06,2011-04-21 20:49:06
4593,747,261,2011-04-21 20:49:06,2011-04-21 20:49:06
4594,747,417,2011-04-21 20:49:06,2011-04-21 20:49:06
4595,747,629,2011-04-21 20:49:06,2011-04-21 20:49:06
4596,747,768,2011-04-21 20:49:06,2011-04-21 20:49:06
4597,748,927,2011-04-21 20:49:06,2011-04-21 20:49:06
4598,749,201,2011-04-21 20:49:06,2011-04-21 20:49:06
4599,749,536,2011-04-21 20:49:06,2011-04-21 20:49:06
4600,749,609,2011-04-21 20:49:06,2011-04-21 20:49:06
4601,749,834,2011-04-21 20:49:06,2011-04-21 20:49:06
4602,749,98,2011-04-21 20:49:06,2011-04-21 20:49:06
4603,749,168,2011-04-21 20:49:06,2011-04-21 20:49:06
4604,749,643,2011-04-21 20:49:06,2011-04-21 20:49:06
4605,749,203,2011-04-21 20:49:06,2011-04-21 20:49:06
4606,749,123,2011-04-21 20:49:06,2011-04-21 20:49:06
4607,749,286,2011-04-21 20:49:06,2011-04-21 20:49:06
4608,749,849,2011-04-21 20:49:06,2011-04-21 20:49:06
4609,749,228,2011-04-21 20:49:06,2011-04-21 20:49:06
4610,749,616,2011-04-21 20:49:06,2011-04-21 20:49:06
4611,749,681,2011-04-21 20:49:06,2011-04-21 20:49:06
4612,749,104,2011-04-21 20:49:06,2011-04-21 20:49:06
4613,749,924,2011-04-21 20:49:06,2011-04-21 20:49:06
4614,749,363,2011-04-21 20:49:06,2011-04-21 20:49:06
4615,749,221,2011-04-21 20:49:07,2011-04-21 20:49:07
4616,750,201,2011-04-21 20:49:07,2011-04-21 20:49:07
4617,750,536,2011-04-21 20:49:07,2011-04-21 20:49:07
4618,750,609,2011-04-21 20:49:07,2011-04-21 20:49:07
4619,750,834,2011-04-21 20:49:07,2011-04-21 20:49:07
4620,750,45,2011-04-21 20:49:07,2011-04-21 20:49:07
4621,750,131,2011-04-21 20:49:07,2011-04-21 20:49:07
4622,750,212,2011-04-21 20:49:07,2011-04-21 20:49:07
4623,750,313,2011-04-21 20:49:07,2011-04-21 20:49:07
4624,750,339,2011-04-21 20:49:07,2011-04-21 20:49:07
4625,750,373,2011-04-21 20:49:07,2011-04-21 20:49:07
4626,750,397,2011-04-21 20:49:07,2011-04-21 20:49:07
4627,750,406,2011-04-21 20:49:07,2011-04-21 20:49:07
4628,750,531,2011-04-21 20:49:07,2011-04-21 20:49:07
4629,750,573,2011-04-21 20:49:07,2011-04-21 20:49:07
4630,750,619,2011-04-21 20:49:07,2011-04-21 20:49:07
4631,750,733,2011-04-21 20:49:07,2011-04-21 20:49:07
4632,750,804,2011-04-21 20:49:07,2011-04-21 20:49:07
4633,751,45,2011-04-21 20:49:07,2011-04-21 20:49:07
4634,751,131,2011-04-21 20:49:07,2011-04-21 20:49:07
4635,751,212,2011-04-21 20:49:07,2011-04-21 20:49:07
4636,751,313,2011-04-21 20:49:07,2011-04-21 20:49:07
4637,751,339,2011-04-21 20:49:07,2011-04-21 20:49:07
4638,751,373,2011-04-21 20:49:08,2011-04-21 20:49:08
4639,751,397,2011-04-21 20:49:08,2011-04-21 20:49:08
4640,751,406,2011-04-21 20:49:08,2011-04-21 20:49:08
4641,751,531,2011-04-21 20:49:08,2011-04-21 20:49:08
4642,751,573,2011-04-21 20:49:08,2011-04-21 20:49:08
4643,751,619,2011-04-21 20:49:08,2011-04-21 20:49:08
4644,751,733,2011-04-21 20:49:08,2011-04-21 20:49:08
4645,751,804,2011-04-21 20:49:08,2011-04-21 20:49:08
4646,751,261,2011-04-21 20:49:08,2011-04-21 20:49:08
4647,751,417,2011-04-21 20:49:08,2011-04-21 20:49:08
4648,751,629,2011-04-21 20:49:08,2011-04-21 20:49:08
4649,751,768,2011-04-21 20:49:08,2011-04-21 20:49:08
4650,752,45,2011-04-21 20:49:08,2011-04-21 20:49:08
4651,752,131,2011-04-21 20:49:08,2011-04-21 20:49:08
4652,752,212,2011-04-21 20:49:08,2011-04-21 20:49:08
4653,752,313,2011-04-21 20:49:08,2011-04-21 20:49:08
4654,752,339,2011-04-21 20:49:08,2011-04-21 20:49:08
4655,752,373,2011-04-21 20:49:08,2011-04-21 20:49:08
4656,752,397,2011-04-21 20:49:08,2011-04-21 20:49:08
4657,752,406,2011-04-21 20:49:08,2011-04-21 20:49:08
4658,752,531,2011-04-21 20:49:08,2011-04-21 20:49:08
4659,752,573,2011-04-21 20:49:08,2011-04-21 20:49:08
4660,752,619,2011-04-21 20:49:08,2011-04-21 20:49:08
4661,752,733,2011-04-21 20:49:08,2011-04-21 20:49:08
4662,752,804,2011-04-21 20:49:08,2011-04-21 20:49:08
4663,752,261,2011-04-21 20:49:08,2011-04-21 20:49:08
4664,752,417,2011-04-21 20:49:08,2011-04-21 20:49:08
4665,752,629,2011-04-21 20:49:08,2011-04-21 20:49:08
4666,752,768,2011-04-21 20:49:08,2011-04-21 20:49:08
4667,757,45,2011-04-21 20:49:08,2011-04-21 20:49:08
4668,757,131,2011-04-21 20:49:08,2011-04-21 20:49:08
4669,757,212,2011-04-21 20:49:08,2011-04-21 20:49:08
4670,757,313,2011-04-21 20:49:08,2011-04-21 20:49:08
4671,757,339,2011-04-21 20:49:08,2011-04-21 20:49:08
4672,757,373,2011-04-21 20:49:08,2011-04-21 20:49:08
4673,757,397,2011-04-21 20:49:09,2011-04-21 20:49:09
4674,757,406,2011-04-21 20:49:09,2011-04-21 20:49:09
4675,757,531,2011-04-21 20:49:09,2011-04-21 20:49:09
4676,757,573,2011-04-21 20:49:09,2011-04-21 20:49:09
4677,757,619,2011-04-21 20:49:09,2011-04-21 20:49:09
4678,757,733,2011-04-21 20:49:09,2011-04-21 20:49:09
4679,757,804,2011-04-21 20:49:09,2011-04-21 20:49:09
4680,757,261,2011-04-21 20:49:09,2011-04-21 20:49:09
4681,757,417,2011-04-21 20:49:09,2011-04-21 20:49:09
4682,757,629,2011-04-21 20:49:09,2011-04-21 20:49:09
4683,757,768,2011-04-21 20:49:09,2011-04-21 20:49:09
4684,763,72,2011-04-21 20:49:09,2011-04-21 20:49:09
4685,763,145,2011-04-21 20:49:09,2011-04-21 20:49:09
4686,763,864,2011-04-21 20:49:09,2011-04-21 20:49:09
4687,763,5,2011-04-21 20:49:09,2011-04-21 20:49:09
4688,763,179,2011-04-21 20:49:09,2011-04-21 20:49:09
4689,763,92,2011-04-21 20:49:09,2011-04-21 20:49:09
4690,763,402,2011-04-21 20:49:09,2011-04-21 20:49:09
4691,763,33,2011-04-21 20:49:09,2011-04-21 20:49:09
4692,763,435,2011-04-21 20:49:09,2011-04-21 20:49:09
4693,763,85,2011-04-21 20:49:10,2011-04-21 20:49:10
4694,763,535,2011-04-21 20:49:10,2011-04-21 20:49:10
4695,763,445,2011-04-21 20:49:10,2011-04-21 20:49:10
4696,768,45,2011-04-21 20:49:11,2011-04-21 20:49:11
4697,768,131,2011-04-21 20:49:11,2011-04-21 20:49:11
4698,768,212,2011-04-21 20:49:11,2011-04-21 20:49:11
4699,768,313,2011-04-21 20:49:11,2011-04-21 20:49:11
4700,768,339,2011-04-21 20:49:11,2011-04-21 20:49:11
4701,768,373,2011-04-21 20:49:11,2011-04-21 20:49:11
4702,768,397,2011-04-21 20:49:11,2011-04-21 20:49:11
4703,768,406,2011-04-21 20:49:11,2011-04-21 20:49:11
4704,768,531,2011-04-21 20:49:11,2011-04-21 20:49:11
4705,768,573,2011-04-21 20:49:11,2011-04-21 20:49:11
4706,768,619,2011-04-21 20:49:11,2011-04-21 20:49:11
4707,768,733,2011-04-21 20:49:11,2011-04-21 20:49:11
4708,768,804,2011-04-21 20:49:12,2011-04-21 20:49:12
4710,768,417,2011-04-21 20:49:12,2011-04-21 20:49:12
4711,768,629,2011-04-21 20:49:12,2011-04-21 20:49:12
4712,768,768,2011-04-21 20:49:12,2011-04-21 20:49:12
4713,768,602,2011-04-21 20:49:12,2011-04-21 20:49:12
4714,768,714,2011-04-21 20:49:12,2011-04-21 20:49:12
4715,768,622,2011-04-21 20:49:12,2011-04-21 20:49:12
4716,768,577,2011-04-21 20:49:12,2011-04-21 20:49:12
4717,768,336,2011-04-21 20:49:12,2011-04-21 20:49:12
4718,769,185,2011-04-21 20:49:12,2011-04-21 20:49:12
4719,769,219,2011-04-21 20:49:12,2011-04-21 20:49:12
4721,769,358,2011-04-21 20:49:12,2011-04-21 20:49:12
4722,769,396,2011-04-21 20:49:12,2011-04-21 20:49:12
4723,769,464,2011-04-21 20:49:12,2011-04-21 20:49:12
4724,769,556,2011-04-21 20:49:12,2011-04-21 20:49:12
4725,769,715,2011-04-21 20:49:12,2011-04-21 20:49:12
4726,769,862,2011-04-21 20:49:12,2011-04-21 20:49:12
4727,769,915,2011-04-21 20:49:12,2011-04-21 20:49:12
4728,769,602,2011-04-21 20:49:12,2011-04-21 20:49:12
4729,769,714,2011-04-21 20:49:12,2011-04-21 20:49:12
4730,769,622,2011-04-21 20:49:12,2011-04-21 20:49:12
4731,769,577,2011-04-21 20:49:12,2011-04-21 20:49:12
4732,769,336,2011-04-21 20:49:12,2011-04-21 20:49:12
4733,769,261,2011-04-21 20:49:12,2011-04-21 20:49:12
4734,769,417,2011-04-21 20:49:12,2011-04-21 20:49:12
4735,769,629,2011-04-21 20:49:12,2011-04-21 20:49:12
4736,769,768,2011-04-21 20:49:12,2011-04-21 20:49:12
4737,770,185,2011-04-21 20:49:12,2011-04-21 20:49:12
4738,770,219,2011-04-21 20:49:12,2011-04-21 20:49:12
4740,770,358,2011-04-21 20:49:12,2011-04-21 20:49:12
4741,770,396,2011-04-21 20:49:12,2011-04-21 20:49:12
4742,770,464,2011-04-21 20:49:12,2011-04-21 20:49:12
4743,770,556,2011-04-21 20:49:12,2011-04-21 20:49:12
4744,770,715,2011-04-21 20:49:12,2011-04-21 20:49:12
4745,770,862,2011-04-21 20:49:12,2011-04-21 20:49:12
4746,770,915,2011-04-21 20:49:12,2011-04-21 20:49:12
4747,770,602,2011-04-21 20:49:12,2011-04-21 20:49:12
4748,770,714,2011-04-21 20:49:12,2011-04-21 20:49:12
4749,770,622,2011-04-21 20:49:12,2011-04-21 20:49:12
4750,770,577,2011-04-21 20:49:12,2011-04-21 20:49:12
4751,770,336,2011-04-21 20:49:12,2011-04-21 20:49:12
4752,770,261,2011-04-21 20:49:13,2011-04-21 20:49:13
4753,770,417,2011-04-21 20:49:13,2011-04-21 20:49:13
4754,770,629,2011-04-21 20:49:13,2011-04-21 20:49:13
4755,770,768,2011-04-21 20:49:13,2011-04-21 20:49:13
4756,771,185,2011-04-21 20:49:13,2011-04-21 20:49:13
4757,771,219,2011-04-21 20:49:13,2011-04-21 20:49:13
4759,771,358,2011-04-21 20:49:13,2011-04-21 20:49:13
4760,771,396,2011-04-21 20:49:13,2011-04-21 20:49:13
4761,771,464,2011-04-21 20:49:13,2011-04-21 20:49:13
4762,771,556,2011-04-21 20:49:13,2011-04-21 20:49:13
4763,771,715,2011-04-21 20:49:13,2011-04-21 20:49:13
4764,771,862,2011-04-21 20:49:13,2011-04-21 20:49:13
4765,771,915,2011-04-21 20:49:13,2011-04-21 20:49:13
4766,771,45,2011-04-21 20:49:13,2011-04-21 20:49:13
4767,771,131,2011-04-21 20:49:13,2011-04-21 20:49:13
4768,771,212,2011-04-21 20:49:13,2011-04-21 20:49:13
4769,771,313,2011-04-21 20:49:13,2011-04-21 20:49:13
4770,771,339,2011-04-21 20:49:13,2011-04-21 20:49:13
4771,771,373,2011-04-21 20:49:13,2011-04-21 20:49:13
4772,771,397,2011-04-21 20:49:13,2011-04-21 20:49:13
4773,771,406,2011-04-21 20:49:13,2011-04-21 20:49:13
4774,771,531,2011-04-21 20:49:13,2011-04-21 20:49:13
4775,771,573,2011-04-21 20:49:13,2011-04-21 20:49:13
4776,771,619,2011-04-21 20:49:13,2011-04-21 20:49:13
4777,771,733,2011-04-21 20:49:13,2011-04-21 20:49:13
4778,771,804,2011-04-21 20:49:13,2011-04-21 20:49:13
4779,771,1,2011-04-21 20:49:13,2011-04-21 20:49:13
4780,771,513,2011-04-21 20:49:13,2011-04-21 20:49:13
4781,771,746,2011-04-21 20:49:13,2011-04-21 20:49:13
4782,771,261,2011-04-21 20:49:13,2011-04-21 20:49:13
4783,771,417,2011-04-21 20:49:13,2011-04-21 20:49:13
4784,771,629,2011-04-21 20:49:13,2011-04-21 20:49:13
4785,771,768,2011-04-21 20:49:13,2011-04-21 20:49:13
4786,774,151,2011-04-21 20:49:13,2011-04-21 20:49:13
4787,774,817,2011-04-21 20:49:13,2011-04-21 20:49:13
4788,774,274,2011-04-21 20:49:13,2011-04-21 20:49:13
4789,775,70,2011-04-21 20:49:14,2011-04-21 20:49:14
4790,775,791,2011-04-21 20:49:14,2011-04-21 20:49:14
4791,775,101,2011-04-21 20:49:14,2011-04-21 20:49:14
4792,775,118,2011-04-21 20:49:14,2011-04-21 20:49:14
4793,775,366,2011-04-21 20:49:14,2011-04-21 20:49:14
4794,775,261,2011-04-21 20:49:14,2011-04-21 20:49:14
4795,778,45,2011-04-21 20:49:14,2011-04-21 20:49:14
4796,778,131,2011-04-21 20:49:14,2011-04-21 20:49:14
4797,778,212,2011-04-21 20:49:14,2011-04-21 20:49:14
4798,778,313,2011-04-21 20:49:14,2011-04-21 20:49:14
4799,778,339,2011-04-21 20:49:14,2011-04-21 20:49:14
4800,778,373,2011-04-21 20:49:14,2011-04-21 20:49:14
4801,778,397,2011-04-21 20:49:14,2011-04-21 20:49:14
4802,778,406,2011-04-21 20:49:14,2011-04-21 20:49:14
4803,778,531,2011-04-21 20:49:14,2011-04-21 20:49:14
4804,778,573,2011-04-21 20:49:14,2011-04-21 20:49:14
4805,778,619,2011-04-21 20:49:14,2011-04-21 20:49:14
4806,778,733,2011-04-21 20:49:14,2011-04-21 20:49:14
4807,778,804,2011-04-21 20:49:14,2011-04-21 20:49:14
4808,778,261,2011-04-21 20:49:14,2011-04-21 20:49:14
4809,778,417,2011-04-21 20:49:14,2011-04-21 20:49:14
4810,778,629,2011-04-21 20:49:14,2011-04-21 20:49:14
4811,778,768,2011-04-21 20:49:14,2011-04-21 20:49:14
4812,780,927,2011-04-21 20:49:15,2011-04-21 20:49:15
4813,780,757,2011-04-21 20:49:15,2011-04-21 20:49:15
4814,780,144,2011-04-21 20:49:15,2011-04-21 20:49:15
4815,781,22,2011-04-21 20:49:15,2011-04-21 20:49:15
4816,781,51,2011-04-21 20:49:15,2011-04-21 20:49:15
4817,782,98,2011-04-21 20:49:15,2011-04-21 20:49:15
4818,782,286,2011-04-21 20:49:15,2011-04-21 20:49:15
4819,782,168,2011-04-21 20:49:15,2011-04-21 20:49:15
4820,782,526,2011-04-21 20:49:15,2011-04-21 20:49:15
4821,782,568,2011-04-21 20:49:15,2011-04-21 20:49:15
4822,782,728,2011-04-21 20:49:15,2011-04-21 20:49:15
4823,782,635,2011-04-21 20:49:15,2011-04-21 20:49:15
4824,783,114,2011-04-21 20:49:15,2011-04-21 20:49:15
4825,783,620,2011-04-21 20:49:15,2011-04-21 20:49:15
4826,783,645,2011-04-21 20:49:15,2011-04-21 20:49:15
4827,783,754,2011-04-21 20:49:15,2011-04-21 20:49:15
4828,785,45,2011-04-21 20:49:15,2011-04-21 20:49:15
4829,785,131,2011-04-21 20:49:15,2011-04-21 20:49:15
4830,785,212,2011-04-21 20:49:15,2011-04-21 20:49:15
4831,785,313,2011-04-21 20:49:15,2011-04-21 20:49:15
4832,785,339,2011-04-21 20:49:15,2011-04-21 20:49:15
4833,785,373,2011-04-21 20:49:15,2011-04-21 20:49:15
4834,785,397,2011-04-21 20:49:15,2011-04-21 20:49:15
4835,785,406,2011-04-21 20:49:15,2011-04-21 20:49:15
4836,785,531,2011-04-21 20:49:15,2011-04-21 20:49:15
4837,785,573,2011-04-21 20:49:15,2011-04-21 20:49:15
4838,785,619,2011-04-21 20:49:15,2011-04-21 20:49:15
4839,785,733,2011-04-21 20:49:15,2011-04-21 20:49:15
4840,785,804,2011-04-21 20:49:15,2011-04-21 20:49:15
4841,785,892,2011-04-21 20:49:15,2011-04-21 20:49:15
4842,786,817,2011-04-21 20:49:15,2011-04-21 20:49:15
4843,786,42,2011-04-21 20:49:16,2011-04-21 20:49:16
4844,786,602,2011-04-21 20:49:16,2011-04-21 20:49:16
4845,786,277,2011-04-21 20:49:16,2011-04-21 20:49:16
4846,786,381,2011-04-21 20:49:16,2011-04-21 20:49:16
4847,786,348,2011-04-21 20:49:16,2011-04-21 20:49:16
4848,786,683,2011-04-21 20:49:16,2011-04-21 20:49:16
4858,788,463,2011-04-21 20:49:16,2011-04-21 20:49:16
4859,788,612,2011-04-21 20:49:16,2011-04-21 20:49:16
4860,788,27,2011-04-21 20:49:16,2011-04-21 20:49:16
4861,788,797,2011-04-21 20:49:17,2011-04-21 20:49:17
4862,788,927,2011-04-21 20:49:17,2011-04-21 20:49:17
4863,788,608,2011-04-21 20:49:17,2011-04-21 20:49:17
4864,788,398,2011-04-21 20:49:17,2011-04-21 20:49:17
4865,789,791,2011-04-21 20:49:17,2011-04-21 20:49:17
4866,789,830,2011-04-21 20:49:17,2011-04-21 20:49:17
4867,789,269,2011-04-21 20:49:17,2011-04-21 20:49:17
4868,789,747,2011-04-21 20:49:17,2011-04-21 20:49:17
4869,789,261,2011-04-21 20:49:17,2011-04-21 20:49:17
4870,789,210,2011-04-21 20:49:17,2011-04-21 20:49:17
4871,789,739,2011-04-21 20:49:17,2011-04-21 20:49:17
4872,789,330,2011-04-21 20:49:17,2011-04-21 20:49:17
4873,789,521,2011-04-21 20:49:17,2011-04-21 20:49:17
4875,790,417,2011-04-21 20:49:18,2011-04-21 20:49:18
4876,790,629,2011-04-21 20:49:18,2011-04-21 20:49:18
4877,790,768,2011-04-21 20:49:18,2011-04-21 20:49:18
4878,790,746,2011-04-21 20:49:18,2011-04-21 20:49:18
4879,790,816,2011-04-21 20:49:18,2011-04-21 20:49:18
4880,790,321,2011-04-21 20:49:18,2011-04-21 20:49:18
4881,790,876,2011-04-21 20:49:18,2011-04-21 20:49:18
4882,790,393,2011-04-21 20:49:18,2011-04-21 20:49:18
4883,790,383,2011-04-21 20:49:18,2011-04-21 20:49:18
4884,790,464,2011-04-21 20:49:18,2011-04-21 20:49:18
4885,790,110,2011-04-21 20:49:18,2011-04-21 20:49:18
4886,791,714,2011-04-21 20:49:18,2011-04-21 20:49:18
4887,791,44,2011-04-21 20:49:18,2011-04-21 20:49:18
4888,791,817,2011-04-21 20:49:18,2011-04-21 20:49:18
4889,791,577,2011-04-21 20:49:19,2011-04-21 20:49:19
4890,791,371,2011-04-21 20:49:19,2011-04-21 20:49:19
4891,791,683,2011-04-21 20:49:19,2011-04-21 20:49:19
4892,791,348,2011-04-21 20:49:19,2011-04-21 20:49:19
4893,792,817,2011-04-21 20:49:19,2011-04-21 20:49:19
4894,792,42,2011-04-21 20:49:19,2011-04-21 20:49:19
4895,792,381,2011-04-21 20:49:19,2011-04-21 20:49:19
4896,792,348,2011-04-21 20:49:19,2011-04-21 20:49:19
4897,792,371,2011-04-21 20:49:19,2011-04-21 20:49:19
4898,793,381,2011-04-21 20:49:19,2011-04-21 20:49:19
4899,793,277,2011-04-21 20:49:19,2011-04-21 20:49:19
4900,793,622,2011-04-21 20:49:19,2011-04-21 20:49:19
4901,793,570,2011-04-21 20:49:19,2011-04-21 20:49:19
4902,793,687,2011-04-21 20:49:19,2011-04-21 20:49:19
4903,793,249,2011-04-21 20:49:19,2011-04-21 20:49:19
4904,793,683,2011-04-21 20:49:19,2011-04-21 20:49:19
4905,796,177,2011-04-21 20:49:19,2011-04-21 20:49:19
4906,796,702,2011-04-21 20:49:19,2011-04-21 20:49:19
4907,796,838,2011-04-21 20:49:19,2011-04-21 20:49:19
4908,796,424,2011-04-21 20:49:19,2011-04-21 20:49:19
4909,796,111,2011-04-21 20:49:19,2011-04-21 20:49:19
4910,796,171,2011-04-21 20:49:19,2011-04-21 20:49:19
4911,796,299,2011-04-21 20:49:19,2011-04-21 20:49:19
4912,796,113,2011-04-21 20:49:19,2011-04-21 20:49:19
4913,796,816,2011-04-21 20:49:19,2011-04-21 20:49:19
4914,796,321,2011-04-21 20:49:19,2011-04-21 20:49:19
4915,796,746,2011-04-21 20:49:19,2011-04-21 20:49:19
4916,796,876,2011-04-21 20:49:20,2011-04-21 20:49:20
4917,796,393,2011-04-21 20:49:20,2011-04-21 20:49:20
4918,799,282,2011-04-21 20:49:20,2011-04-21 20:49:20
4919,1023,282,2011-04-21 20:49:20,2011-04-21 20:49:20
4920,801,328,2011-04-21 20:49:20,2011-04-21 20:49:20
4921,801,655,2011-04-21 20:49:20,2011-04-21 20:49:20
4922,967,145,2011-04-21 20:49:20,2011-04-21 20:49:20
4923,967,56,2011-04-21 20:49:20,2011-04-21 20:49:20
4924,967,72,2011-04-21 20:49:20,2011-04-21 20:49:20
4925,967,435,2011-04-21 20:49:20,2011-04-21 20:49:20
4926,967,128,2011-04-21 20:49:20,2011-04-21 20:49:20
4927,808,928,2011-04-21 20:49:21,2011-04-21 20:49:21
4928,808,247,2011-04-21 20:49:21,2011-04-21 20:49:21
4929,808,480,2011-04-21 20:49:21,2011-04-21 20:49:21
4930,808,526,2011-04-21 20:49:21,2011-04-21 20:49:21
4931,808,82,2011-04-21 20:49:21,2011-04-21 20:49:21
4932,808,529,2011-04-21 20:49:21,2011-04-21 20:49:21
4933,808,254,2011-04-21 20:49:21,2011-04-21 20:49:21
4934,808,211,2011-04-21 20:49:21,2011-04-21 20:49:21
4935,808,429,2011-04-21 20:49:21,2011-04-21 20:49:21
4936,808,475,2011-04-21 20:49:21,2011-04-21 20:49:21
4937,808,126,2011-04-21 20:49:21,2011-04-21 20:49:21
4938,808,643,2011-04-21 20:49:21,2011-04-21 20:49:21
4939,808,404,2011-04-21 20:49:21,2011-04-21 20:49:21
4940,808,269,2011-04-21 20:49:21,2011-04-21 20:49:21
4941,808,747,2011-04-21 20:49:21,2011-04-21 20:49:21
4942,808,522,2011-04-21 20:49:21,2011-04-21 20:49:21
4943,808,330,2011-04-21 20:49:21,2011-04-21 20:49:21
4944,808,568,2011-04-21 20:49:21,2011-04-21 20:49:21
4945,808,849,2011-04-21 20:49:21,2011-04-21 20:49:21
4946,809,261,2011-04-21 20:49:21,2011-04-21 20:49:21
4947,809,791,2011-04-21 20:49:21,2011-04-21 20:49:21
4948,809,557,2011-04-21 20:49:21,2011-04-21 20:49:21
4949,809,268,2011-04-21 20:49:21,2011-04-21 20:49:21
4950,810,741,2011-04-21 20:49:21,2011-04-21 20:49:21
4951,810,790,2011-04-21 20:49:21,2011-04-21 20:49:21
4952,810,927,2011-04-21 20:49:21,2011-04-21 20:49:21
4953,810,612,2011-04-21 20:49:21,2011-04-21 20:49:21
4954,810,376,2011-04-21 20:49:21,2011-04-21 20:49:21
4955,810,125,2011-04-21 20:49:21,2011-04-21 20:49:21
4956,810,473,2011-04-21 20:49:21,2011-04-21 20:49:21
4957,812,366,2011-04-21 20:49:21,2011-04-21 20:49:21
4958,812,118,2011-04-21 20:49:22,2011-04-21 20:49:22
4959,812,261,2011-04-21 20:49:22,2011-04-21 20:49:22
4960,813,261,2011-04-21 20:49:22,2011-04-21 20:49:22
4961,813,417,2011-04-21 20:49:22,2011-04-21 20:49:22
4962,813,629,2011-04-21 20:49:22,2011-04-21 20:49:22
4963,813,768,2011-04-21 20:49:22,2011-04-21 20:49:22
4964,813,185,2011-04-21 20:49:22,2011-04-21 20:49:22
4965,813,219,2011-04-21 20:49:22,2011-04-21 20:49:22
4967,813,358,2011-04-21 20:49:22,2011-04-21 20:49:22
4968,813,396,2011-04-21 20:49:22,2011-04-21 20:49:22
4969,813,464,2011-04-21 20:49:22,2011-04-21 20:49:22
4970,813,556,2011-04-21 20:49:22,2011-04-21 20:49:22
4971,813,715,2011-04-21 20:49:22,2011-04-21 20:49:22
4972,813,862,2011-04-21 20:49:22,2011-04-21 20:49:22
4973,813,915,2011-04-21 20:49:22,2011-04-21 20:49:22
4974,814,70,2011-04-21 20:49:22,2011-04-21 20:49:22
4975,814,791,2011-04-21 20:49:22,2011-04-21 20:49:22
4976,814,101,2011-04-21 20:49:22,2011-04-21 20:49:22
4977,814,118,2011-04-21 20:49:22,2011-04-21 20:49:22
4978,814,366,2011-04-21 20:49:22,2011-04-21 20:49:22
4979,814,261,2011-04-21 20:49:22,2011-04-21 20:49:22
4980,815,70,2011-04-21 20:49:22,2011-04-21 20:49:22
4981,815,791,2011-04-21 20:49:22,2011-04-21 20:49:22
4982,815,101,2011-04-21 20:49:22,2011-04-21 20:49:22
4983,815,118,2011-04-21 20:49:22,2011-04-21 20:49:22
4984,815,366,2011-04-21 20:49:22,2011-04-21 20:49:22
4985,815,261,2011-04-21 20:49:22,2011-04-21 20:49:22
4986,816,201,2011-04-21 20:49:22,2011-04-21 20:49:22
4987,816,536,2011-04-21 20:49:22,2011-04-21 20:49:22
4988,816,609,2011-04-21 20:49:22,2011-04-21 20:49:22
4989,816,834,2011-04-21 20:49:22,2011-04-21 20:49:22
4990,816,213,2011-04-21 20:49:23,2011-04-21 20:49:23
4991,816,111,2011-04-21 20:49:23,2011-04-21 20:49:23
4992,816,574,2011-04-21 20:49:23,2011-04-21 20:49:23
4993,816,127,2011-04-21 20:49:23,2011-04-21 20:49:23
4994,816,764,2011-04-21 20:49:23,2011-04-21 20:49:23
4995,818,201,2011-04-21 20:49:23,2011-04-21 20:49:23
4996,818,536,2011-04-21 20:49:23,2011-04-21 20:49:23
4997,818,609,2011-04-21 20:49:23,2011-04-21 20:49:23
4998,818,834,2011-04-21 20:49:23,2011-04-21 20:49:23
4999,818,213,2011-04-21 20:49:23,2011-04-21 20:49:23
5000,818,111,2011-04-21 20:49:23,2011-04-21 20:49:23
5001,818,574,2011-04-21 20:49:23,2011-04-21 20:49:23
5002,818,127,2011-04-21 20:49:23,2011-04-21 20:49:23
5003,818,764,2011-04-21 20:49:23,2011-04-21 20:49:23
5004,819,111,2011-04-21 20:49:23,2011-04-21 20:49:23
5005,819,180,2011-04-21 20:49:23,2011-04-21 20:49:23
5006,819,534,2011-04-21 20:49:23,2011-04-21 20:49:23
5007,819,574,2011-04-21 20:49:23,2011-04-21 20:49:23
5008,819,578,2011-04-21 20:49:23,2011-04-21 20:49:23
5009,819,688,2011-04-21 20:49:23,2011-04-21 20:49:23
5010,819,801,2011-04-21 20:49:23,2011-04-21 20:49:23
5011,819,628,2011-04-21 20:49:23,2011-04-21 20:49:23
5012,819,381,2011-04-21 20:49:23,2011-04-21 20:49:23
5013,819,58,2011-04-21 20:49:23,2011-04-21 20:49:23
5014,819,401,2011-04-21 20:49:24,2011-04-21 20:49:24
5016,822,417,2011-04-21 20:49:24,2011-04-21 20:49:24
5017,822,629,2011-04-21 20:49:24,2011-04-21 20:49:24
5018,822,768,2011-04-21 20:49:24,2011-04-21 20:49:24
5019,825,778,2011-04-21 20:49:24,2011-04-21 20:49:24
5020,825,642,2011-04-21 20:49:24,2011-04-21 20:49:24
5021,825,160,2011-04-21 20:49:24,2011-04-21 20:49:24
5022,825,581,2011-04-21 20:49:24,2011-04-21 20:49:24
5023,828,927,2011-04-21 20:49:24,2011-04-21 20:49:24
5024,828,419,2011-04-21 20:49:24,2011-04-21 20:49:24
5025,828,125,2011-04-21 20:49:24,2011-04-21 20:49:24
5034,832,927,2011-04-21 20:49:25,2011-04-21 20:49:25
5035,832,376,2011-04-21 20:49:25,2011-04-21 20:49:25
5036,832,612,2011-04-21 20:49:25,2011-04-21 20:49:25
5037,834,261,2011-04-21 20:49:25,2011-04-21 20:49:25
5038,834,417,2011-04-21 20:49:25,2011-04-21 20:49:25
5039,834,629,2011-04-21 20:49:25,2011-04-21 20:49:25
5040,834,768,2011-04-21 20:49:25,2011-04-21 20:49:25
5041,834,45,2011-04-21 20:49:25,2011-04-21 20:49:25
5042,834,131,2011-04-21 20:49:25,2011-04-21 20:49:25
5043,834,212,2011-04-21 20:49:25,2011-04-21 20:49:25
5044,834,313,2011-04-21 20:49:25,2011-04-21 20:49:25
5045,834,339,2011-04-21 20:49:25,2011-04-21 20:49:25
5046,834,373,2011-04-21 20:49:25,2011-04-21 20:49:25
5047,834,397,2011-04-21 20:49:25,2011-04-21 20:49:25
5048,834,406,2011-04-21 20:49:25,2011-04-21 20:49:25
5049,834,531,2011-04-21 20:49:25,2011-04-21 20:49:25
5050,834,573,2011-04-21 20:49:25,2011-04-21 20:49:25
5051,834,619,2011-04-21 20:49:25,2011-04-21 20:49:25
5052,834,733,2011-04-21 20:49:25,2011-04-21 20:49:25
5053,834,804,2011-04-21 20:49:25,2011-04-21 20:49:25
5054,834,154,2011-04-21 20:49:25,2011-04-21 20:49:25
5055,834,716,2011-04-21 20:49:25,2011-04-21 20:49:25
5056,834,32,2011-04-21 20:49:25,2011-04-21 20:49:25
5057,834,677,2011-04-21 20:49:26,2011-04-21 20:49:26
5058,836,714,2011-04-21 20:49:26,2011-04-21 20:49:26
5059,836,817,2011-04-21 20:49:26,2011-04-21 20:49:26
5060,840,145,2011-04-21 20:49:26,2011-04-21 20:49:26
5061,840,56,2011-04-21 20:49:26,2011-04-21 20:49:26
5062,840,72,2011-04-21 20:49:26,2011-04-21 20:49:26
5063,840,435,2011-04-21 20:49:26,2011-04-21 20:49:26
5064,840,128,2011-04-21 20:49:26,2011-04-21 20:49:26
5065,877,50,2011-04-21 20:49:26,2011-04-21 20:49:26
5066,877,395,2011-04-21 20:49:26,2011-04-21 20:49:26
5067,877,18,2011-04-21 20:49:26,2011-04-21 20:49:26
5068,877,392,2011-04-21 20:49:26,2011-04-21 20:49:26
5069,877,371,2011-04-21 20:49:26,2011-04-21 20:49:26
5070,877,628,2011-04-21 20:49:26,2011-04-21 20:49:26
5071,879,746,2011-04-21 20:49:26,2011-04-21 20:49:26
5072,879,606,2011-04-21 20:49:26,2011-04-21 20:49:26
5073,879,816,2011-04-21 20:49:27,2011-04-21 20:49:27
5074,879,321,2011-04-21 20:49:27,2011-04-21 20:49:27
5075,879,113,2011-04-21 20:49:27,2011-04-21 20:49:27
5076,879,702,2011-04-21 20:49:27,2011-04-21 20:49:27
5077,879,611,2011-04-21 20:49:27,2011-04-21 20:49:27
5078,879,389,2011-04-21 20:49:27,2011-04-21 20:49:27
5079,879,242,2011-04-21 20:49:27,2011-04-21 20:49:27
5080,879,910,2011-04-21 20:49:27,2011-04-21 20:49:27
5081,879,388,2011-04-21 20:49:27,2011-04-21 20:49:27
5082,879,318,2011-04-21 20:49:27,2011-04-21 20:49:27
5083,969,530,2011-04-21 20:49:27,2011-04-21 20:49:27
5084,969,426,2011-04-21 20:49:27,2011-04-21 20:49:27
5085,969,908,2011-04-21 20:49:27,2011-04-21 20:49:27
5086,969,173,2011-04-21 20:49:27,2011-04-21 20:49:27
5087,969,425,2011-04-21 20:49:27,2011-04-21 20:49:27
5088,969,821,2011-04-21 20:49:27,2011-04-21 20:49:27
5089,1001,746,2011-04-21 20:49:27,2011-04-21 20:49:27
5090,1001,816,2011-04-21 20:49:27,2011-04-21 20:49:27
5091,1001,321,2011-04-21 20:49:27,2011-04-21 20:49:27
5092,1001,838,2011-04-21 20:49:28,2011-04-21 20:49:28
5093,1001,927,2011-04-21 20:49:28,2011-04-21 20:49:28
5095,948,417,2011-04-21 20:49:28,2011-04-21 20:49:28
5098,948,185,2011-04-21 20:49:28,2011-04-21 20:49:28
5099,948,219,2011-04-21 20:49:28,2011-04-21 20:49:28
5101,948,358,2011-04-21 20:49:28,2011-04-21 20:49:28
5102,948,396,2011-04-21 20:49:28,2011-04-21 20:49:28
5103,948,464,2011-04-21 20:49:28,2011-04-21 20:49:28
5104,948,556,2011-04-21 20:49:28,2011-04-21 20:49:28
5105,948,715,2011-04-21 20:49:28,2011-04-21 20:49:28
5106,948,862,2011-04-21 20:49:28,2011-04-21 20:49:28
5107,948,915,2011-04-21 20:49:28,2011-04-21 20:49:28
5108,958,61,2011-04-21 20:49:28,2011-04-21 20:49:28
5109,958,552,2011-04-21 20:49:28,2011-04-21 20:49:28
5110,958,344,2011-04-21 20:49:28,2011-04-21 20:49:28
5111,958,448,2011-04-21 20:49:28,2011-04-21 20:49:28
5112,958,278,2011-04-21 20:49:28,2011-04-21 20:49:28
5113,958,827,2011-04-21 20:49:28,2011-04-21 20:49:28
5114,958,798,2011-04-21 20:49:28,2011-04-21 20:49:28
5115,891,891,2011-04-21 20:49:29,2011-04-21 20:49:29
5116,891,917,2011-04-21 20:49:29,2011-04-21 20:49:29
5117,891,64,2011-04-21 20:49:29,2011-04-21 20:49:29
5118,891,267,2011-04-21 20:49:29,2011-04-21 20:49:29
5119,891,788,2011-04-21 20:49:29,2011-04-21 20:49:29
5120,891,675,2011-04-21 20:49:29,2011-04-21 20:49:29
5121,891,271,2011-04-21 20:49:29,2011-04-21 20:49:29
5122,878,353,2011-04-21 20:49:29,2011-04-21 20:49:29
5123,878,881,2011-04-21 20:49:29,2011-04-21 20:49:29
5124,878,167,2011-04-21 20:49:29,2011-04-21 20:49:29
5125,878,78,2011-04-21 20:49:29,2011-04-21 20:49:29
5126,878,663,2011-04-21 20:49:29,2011-04-21 20:49:29
5127,878,605,2011-04-21 20:49:29,2011-04-21 20:49:29
5128,878,197,2011-04-21 20:49:29,2011-04-21 20:49:29
5129,878,115,2011-04-21 20:49:29,2011-04-21 20:49:29
5130,878,553,2011-04-21 20:49:29,2011-04-21 20:49:29
5131,878,543,2011-04-21 20:49:29,2011-04-21 20:49:29
5132,878,139,2011-04-21 20:49:29,2011-04-21 20:49:29
5133,878,805,2011-04-21 20:49:29,2011-04-21 20:49:29
5134,944,887,2011-04-21 20:49:29,2011-04-21 20:49:29
5135,944,182,2011-04-21 20:49:29,2011-04-21 20:49:29
5136,901,613,2011-04-21 20:49:29,2011-04-21 20:49:29
5137,901,745,2011-04-21 20:49:29,2011-04-21 20:49:29
5138,901,277,2011-04-21 20:49:30,2011-04-21 20:49:30
5139,901,94,2011-04-21 20:49:30,2011-04-21 20:49:30
5140,1000,622,2011-04-21 20:49:30,2011-04-21 20:49:30
5141,1000,714,2011-04-21 20:49:30,2011-04-21 20:49:30
5142,1000,277,2011-04-21 20:49:30,2011-04-21 20:49:30
5143,1000,129,2011-04-21 20:49:30,2011-04-21 20:49:30
5144,865,261,2011-04-21 20:49:30,2011-04-21 20:49:30
5145,865,417,2011-04-21 20:49:30,2011-04-21 20:49:30
5146,865,629,2011-04-21 20:49:30,2011-04-21 20:49:30
5147,865,768,2011-04-21 20:49:30,2011-04-21 20:49:30
5148,865,185,2011-04-21 20:49:30,2011-04-21 20:49:30
5149,865,219,2011-04-21 20:49:30,2011-04-21 20:49:30
5151,865,358,2011-04-21 20:49:30,2011-04-21 20:49:30
5152,865,396,2011-04-21 20:49:30,2011-04-21 20:49:30
5153,865,464,2011-04-21 20:49:30,2011-04-21 20:49:30
5154,865,556,2011-04-21 20:49:30,2011-04-21 20:49:30
5155,865,715,2011-04-21 20:49:30,2011-04-21 20:49:30
5156,865,862,2011-04-21 20:49:30,2011-04-21 20:49:30
5157,865,915,2011-04-21 20:49:30,2011-04-21 20:49:30
5158,957,261,2011-04-21 20:49:31,2011-04-21 20:49:31
5159,957,417,2011-04-21 20:49:31,2011-04-21 20:49:31
5160,957,629,2011-04-21 20:49:31,2011-04-21 20:49:31
5161,957,768,2011-04-21 20:49:31,2011-04-21 20:49:31
5162,957,185,2011-04-21 20:49:31,2011-04-21 20:49:31
5163,957,219,2011-04-21 20:49:31,2011-04-21 20:49:31
5165,957,358,2011-04-21 20:49:31,2011-04-21 20:49:31
5166,957,396,2011-04-21 20:49:31,2011-04-21 20:49:31
5167,957,464,2011-04-21 20:49:31,2011-04-21 20:49:31
5168,957,556,2011-04-21 20:49:31,2011-04-21 20:49:31
5169,957,715,2011-04-21 20:49:31,2011-04-21 20:49:31
5170,957,862,2011-04-21 20:49:31,2011-04-21 20:49:31
5171,957,915,2011-04-21 20:49:31,2011-04-21 20:49:31
5172,881,261,2011-04-21 20:49:31,2011-04-21 20:49:31
5173,881,417,2011-04-21 20:49:31,2011-04-21 20:49:31
5174,881,629,2011-04-21 20:49:31,2011-04-21 20:49:31
5175,881,768,2011-04-21 20:49:31,2011-04-21 20:49:31
5176,930,622,2011-04-21 20:49:31,2011-04-21 20:49:31
5177,930,577,2011-04-21 20:49:31,2011-04-21 20:49:31
5178,930,714,2011-04-21 20:49:31,2011-04-21 20:49:31
5179,930,277,2011-04-21 20:49:31,2011-04-21 20:49:31
5180,930,129,2011-04-21 20:49:31,2011-04-21 20:49:31
5181,930,163,2011-04-21 20:49:31,2011-04-21 20:49:31
5182,867,261,2011-04-21 20:49:31,2011-04-21 20:49:31
5183,867,118,2011-04-21 20:49:31,2011-04-21 20:49:31
5184,867,791,2011-04-21 20:49:31,2011-04-21 20:49:31
5185,867,366,2011-04-21 20:49:31,2011-04-21 20:49:31
5186,867,70,2011-04-21 20:49:31,2011-04-21 20:49:31
5187,906,817,2011-04-21 20:49:31,2011-04-21 20:49:31
5188,906,381,2011-04-21 20:49:32,2011-04-21 20:49:32
5189,906,371,2011-04-21 20:49:32,2011-04-21 20:49:32
5190,863,261,2011-04-21 20:49:32,2011-04-21 20:49:32
5191,863,417,2011-04-21 20:49:32,2011-04-21 20:49:32
5192,863,629,2011-04-21 20:49:32,2011-04-21 20:49:32
5193,863,768,2011-04-21 20:49:32,2011-04-21 20:49:32
5194,863,185,2011-04-21 20:49:32,2011-04-21 20:49:32
5195,863,219,2011-04-21 20:49:32,2011-04-21 20:49:32
5197,863,358,2011-04-21 20:49:32,2011-04-21 20:49:32
5198,863,396,2011-04-21 20:49:32,2011-04-21 20:49:32
5199,863,464,2011-04-21 20:49:32,2011-04-21 20:49:32
5200,863,556,2011-04-21 20:49:32,2011-04-21 20:49:32
5201,863,715,2011-04-21 20:49:32,2011-04-21 20:49:32
5202,863,862,2011-04-21 20:49:32,2011-04-21 20:49:32
5203,863,915,2011-04-21 20:49:32,2011-04-21 20:49:32
5204,862,261,2011-04-21 20:49:32,2011-04-21 20:49:32
5205,862,417,2011-04-21 20:49:32,2011-04-21 20:49:32
5206,862,629,2011-04-21 20:49:32,2011-04-21 20:49:32
5207,862,768,2011-04-21 20:49:32,2011-04-21 20:49:32
5208,862,185,2011-04-21 20:49:32,2011-04-21 20:49:32
5209,862,219,2011-04-21 20:49:32,2011-04-21 20:49:32
5211,862,358,2011-04-21 20:49:32,2011-04-21 20:49:32
5212,862,396,2011-04-21 20:49:32,2011-04-21 20:49:32
5213,862,464,2011-04-21 20:49:32,2011-04-21 20:49:32
5214,862,556,2011-04-21 20:49:32,2011-04-21 20:49:32
5215,862,715,2011-04-21 20:49:32,2011-04-21 20:49:32
5216,862,862,2011-04-21 20:49:32,2011-04-21 20:49:32
5217,862,915,2011-04-21 20:49:32,2011-04-21 20:49:32
5218,862,797,2011-04-21 20:49:32,2011-04-21 20:49:32
5219,862,927,2011-04-21 20:49:32,2011-04-21 20:49:32
5220,882,872,2011-04-21 20:49:32,2011-04-21 20:49:32
5221,883,632,2011-04-21 20:49:32,2011-04-21 20:49:32
5222,883,192,2011-04-21 20:49:32,2011-04-21 20:49:32
5223,883,417,2011-04-21 20:49:32,2011-04-21 20:49:32
5224,883,746,2011-04-21 20:49:32,2011-04-21 20:49:32
5225,985,639,2011-04-21 20:49:32,2011-04-21 20:49:32
5226,985,469,2011-04-21 20:49:32,2011-04-21 20:49:32
5227,955,22,2011-04-21 20:49:33,2011-04-21 20:49:33
5228,955,760,2011-04-21 20:49:33,2011-04-21 20:49:33
5229,955,582,2011-04-21 20:49:33,2011-04-21 20:49:33
5230,907,435,2011-04-21 20:49:33,2011-04-21 20:49:33
5231,907,33,2011-04-21 20:49:33,2011-04-21 20:49:33
5232,940,482,2011-04-21 20:49:33,2011-04-21 20:49:33
5233,884,469,2011-04-21 20:49:33,2011-04-21 20:49:33
5235,885,417,2011-04-21 20:49:33,2011-04-21 20:49:33
5236,885,629,2011-04-21 20:49:33,2011-04-21 20:49:33
5237,885,768,2011-04-21 20:49:33,2011-04-21 20:49:33
5238,885,477,2011-04-21 20:49:33,2011-04-21 20:49:33
5239,885,927,2011-04-21 20:49:33,2011-04-21 20:49:33
5240,885,797,2011-04-21 20:49:34,2011-04-21 20:49:34
5241,886,883,2011-04-21 20:49:34,2011-04-21 20:49:34
5242,946,261,2011-04-21 20:49:34,2011-04-21 20:49:34
5243,946,417,2011-04-21 20:49:34,2011-04-21 20:49:34
5244,946,629,2011-04-21 20:49:34,2011-04-21 20:49:34
5245,946,768,2011-04-21 20:49:34,2011-04-21 20:49:34
5246,946,45,2011-04-21 20:49:34,2011-04-21 20:49:34
5247,946,131,2011-04-21 20:49:34,2011-04-21 20:49:34
5248,946,212,2011-04-21 20:49:34,2011-04-21 20:49:34
5249,946,313,2011-04-21 20:49:34,2011-04-21 20:49:34
5250,946,339,2011-04-21 20:49:34,2011-04-21 20:49:34
5251,946,373,2011-04-21 20:49:34,2011-04-21 20:49:34
5252,946,397,2011-04-21 20:49:34,2011-04-21 20:49:34
5253,946,406,2011-04-21 20:49:34,2011-04-21 20:49:34
5254,946,531,2011-04-21 20:49:34,2011-04-21 20:49:34
5255,946,573,2011-04-21 20:49:34,2011-04-21 20:49:34
5256,946,619,2011-04-21 20:49:34,2011-04-21 20:49:34
5257,946,733,2011-04-21 20:49:34,2011-04-21 20:49:34
5258,946,804,2011-04-21 20:49:34,2011-04-21 20:49:34
5259,962,326,2011-04-21 20:49:34,2011-04-21 20:49:34
5260,962,266,2011-04-21 20:49:34,2011-04-21 20:49:34
5261,962,625,2011-04-21 20:49:34,2011-04-21 20:49:34
5262,962,622,2011-04-21 20:49:34,2011-04-21 20:49:34
5263,962,381,2011-04-21 20:49:34,2011-04-21 20:49:34
5264,962,277,2011-04-21 20:49:34,2011-04-21 20:49:34
5265,991,22,2011-04-21 20:49:34,2011-04-21 20:49:34
5266,991,381,2011-04-21 20:49:34,2011-04-21 20:49:34
5267,991,570,2011-04-21 20:49:34,2011-04-21 20:49:34
5268,991,277,2011-04-21 20:49:34,2011-04-21 20:49:34
5269,991,844,2011-04-21 20:49:34,2011-04-21 20:49:34
5270,991,683,2011-04-21 20:49:34,2011-04-21 20:49:34
5271,66,341,2011-04-21 20:49:35,2011-04-21 20:49:35
5272,66,713,2011-04-21 20:49:35,2011-04-21 20:49:35
5273,66,183,2011-04-21 20:49:35,2011-04-21 20:49:35
5274,66,352,2011-04-21 20:49:35,2011-04-21 20:49:35
5275,66,407,2011-04-21 20:49:35,2011-04-21 20:49:35
5276,66,376,2011-04-21 20:49:35,2011-04-21 20:49:35
5277,66,612,2011-04-21 20:49:35,2011-04-21 20:49:35
5278,66,27,2011-04-21 20:49:36,2011-04-21 20:49:36
5279,66,726,2011-04-21 20:49:36,2011-04-21 20:49:36
5280,66,816,2011-04-21 20:49:36,2011-04-21 20:49:36
5281,993,812,2011-04-21 20:49:36,2011-04-21 20:49:36
5282,993,927,2011-04-21 20:49:36,2011-04-21 20:49:36
5283,993,304,2011-04-21 20:49:36,2011-04-21 20:49:36
5284,993,884,2011-04-21 20:49:36,2011-04-21 20:49:36
5285,993,172,2011-04-21 20:49:36,2011-04-21 20:49:36
5286,993,266,2011-04-21 20:49:36,2011-04-21 20:49:36
5287,993,626,2011-04-21 20:49:36,2011-04-21 20:49:36
5288,993,343,2011-04-21 20:49:36,2011-04-21 20:49:36
5289,993,596,2011-04-21 20:49:36,2011-04-21 20:49:36
5290,993,808,2011-04-21 20:49:36,2011-04-21 20:49:36
5291,993,258,2011-04-21 20:49:36,2011-04-21 20:49:36
5292,889,560,2011-04-21 20:49:36,2011-04-21 20:49:36
5293,889,893,2011-04-21 20:49:36,2011-04-21 20:49:36
5294,889,865,2011-04-21 20:49:36,2011-04-21 20:49:36
5295,889,811,2011-04-21 20:49:36,2011-04-21 20:49:36
5296,889,21,2011-04-21 20:49:36,2011-04-21 20:49:36
5297,889,115,2011-04-21 20:49:36,2011-04-21 20:49:36
5298,972,427,2011-04-21 20:49:36,2011-04-21 20:49:36
5299,972,440,2011-04-21 20:49:36,2011-04-21 20:49:36
5300,972,730,2011-04-21 20:49:36,2011-04-21 20:49:36
5301,972,720,2011-04-21 20:49:36,2011-04-21 20:49:36
5302,972,375,2011-04-21 20:49:36,2011-04-21 20:49:36
5303,905,336,2011-04-21 20:49:37,2011-04-21 20:49:37
5304,905,714,2011-04-21 20:49:37,2011-04-21 20:49:37
5305,905,622,2011-04-21 20:49:37,2011-04-21 20:49:37
5306,905,261,2011-04-21 20:49:37,2011-04-21 20:49:37
5307,905,417,2011-04-21 20:49:37,2011-04-21 20:49:37
5308,905,629,2011-04-21 20:49:37,2011-04-21 20:49:37
5309,905,768,2011-04-21 20:49:37,2011-04-21 20:49:37
5310,860,417,2011-04-21 20:49:37,2011-04-21 20:49:37
5311,860,629,2011-04-21 20:49:37,2011-04-21 20:49:37
5312,999,163,2011-04-21 20:49:37,2011-04-21 20:49:37
5313,999,622,2011-04-21 20:49:37,2011-04-21 20:49:37
5314,999,683,2011-04-21 20:49:37,2011-04-21 20:49:37
5315,999,577,2011-04-21 20:49:37,2011-04-21 20:49:37
5316,999,277,2011-04-21 20:49:37,2011-04-21 20:49:37
5317,999,129,2011-04-21 20:49:37,2011-04-21 20:49:37
5318,987,111,2011-04-21 20:49:37,2011-04-21 20:49:37
5319,987,180,2011-04-21 20:49:37,2011-04-21 20:49:37
5320,987,534,2011-04-21 20:49:37,2011-04-21 20:49:37
5321,987,574,2011-04-21 20:49:37,2011-04-21 20:49:37
5322,987,578,2011-04-21 20:49:37,2011-04-21 20:49:37
5323,987,688,2011-04-21 20:49:37,2011-04-21 20:49:37
5324,987,801,2011-04-21 20:49:37,2011-04-21 20:49:37
5326,947,417,2011-04-21 20:49:37,2011-04-21 20:49:37
5329,947,185,2011-04-21 20:49:38,2011-04-21 20:49:38
5330,947,219,2011-04-21 20:49:38,2011-04-21 20:49:38
5332,947,358,2011-04-21 20:49:38,2011-04-21 20:49:38
5333,947,396,2011-04-21 20:49:38,2011-04-21 20:49:38
5334,947,464,2011-04-21 20:49:38,2011-04-21 20:49:38
5335,947,556,2011-04-21 20:49:38,2011-04-21 20:49:38
5336,947,715,2011-04-21 20:49:38,2011-04-21 20:49:38
5337,947,862,2011-04-21 20:49:38,2011-04-21 20:49:38
5338,947,915,2011-04-21 20:49:38,2011-04-21 20:49:38
5339,986,628,2011-04-21 20:49:38,2011-04-21 20:49:38
5340,986,577,2011-04-21 20:49:38,2011-04-21 20:49:38
5341,986,22,2011-04-21 20:49:38,2011-04-21 20:49:38
5342,986,129,2011-04-21 20:49:38,2011-04-21 20:49:38
5343,986,760,2011-04-21 20:49:38,2011-04-21 20:49:38
5344,992,846,2011-04-21 20:49:38,2011-04-21 20:49:38
5345,992,705,2011-04-21 20:49:38,2011-04-21 20:49:38
5346,992,404,2011-04-21 20:49:38,2011-04-21 20:49:38
5347,992,330,2011-04-21 20:49:38,2011-04-21 20:49:38
5348,992,927,2011-04-21 20:49:38,2011-04-21 20:49:38
5349,992,797,2011-04-21 20:49:38,2011-04-21 20:49:38
5350,992,477,2011-04-21 20:49:38,2011-04-21 20:49:38
5351,992,747,2011-04-21 20:49:38,2011-04-21 20:49:38
5352,966,882,2011-04-21 20:49:38,2011-04-21 20:49:38
5353,966,307,2011-04-21 20:49:39,2011-04-21 20:49:39
5354,900,613,2011-04-21 20:49:39,2011-04-21 20:49:39
5355,900,745,2011-04-21 20:49:39,2011-04-21 20:49:39
5356,949,33,2011-04-21 20:49:39,2011-04-21 20:49:39
5357,949,5,2011-04-21 20:49:39,2011-04-21 20:49:39
5358,875,215,2011-04-21 20:49:39,2011-04-21 20:49:39
5359,875,516,2011-04-21 20:49:39,2011-04-21 20:49:39
5360,875,470,2011-04-21 20:49:39,2011-04-21 20:49:39
5361,875,394,2011-04-21 20:49:39,2011-04-21 20:49:39
5362,875,525,2011-04-21 20:49:39,2011-04-21 20:49:39
5363,875,517,2011-04-21 20:49:39,2011-04-21 20:49:39
5364,875,496,2011-04-21 20:49:39,2011-04-21 20:49:39
5365,875,769,2011-04-21 20:49:39,2011-04-21 20:49:39
5366,875,230,2011-04-21 20:49:39,2011-04-21 20:49:39
5367,875,579,2011-04-21 20:49:39,2011-04-21 20:49:39
5368,875,592,2011-04-21 20:49:39,2011-04-21 20:49:39
5369,875,877,2011-04-21 20:49:39,2011-04-21 20:49:39
5370,875,195,2011-04-21 20:49:40,2011-04-21 20:49:40
5371,875,457,2011-04-21 20:49:40,2011-04-21 20:49:40
5372,875,880,2011-04-21 20:49:40,2011-04-21 20:49:40
5373,875,825,2011-04-21 20:49:40,2011-04-21 20:49:40
5374,875,815,2011-04-21 20:49:40,2011-04-21 20:49:40
5375,875,753,2011-04-21 20:49:40,2011-04-21 20:49:40
5376,875,709,2011-04-21 20:49:40,2011-04-21 20:49:40
5377,875,270,2011-04-21 20:49:40,2011-04-21 20:49:40
5378,875,309,2011-04-21 20:49:40,2011-04-21 20:49:40
5379,875,351,2011-04-21 20:49:40,2011-04-21 20:49:40
5380,875,890,2011-04-21 20:49:40,2011-04-21 20:49:40
5381,971,482,2011-04-21 20:49:40,2011-04-21 20:49:40
5382,978,797,2011-04-21 20:49:40,2011-04-21 20:49:40
5383,978,927,2011-04-21 20:49:40,2011-04-21 20:49:40
5384,896,163,2011-04-21 20:49:40,2011-04-21 20:49:40
5385,896,622,2011-04-21 20:49:40,2011-04-21 20:49:40
5386,896,4,2011-04-21 20:49:40,2011-04-21 20:49:40
5387,896,807,2011-04-21 20:49:40,2011-04-21 20:49:40
5388,896,577,2011-04-21 20:49:40,2011-04-21 20:49:40
5389,896,277,2011-04-21 20:49:40,2011-04-21 20:49:40
5390,896,129,2011-04-21 20:49:40,2011-04-21 20:49:40
5391,945,746,2011-04-21 20:49:40,2011-04-21 20:49:40
5392,945,469,2011-04-21 20:49:40,2011-04-21 20:49:40
5393,945,726,2011-04-21 20:49:41,2011-04-21 20:49:41
5394,945,927,2011-04-21 20:49:41,2011-04-21 20:49:41
5395,899,901,2011-04-21 20:49:41,2011-04-21 20:49:41
5396,899,392,2011-04-21 20:49:41,2011-04-21 20:49:41
5397,923,55,2011-04-21 20:49:41,2011-04-21 20:49:41
5398,923,269,2011-04-21 20:49:41,2011-04-21 20:49:41
5399,923,330,2011-04-21 20:49:41,2011-04-21 20:49:41
5400,923,405,2011-04-21 20:49:41,2011-04-21 20:49:41
5401,923,501,2011-04-21 20:49:41,2011-04-21 20:49:41
5402,923,662,2011-04-21 20:49:41,2011-04-21 20:49:41
5403,923,680,2011-04-21 20:49:41,2011-04-21 20:49:41
5404,923,727,2011-04-21 20:49:41,2011-04-21 20:49:41
5405,923,747,2011-04-21 20:49:41,2011-04-21 20:49:41
5406,923,829,2011-04-21 20:49:41,2011-04-21 20:49:41
5407,923,837,2011-04-21 20:49:41,2011-04-21 20:49:41
5409,974,417,2011-04-21 20:49:41,2011-04-21 20:49:41
5410,974,629,2011-04-21 20:49:41,2011-04-21 20:49:41
5411,974,768,2011-04-21 20:49:41,2011-04-21 20:49:41
5412,974,185,2011-04-21 20:49:42,2011-04-21 20:49:42
5413,974,219,2011-04-21 20:49:42,2011-04-21 20:49:42
5415,974,358,2011-04-21 20:49:42,2011-04-21 20:49:42
5416,974,396,2011-04-21 20:49:42,2011-04-21 20:49:42
5417,974,464,2011-04-21 20:49:42,2011-04-21 20:49:42
5418,974,556,2011-04-21 20:49:42,2011-04-21 20:49:42
5419,974,715,2011-04-21 20:49:42,2011-04-21 20:49:42
5420,974,862,2011-04-21 20:49:42,2011-04-21 20:49:42
5421,974,915,2011-04-21 20:49:42,2011-04-21 20:49:42
5422,974,728,2011-04-21 20:49:42,2011-04-21 20:49:42
5423,974,286,2011-04-21 20:49:42,2011-04-21 20:49:42
5424,974,363,2011-04-21 20:49:42,2011-04-21 20:49:42
5427,892,277,2011-04-21 20:49:42,2011-04-21 20:49:42
5428,892,129,2011-04-21 20:49:42,2011-04-21 20:49:42
5429,892,340,2011-04-21 20:49:42,2011-04-21 20:49:42
5430,892,760,2011-04-21 20:49:42,2011-04-21 20:49:42
5431,990,824,2011-04-21 20:49:42,2011-04-21 20:49:42
5432,990,716,2011-04-21 20:49:42,2011-04-21 20:49:42
5433,990,503,2011-04-21 20:49:42,2011-04-21 20:49:42
5434,990,98,2011-04-21 20:49:42,2011-04-21 20:49:42
5435,910,201,2011-04-21 20:49:42,2011-04-21 20:49:42
5436,910,536,2011-04-21 20:49:42,2011-04-21 20:49:42
5437,910,609,2011-04-21 20:49:42,2011-04-21 20:49:42
5438,910,834,2011-04-21 20:49:42,2011-04-21 20:49:42
5439,519,261,2011-04-21 20:49:43,2011-04-21 20:49:43
5440,519,768,2011-04-21 20:49:43,2011-04-21 20:49:43
5441,943,441,2011-04-21 20:49:43,2011-04-21 20:49:43
5442,943,888,2011-04-21 20:49:43,2011-04-21 20:49:43
5443,943,743,2011-04-21 20:49:43,2011-04-21 20:49:43
5444,943,95,2011-04-21 20:49:43,2011-04-21 20:49:43
5445,943,57,2011-04-21 20:49:43,2011-04-21 20:49:43
5446,943,860,2011-04-21 20:49:43,2011-04-21 20:49:43
5447,964,532,2011-04-21 20:49:43,2011-04-21 20:49:43
5448,964,322,2011-04-21 20:49:43,2011-04-21 20:49:43
5449,964,655,2011-04-21 20:49:43,2011-04-21 20:49:43
5450,911,144,2011-04-21 20:49:43,2011-04-21 20:49:43
5451,911,757,2011-04-21 20:49:43,2011-04-21 20:49:43
5452,911,421,2011-04-21 20:49:43,2011-04-21 20:49:43
5453,858,927,2011-04-21 20:49:44,2011-04-21 20:49:44
5454,874,554,2011-04-21 20:49:44,2011-04-21 20:49:44
5455,874,927,2011-04-21 20:49:44,2011-04-21 20:49:44
5456,874,448,2011-04-21 20:49:44,2011-04-21 20:49:44
5457,890,533,2011-04-21 20:49:44,2011-04-21 20:49:44
5458,890,652,2011-04-21 20:49:44,2011-04-21 20:49:44
5459,890,346,2011-04-21 20:49:44,2011-04-21 20:49:44
5460,890,376,2011-04-21 20:49:44,2011-04-21 20:49:44
5461,890,713,2011-04-21 20:49:44,2011-04-21 20:49:44
5462,890,27,2011-04-21 20:49:44,2011-04-21 20:49:44
5463,890,631,2011-04-21 20:49:44,2011-04-21 20:49:44
5464,890,463,2011-04-21 20:49:44,2011-04-21 20:49:44
5465,890,685,2011-04-21 20:49:44,2011-04-21 20:49:44
5466,890,122,2011-04-21 20:49:44,2011-04-21 20:49:44
5467,902,613,2011-04-21 20:49:44,2011-04-21 20:49:44
5468,902,745,2011-04-21 20:49:44,2011-04-21 20:49:44
5469,902,94,2011-04-21 20:49:44,2011-04-21 20:49:44
5470,951,371,2011-04-21 20:49:44,2011-04-21 20:49:44
5471,989,639,2011-04-21 20:49:44,2011-04-21 20:49:44
5472,989,657,2011-04-21 20:49:44,2011-04-21 20:49:44
5473,989,589,2011-04-21 20:49:44,2011-04-21 20:49:44
5474,989,871,2011-04-21 20:49:44,2011-04-21 20:49:44
5475,989,766,2011-04-21 20:49:44,2011-04-21 20:49:44
5476,989,830,2011-04-21 20:49:45,2011-04-21 20:49:45
5477,914,336,2011-04-21 20:49:45,2011-04-21 20:49:45
5478,914,714,2011-04-21 20:49:45,2011-04-21 20:49:45
5479,914,817,2011-04-21 20:49:45,2011-04-21 20:49:45
5480,914,927,2011-04-21 20:49:45,2011-04-21 20:49:45
5481,915,746,2011-04-21 20:49:45,2011-04-21 20:49:45
5482,915,816,2011-04-21 20:49:45,2011-04-21 20:49:45
5483,915,321,2011-04-21 20:49:45,2011-04-21 20:49:45
5484,915,876,2011-04-21 20:49:45,2011-04-21 20:49:45
5485,915,393,2011-04-21 20:49:45,2011-04-21 20:49:45
5486,915,161,2011-04-21 20:49:45,2011-04-21 20:49:45
5487,915,175,2011-04-21 20:49:45,2011-04-21 20:49:45
5488,915,488,2011-04-21 20:49:45,2011-04-21 20:49:45
5489,915,424,2011-04-21 20:49:45,2011-04-21 20:49:45
5490,915,113,2011-04-21 20:49:45,2011-04-21 20:49:45
5491,915,912,2011-04-21 20:49:45,2011-04-21 20:49:45
5492,915,702,2011-04-21 20:49:46,2011-04-21 20:49:46
5493,915,177,2011-04-21 20:49:46,2011-04-21 20:49:46
5494,915,726,2011-04-21 20:49:46,2011-04-21 20:49:46
5495,915,65,2011-04-21 20:49:46,2011-04-21 20:49:46
5496,915,483,2011-04-21 20:49:46,2011-04-21 20:49:46
5497,915,633,2011-04-21 20:49:46,2011-04-21 20:49:46
5498,915,53,2011-04-21 20:49:46,2011-04-21 20:49:46
5499,915,575,2011-04-21 20:49:46,2011-04-21 20:49:46
5500,916,402,2011-04-21 20:49:46,2011-04-21 20:49:46
5501,916,864,2011-04-21 20:49:46,2011-04-21 20:49:46
5502,917,72,2011-04-21 20:49:46,2011-04-21 20:49:46
5503,917,145,2011-04-21 20:49:46,2011-04-21 20:49:46
5504,917,864,2011-04-21 20:49:46,2011-04-21 20:49:46
5505,917,5,2011-04-21 20:49:46,2011-04-21 20:49:46
5506,917,179,2011-04-21 20:49:46,2011-04-21 20:49:46
5507,917,92,2011-04-21 20:49:46,2011-04-21 20:49:46
5508,917,402,2011-04-21 20:49:46,2011-04-21 20:49:46
5509,917,33,2011-04-21 20:49:46,2011-04-21 20:49:46
5510,917,435,2011-04-21 20:49:46,2011-04-21 20:49:46
5511,917,85,2011-04-21 20:49:46,2011-04-21 20:49:46
5512,917,535,2011-04-21 20:49:46,2011-04-21 20:49:46
5513,917,445,2011-04-21 20:49:46,2011-04-21 20:49:46
5514,904,371,2011-04-21 20:49:46,2011-04-21 20:49:46
5515,918,417,2011-04-21 20:49:47,2011-04-21 20:49:47
5516,918,629,2011-04-21 20:49:47,2011-04-21 20:49:47
5517,861,852,2011-04-21 20:49:47,2011-04-21 20:49:47
5518,861,366,2011-04-21 20:49:47,2011-04-21 20:49:47
5519,997,927,2011-04-21 20:49:47,2011-04-21 20:49:47
5520,997,376,2011-04-21 20:49:47,2011-04-21 20:49:47
5521,997,612,2011-04-21 20:49:47,2011-04-21 20:49:47
5522,997,245,2011-04-21 20:49:47,2011-04-21 20:49:47
5523,997,463,2011-04-21 20:49:47,2011-04-21 20:49:47
5524,997,619,2011-04-21 20:49:47,2011-04-21 20:49:47
5525,920,613,2011-04-21 20:49:47,2011-04-21 20:49:47
5526,920,94,2011-04-21 20:49:47,2011-04-21 20:49:47
5527,956,746,2011-04-21 20:49:47,2011-04-21 20:49:47
5528,956,469,2011-04-21 20:49:47,2011-04-21 20:49:47
5529,963,261,2011-04-21 20:49:47,2011-04-21 20:49:47
5530,963,417,2011-04-21 20:49:47,2011-04-21 20:49:47
5531,963,629,2011-04-21 20:49:47,2011-04-21 20:49:47
5532,963,768,2011-04-21 20:49:47,2011-04-21 20:49:47
5533,893,622,2011-04-21 20:49:48,2011-04-21 20:49:48
5534,893,277,2011-04-21 20:49:48,2011-04-21 20:49:48
5535,893,577,2011-04-21 20:49:48,2011-04-21 20:49:48
5536,893,4,2011-04-21 20:49:48,2011-04-21 20:49:48
5537,893,129,2011-04-21 20:49:48,2011-04-21 20:49:48
5538,893,760,2011-04-21 20:49:48,2011-04-21 20:49:48
5539,960,629,2011-04-21 20:49:48,2011-04-21 20:49:48
5540,960,927,2011-04-21 20:49:48,2011-04-21 20:49:48
5541,859,182,2011-04-21 20:49:48,2011-04-21 20:49:48
5542,859,887,2011-04-21 20:49:48,2011-04-21 20:49:48
5543,859,417,2011-04-21 20:49:48,2011-04-21 20:49:48
5544,859,629,2011-04-21 20:49:48,2011-04-21 20:49:48
5545,937,577,2011-04-21 20:49:48,2011-04-21 20:49:48
5546,937,714,2011-04-21 20:49:48,2011-04-21 20:49:48
5547,937,201,2011-04-21 20:49:48,2011-04-21 20:49:48
5548,937,536,2011-04-21 20:49:48,2011-04-21 20:49:48
5549,937,609,2011-04-21 20:49:48,2011-04-21 20:49:48
5550,937,834,2011-04-21 20:49:48,2011-04-21 20:49:48
5551,979,927,2011-04-21 20:49:48,2011-04-21 20:49:48
5552,979,125,2011-04-21 20:49:48,2011-04-21 20:49:48
5553,979,27,2011-04-21 20:49:48,2011-04-21 20:49:48
5554,1007,322,2011-04-21 20:49:49,2011-04-21 20:49:49
5555,938,222,2011-04-21 20:49:49,2011-04-21 20:49:49
5556,938,588,2011-04-21 20:49:49,2011-04-21 20:49:49
5557,938,284,2011-04-21 20:49:49,2011-04-21 20:49:49
5558,938,586,2011-04-21 20:49:49,2011-04-21 20:49:49
5559,938,408,2011-04-21 20:49:49,2011-04-21 20:49:49
5560,938,725,2011-04-21 20:49:49,2011-04-21 20:49:49
5561,938,847,2011-04-21 20:49:49,2011-04-21 20:49:49
5562,938,605,2011-04-21 20:49:49,2011-04-21 20:49:49
5563,938,663,2011-04-21 20:49:49,2011-04-21 20:49:49
5564,938,201,2011-04-21 20:49:49,2011-04-21 20:49:49
5565,938,536,2011-04-21 20:49:49,2011-04-21 20:49:49
5566,938,609,2011-04-21 20:49:49,2011-04-21 20:49:49
5567,938,834,2011-04-21 20:49:49,2011-04-21 20:49:49
5568,981,565,2011-04-21 20:49:49,2011-04-21 20:49:49
5569,981,301,2011-04-21 20:49:49,2011-04-21 20:49:49
5570,981,55,2011-04-21 20:49:49,2011-04-21 20:49:49
5571,981,824,2011-04-21 20:49:49,2011-04-21 20:49:49
5572,981,747,2011-04-21 20:49:49,2011-04-21 20:49:49
5573,981,485,2011-04-21 20:49:49,2011-04-21 20:49:49
5574,981,189,2011-04-21 20:49:49,2011-04-21 20:49:49
5575,981,324,2011-04-21 20:49:50,2011-04-21 20:49:50
5576,812,325,2011-04-21 20:49:50,2011-04-21 20:49:50
5577,953,277,2011-04-21 20:49:50,2011-04-21 20:49:50
5578,953,336,2011-04-21 20:49:50,2011-04-21 20:49:50
5579,953,602,2011-04-21 20:49:50,2011-04-21 20:49:50
5580,903,458,2011-04-21 20:49:50,2011-04-21 20:49:50
5581,1017,61,2011-04-21 20:49:50,2011-04-21 20:49:50
5582,1017,278,2011-04-21 20:49:50,2011-04-21 20:49:50
5583,1017,448,2011-04-21 20:49:50,2011-04-21 20:49:50
5584,1017,552,2011-04-21 20:49:50,2011-04-21 20:49:50
5585,1017,798,2011-04-21 20:49:50,2011-04-21 20:49:50
5586,1017,827,2011-04-21 20:49:50,2011-04-21 20:49:50
5587,1017,446,2011-04-21 20:49:50,2011-04-21 20:49:50
5588,1017,796,2011-04-21 20:49:50,2011-04-21 20:49:50
5589,1018,366,2011-04-21 20:49:50,2011-04-21 20:49:50
5590,1018,61,2011-04-21 20:49:50,2011-04-21 20:49:50
5591,1018,278,2011-04-21 20:49:50,2011-04-21 20:49:50
5592,1018,448,2011-04-21 20:49:50,2011-04-21 20:49:50
5593,1018,552,2011-04-21 20:49:51,2011-04-21 20:49:51
5594,1018,798,2011-04-21 20:49:51,2011-04-21 20:49:51
5595,1018,827,2011-04-21 20:49:51,2011-04-21 20:49:51
5596,1018,446,2011-04-21 20:49:51,2011-04-21 20:49:51
5597,1018,796,2011-04-21 20:49:51,2011-04-21 20:49:51
5598,1019,366,2011-04-21 20:49:51,2011-04-21 20:49:51
5599,1019,61,2011-04-21 20:49:51,2011-04-21 20:49:51
5600,1019,278,2011-04-21 20:49:51,2011-04-21 20:49:51
5601,1019,448,2011-04-21 20:49:51,2011-04-21 20:49:51
5602,1019,552,2011-04-21 20:49:51,2011-04-21 20:49:51
5603,1019,798,2011-04-21 20:49:51,2011-04-21 20:49:51
5604,1019,827,2011-04-21 20:49:51,2011-04-21 20:49:51
5605,1019,446,2011-04-21 20:49:51,2011-04-21 20:49:51
5606,1019,796,2011-04-21 20:49:51,2011-04-21 20:49:51
5607,1020,366,2011-04-21 20:49:51,2011-04-21 20:49:51
5608,1020,61,2011-04-21 20:49:51,2011-04-21 20:49:51
5609,1020,278,2011-04-21 20:49:51,2011-04-21 20:49:51
5610,1020,448,2011-04-21 20:49:51,2011-04-21 20:49:51
5611,1020,552,2011-04-21 20:49:51,2011-04-21 20:49:51
5612,1020,798,2011-04-21 20:49:51,2011-04-21 20:49:51
5613,1020,827,2011-04-21 20:49:51,2011-04-21 20:49:51
5614,1020,446,2011-04-21 20:49:51,2011-04-21 20:49:51
5615,1020,796,2011-04-21 20:49:51,2011-04-21 20:49:51
5616,1039,889,2011-04-21 20:49:51,2011-04-21 20:49:51
5617,1026,927,2011-04-21 20:49:51,2011-04-21 20:49:51
5618,1036,469,2011-04-21 20:49:51,2011-04-21 20:49:51
5619,1036,746,2011-04-21 20:49:51,2011-04-21 20:49:51
5620,1010,27,2011-04-21 20:49:52,2011-04-21 20:49:52
5621,1010,143,2011-04-21 20:49:52,2011-04-21 20:49:52
5622,1010,927,2011-04-21 20:49:52,2011-04-21 20:49:52
5623,1010,652,2011-04-21 20:49:52,2011-04-21 20:49:52
5624,1010,882,2011-04-21 20:49:52,2011-04-21 20:49:52
5625,1024,615,2011-04-21 20:49:52,2011-04-21 20:49:52
5626,1015,261,2011-04-21 20:49:52,2011-04-21 20:49:52
5627,1015,417,2011-04-21 20:49:52,2011-04-21 20:49:52
5628,1015,629,2011-04-21 20:49:52,2011-04-21 20:49:52
5629,1015,768,2011-04-21 20:49:52,2011-04-21 20:49:52
5630,1015,185,2011-04-21 20:49:52,2011-04-21 20:49:52
5631,1015,219,2011-04-21 20:49:52,2011-04-21 20:49:52
5633,1015,358,2011-04-21 20:49:52,2011-04-21 20:49:52
5634,1015,396,2011-04-21 20:49:52,2011-04-21 20:49:52
5635,1015,464,2011-04-21 20:49:52,2011-04-21 20:49:52
5636,1015,556,2011-04-21 20:49:52,2011-04-21 20:49:52
5637,1015,715,2011-04-21 20:49:52,2011-04-21 20:49:52
5638,1015,862,2011-04-21 20:49:52,2011-04-21 20:49:52
5639,1015,915,2011-04-21 20:49:52,2011-04-21 20:49:52
5640,1012,261,2011-04-21 20:49:52,2011-04-21 20:49:52
5641,1012,417,2011-04-21 20:49:52,2011-04-21 20:49:52
5642,1012,629,2011-04-21 20:49:52,2011-04-21 20:49:52
5643,1012,768,2011-04-21 20:49:52,2011-04-21 20:49:52
5644,1012,185,2011-04-21 20:49:52,2011-04-21 20:49:52
5645,1012,219,2011-04-21 20:49:53,2011-04-21 20:49:53
5647,1012,358,2011-04-21 20:49:53,2011-04-21 20:49:53
5648,1012,396,2011-04-21 20:49:53,2011-04-21 20:49:53
5649,1012,464,2011-04-21 20:49:53,2011-04-21 20:49:53
5650,1012,556,2011-04-21 20:49:53,2011-04-21 20:49:53
5651,1012,715,2011-04-21 20:49:53,2011-04-21 20:49:53
5652,1012,862,2011-04-21 20:49:53,2011-04-21 20:49:53
5653,1012,915,2011-04-21 20:49:53,2011-04-21 20:49:53
5654,1013,261,2011-04-21 20:49:53,2011-04-21 20:49:53
5655,1013,417,2011-04-21 20:49:53,2011-04-21 20:49:53
5656,1013,629,2011-04-21 20:49:53,2011-04-21 20:49:53
5657,1013,768,2011-04-21 20:49:53,2011-04-21 20:49:53
5658,1013,185,2011-04-21 20:49:53,2011-04-21 20:49:53
5659,1013,219,2011-04-21 20:49:53,2011-04-21 20:49:53
5661,1013,358,2011-04-21 20:49:53,2011-04-21 20:49:53
5662,1013,396,2011-04-21 20:49:53,2011-04-21 20:49:53
5663,1013,464,2011-04-21 20:49:53,2011-04-21 20:49:53
5664,1013,556,2011-04-21 20:49:53,2011-04-21 20:49:53
5665,1013,715,2011-04-21 20:49:53,2011-04-21 20:49:53
5666,1013,862,2011-04-21 20:49:53,2011-04-21 20:49:53
5667,1013,915,2011-04-21 20:49:53,2011-04-21 20:49:53
5668,1014,261,2011-04-21 20:49:53,2011-04-21 20:49:53
5669,1014,417,2011-04-21 20:49:53,2011-04-21 20:49:53
5670,1014,629,2011-04-21 20:49:53,2011-04-21 20:49:53
5671,1014,768,2011-04-21 20:49:53,2011-04-21 20:49:53
5672,1014,185,2011-04-21 20:49:53,2011-04-21 20:49:53
5673,1014,219,2011-04-21 20:49:53,2011-04-21 20:49:53
5675,1014,358,2011-04-21 20:49:53,2011-04-21 20:49:53
5676,1014,396,2011-04-21 20:49:53,2011-04-21 20:49:53
5677,1014,464,2011-04-21 20:49:53,2011-04-21 20:49:53
5678,1014,556,2011-04-21 20:49:53,2011-04-21 20:49:53
5679,1014,715,2011-04-21 20:49:53,2011-04-21 20:49:53
5680,1014,862,2011-04-21 20:49:53,2011-04-21 20:49:53
5681,1014,915,2011-04-21 20:49:53,2011-04-21 20:49:53
5682,1016,261,2011-04-21 20:49:53,2011-04-21 20:49:53
5683,1016,417,2011-04-21 20:49:53,2011-04-21 20:49:53
5684,1016,629,2011-04-21 20:49:53,2011-04-21 20:49:53
5685,1016,768,2011-04-21 20:49:53,2011-04-21 20:49:53
5686,1016,185,2011-04-21 20:49:54,2011-04-21 20:49:54
5687,1016,219,2011-04-21 20:49:54,2011-04-21 20:49:54
5689,1016,358,2011-04-21 20:49:54,2011-04-21 20:49:54
5690,1016,396,2011-04-21 20:49:54,2011-04-21 20:49:54
5691,1016,464,2011-04-21 20:49:54,2011-04-21 20:49:54
5692,1016,556,2011-04-21 20:49:54,2011-04-21 20:49:54
5693,1016,715,2011-04-21 20:49:54,2011-04-21 20:49:54
5694,1016,862,2011-04-21 20:49:54,2011-04-21 20:49:54
5695,1016,915,2011-04-21 20:49:54,2011-04-21 20:49:54
5696,1025,430,2011-04-21 20:49:54,2011-04-21 20:49:54
5697,1029,734,2011-04-21 20:49:54,2011-04-21 20:49:54
5698,1073,417,2011-04-21 21:23:20,2011-04-21 21:23:20
5699,1073,396,2011-04-21 21:23:20,2011-04-21 21:23:20
5700,1073,261,2011-04-21 21:23:20,2011-04-21 21:23:20
5701,1073,573,2011-04-21 21:23:20,2011-04-21 21:23:20
5702,1073,531,2011-04-21 21:23:20,2011-04-21 21:23:20
5703,1073,804,2011-04-21 21:23:20,2011-04-21 21:23:20
5704,1073,45,2011-04-21 21:23:20,2011-04-21 21:23:20
5705,1073,556,2011-04-21 21:23:20,2011-04-21 21:23:20
5706,1073,464,2011-04-21 21:23:20,2011-04-21 21:23:20
5707,1073,715,2011-04-21 21:23:20,2011-04-21 21:23:20
5708,1073,629,2011-04-21 21:23:21,2011-04-21 21:23:21
5709,1073,313,2011-04-21 21:23:21,2011-04-21 21:23:21
5710,1073,619,2011-04-21 21:23:21,2011-04-21 21:23:21
5711,1073,185,2011-04-21 21:23:21,2011-04-21 21:23:21
5712,1073,768,2011-04-21 21:23:21,2011-04-21 21:23:21
5713,1073,915,2011-04-21 21:23:21,2011-04-21 21:23:21
5714,1073,219,2011-04-21 21:23:21,2011-04-21 21:23:21
5715,921,301,2011-04-21 21:42:43,2011-04-21 21:42:43
5716,921,261,2011-04-21 21:42:43,2011-04-21 21:42:43
5717,921,210,2011-04-21 21:42:43,2011-04-21 21:42:43
5718,921,101,2011-04-21 21:42:43,2011-04-21 21:42:43
5719,921,493,2011-04-21 21:42:43,2011-04-21 21:42:43
5720,921,566,2011-04-21 21:42:43,2011-04-21 21:42:43
5721,921,255,2011-04-21 21:42:43,2011-04-21 21:42:43
5722,921,189,2011-04-21 21:42:43,2011-04-21 21:42:43
5723,921,55,2011-04-21 21:42:43,2011-04-21 21:42:43
5724,921,739,2011-04-21 21:42:43,2011-04-21 21:42:43
5725,921,366,2011-04-21 21:42:43,2011-04-21 21:42:43
5726,785,417,2011-04-22 15:59:46,2011-04-22 15:59:46
5727,785,261,2011-04-22 15:59:46,2011-04-22 15:59:46
5728,785,629,2011-04-22 15:59:46,2011-04-22 15:59:46
5729,785,768,2011-04-22 15:59:46,2011-04-22 15:59:46
5730,1043,860,2011-05-16 00:46:34,2011-05-16 00:46:34
5731,1043,196,2011-05-16 00:46:34,2011-05-16 00:46:34
5732,1043,888,2011-05-16 00:46:34,2011-05-16 00:46:34
5733,1043,743,2011-05-16 00:46:34,2011-05-16 00:46:34
5734,1046,559,2011-05-16 00:56:17,2011-05-16 00:56:17
5735,1046,714,2011-05-16 00:56:17,2011-05-16 00:56:17
5736,1046,180,2011-05-16 00:56:17,2011-05-16 00:56:17
5737,1074,381,2011-05-16 02:16:26,2011-05-16 02:16:26
5738,1074,371,2011-05-16 02:16:26,2011-05-16 02:16:26
5739,1074,336,2011-05-16 02:16:26,2011-05-16 02:16:26
5740,1075,797,2011-05-16 03:05:39,2011-05-16 03:05:39
5741,1075,927,2011-05-16 03:05:39,2011-05-16 03:05:39
5742,848,98,2011-05-17 21:34:07,2011-05-17 21:34:07
5743,848,239,2011-05-17 21:34:07,2011-05-17 21:34:07
5744,848,123,2011-05-17 21:34:07,2011-05-17 21:34:07
5745,848,203,2011-05-17 21:34:07,2011-05-17 21:34:07
5746,848,168,2011-05-17 21:34:07,2011-05-17 21:34:07
5747,848,704,2011-05-17 21:34:07,2011-05-17 21:34:07
5748,848,228,2011-05-17 21:34:07,2011-05-17 21:34:07
5749,848,616,2011-05-17 21:34:07,2011-05-17 21:34:07
5750,848,924,2011-05-17 21:37:01,2011-05-17 21:37:01
5751,848,286,2011-05-17 21:37:01,2011-05-17 21:37:01
5752,848,104,2011-05-17 21:37:01,2011-05-17 21:37:01
5753,848,363,2011-05-17 21:37:01,2011-05-17 21:37:01
5754,848,849,2011-05-17 21:37:01,2011-05-17 21:37:01
5755,848,643,2011-05-17 21:37:01,2011-05-17 21:37:01
5756,83,622,2011-05-17 21:45:01,2011-05-17 21:45:01
5757,83,714,2011-05-17 21:45:01,2011-05-17 21:45:01
5758,108,570,2011-05-17 22:07:38,2011-05-17 22:07:38
5759,108,577,2011-05-17 22:07:38,2011-05-17 22:07:38
5760,108,4,2011-05-17 22:07:39,2011-05-17 22:07:39
5761,199,898,2011-05-17 22:20:10,2011-05-17 22:20:10
5762,202,839,2011-05-17 22:23:16,2011-05-17 22:23:16
5763,320,322,2011-05-17 22:28:17,2011-05-17 22:28:17
5764,400,615,2011-05-17 22:32:19,2011-05-17 22:32:19
5765,492,301,2011-05-17 22:59:16,2011-05-17 22:59:16
5766,492,261,2011-05-17 22:59:16,2011-05-17 22:59:16
5767,492,919,2011-05-17 22:59:16,2011-05-17 22:59:16
5768,492,791,2011-05-17 22:59:16,2011-05-17 22:59:16
5769,492,316,2011-05-17 22:59:16,2011-05-17 22:59:16
5770,492,521,2011-05-17 22:59:16,2011-05-17 22:59:16
5771,492,80,2011-05-17 22:59:16,2011-05-17 22:59:16
5772,492,236,2011-05-17 22:59:16,2011-05-17 22:59:16
5773,492,922,2011-05-17 22:59:16,2011-05-17 22:59:16
5774,851,609,2011-05-17 23:19:17,2011-05-17 23:19:17
5775,851,286,2011-05-17 23:19:17,2011-05-17 23:19:17
5776,851,704,2011-05-17 23:19:18,2011-05-17 23:19:18
5777,851,404,2011-05-17 23:19:18,2011-05-17 23:19:18
5778,851,849,2011-05-17 23:19:18,2011-05-17 23:19:18
5779,851,894,2011-05-17 23:22:57,2011-05-17 23:22:57
5780,855,417,2011-05-17 23:25:03,2011-05-17 23:25:03
5781,855,266,2011-05-17 23:25:03,2011-05-17 23:25:03
5782,857,728,2011-05-17 23:33:27,2011-05-17 23:33:27
5783,857,197,2011-05-17 23:33:27,2011-05-17 23:33:27
5784,857,139,2011-05-17 23:33:27,2011-05-17 23:33:27
5785,857,891,2011-05-17 23:33:27,2011-05-17 23:33:27
5786,857,167,2011-05-17 23:33:27,2011-05-17 23:33:27
5787,857,553,2011-05-17 23:33:27,2011-05-17 23:33:27
5788,857,353,2011-05-17 23:33:27,2011-05-17 23:33:27
5789,857,738,2011-05-17 23:33:27,2011-05-17 23:33:27
5790,857,917,2011-05-17 23:33:27,2011-05-17 23:33:27
5791,857,64,2011-05-17 23:33:27,2011-05-17 23:33:27
5792,857,737,2011-05-17 23:33:28,2011-05-17 23:33:28
5793,857,725,2011-05-17 23:33:28,2011-05-17 23:33:28
5794,857,788,2011-05-17 23:33:28,2011-05-17 23:33:28
5795,857,271,2011-05-17 23:33:28,2011-05-17 23:33:28
5796,857,408,2011-05-17 23:33:28,2011-05-17 23:33:28
5797,857,675,2011-05-17 23:33:28,2011-05-17 23:33:28
5798,536,68,2011-05-18 02:23:59,2011-05-18 02:23:59
5799,54,518,2011-05-18 02:26:03,2011-05-18 02:26:03
5800,932,602,2011-05-18 02:38:21,2011-05-18 02:38:21
5801,932,622,2011-05-18 02:38:21,2011-05-18 02:38:21
5802,932,714,2011-05-18 02:38:21,2011-05-18 02:38:21
5803,932,336,2011-05-18 02:38:21,2011-05-18 02:38:21
5804,933,622,2011-05-18 02:41:37,2011-05-18 02:41:37
5805,933,577,2011-05-18 02:41:37,2011-05-18 02:41:37
5806,933,683,2011-05-18 02:41:37,2011-05-18 02:41:37
5807,968,510,2011-05-18 02:48:24,2011-05-18 02:48:24
5808,968,134,2011-05-18 02:48:24,2011-05-18 02:48:24
5809,1002,381,2011-05-18 02:51:21,2011-05-18 02:51:21
5810,1002,683,2011-05-18 02:51:21,2011-05-18 02:51:21
5817,1009,317,2011-05-18 03:09:15,2011-05-18 03:09:15
5818,1009,41,2011-05-18 03:09:15,2011-05-18 03:09:15
5819,1009,803,2011-05-18 03:09:15,2011-05-18 03:09:15
5820,1009,273,2011-05-18 03:09:15,2011-05-18 03:09:15
5821,1009,468,2011-05-18 03:09:15,2011-05-18 03:09:15
5822,1009,199,2011-05-18 03:09:15,2011-05-18 03:09:15
5823,1009,283,2011-05-18 03:09:15,2011-05-18 03:09:15
5824,1009,334,2011-05-18 03:09:15,2011-05-18 03:09:15
5825,1009,584,2011-05-18 03:09:15,2011-05-18 03:09:15
5826,1009,784,2011-05-18 03:09:15,2011-05-18 03:09:15
5827,1009,264,2011-05-18 03:09:15,2011-05-18 03:09:15
5828,1009,367,2011-05-18 03:09:15,2011-05-18 03:09:15
5829,1030,355,2011-05-18 03:14:01,2011-05-18 03:14:01
5830,1030,532,2011-05-18 03:14:01,2011-05-18 03:14:01
5831,1030,927,2011-05-18 03:14:01,2011-05-18 03:14:01
5832,1032,301,2011-05-18 03:24:37,2011-05-18 03:24:37
5833,1032,261,2011-05-18 03:24:37,2011-05-18 03:24:37
5834,1032,919,2011-05-18 03:24:37,2011-05-18 03:24:37
5835,1032,791,2011-05-18 03:24:37,2011-05-18 03:24:37
5836,1032,316,2011-05-18 03:24:37,2011-05-18 03:24:37
5837,1032,521,2011-05-18 03:24:37,2011-05-18 03:24:37
5838,1032,80,2011-05-18 03:24:37,2011-05-18 03:24:37
5839,1032,236,2011-05-18 03:24:37,2011-05-18 03:24:37
5840,1032,922,2011-05-18 03:24:37,2011-05-18 03:24:37
5841,1033,741,2011-05-18 03:46:08,2011-05-18 03:46:08
5842,1033,27,2011-05-18 03:46:08,2011-05-18 03:46:08
5843,1033,376,2011-05-18 03:46:08,2011-05-18 03:46:08
5844,1033,786,2011-05-18 03:46:08,2011-05-18 03:46:08
5845,1033,639,2011-05-18 03:46:08,2011-05-18 03:46:08
5846,1033,927,2011-05-18 03:46:08,2011-05-18 03:46:08
5847,1033,538,2011-05-18 03:46:08,2011-05-18 03:46:08
5848,1033,869,2011-05-18 03:46:08,2011-05-18 03:46:08
5849,1037,145,2011-05-18 03:52:23,2011-05-18 03:52:23
5850,1037,33,2011-05-18 03:52:23,2011-05-18 03:52:23
5851,1037,5,2011-05-18 03:52:23,2011-05-18 03:52:23
5852,1037,72,2011-05-18 03:52:23,2011-05-18 03:52:23
5853,1037,864,2011-05-18 03:52:23,2011-05-18 03:52:23
5854,1037,40,2011-05-18 03:52:23,2011-05-18 03:52:23
5855,1038,655,2011-05-18 03:55:50,2011-05-18 03:55:50
5856,1038,30,2011-05-18 03:55:50,2011-05-18 03:55:50
5857,1045,417,2011-05-18 04:03:20,2011-05-18 04:03:20
5858,1045,464,2011-05-18 04:03:20,2011-05-18 04:03:20
5859,1045,629,2011-05-18 04:03:20,2011-05-18 04:03:20
5860,1045,768,2011-05-18 04:03:20,2011-05-18 04:03:20
5861,1045,915,2011-05-18 04:03:20,2011-05-18 04:03:20
5862,1045,219,2011-05-18 04:03:20,2011-05-18 04:03:20
5863,1052,261,2011-05-18 04:08:55,2011-05-18 04:08:55
5864,1052,70,2011-05-18 04:08:56,2011-05-18 04:08:56
5865,1052,791,2011-05-18 04:08:56,2011-05-18 04:08:56
5866,1055,622,2011-05-18 04:12:00,2011-05-18 04:12:00
5867,1055,577,2011-05-18 04:12:00,2011-05-18 04:12:00
5868,1055,277,2011-05-18 04:12:00,2011-05-18 04:12:00
5869,1055,714,2011-05-18 04:12:00,2011-05-18 04:12:00
5870,1057,570,2011-05-18 04:15:02,2011-05-18 04:15:02
5871,1057,622,2011-05-18 04:15:02,2011-05-18 04:15:02
5872,1057,577,2011-05-18 04:15:02,2011-05-18 04:15:02
5873,1057,277,2011-05-18 04:15:02,2011-05-18 04:15:02
5874,1057,714,2011-05-18 04:15:02,2011-05-18 04:15:02
5875,1058,919,2011-05-19 02:32:31,2011-05-19 02:32:31
5876,1058,454,2011-05-19 02:32:31,2011-05-19 02:32:31
5877,1058,316,2011-05-19 02:32:31,2011-05-19 02:32:31
5878,1058,521,2011-05-19 02:32:31,2011-05-19 02:32:31
5879,1058,280,2011-05-19 02:32:31,2011-05-19 02:32:31
5880,1058,80,2011-05-19 02:32:31,2011-05-19 02:32:31
5881,1058,236,2011-05-19 02:32:31,2011-05-19 02:32:31
5882,1058,922,2011-05-19 02:32:31,2011-05-19 02:32:31
5883,1063,756,2011-05-19 02:34:46,2011-05-19 02:34:46
5884,1063,263,2011-05-19 02:34:46,2011-05-19 02:34:46
5885,1067,482,2011-05-19 02:36:32,2011-05-19 02:36:32
5886,1067,484,2011-05-19 02:36:32,2011-05-19 02:36:32
5887,1069,277,2011-05-19 02:38:08,2011-05-19 02:38:08
5888,1069,237,2011-05-19 02:38:08,2011-05-19 02:38:08
5889,1077,797,2011-06-14 22:34:56,2011-06-14 22:34:56
5890,1077,927,2011-06-14 22:34:56,2011-06-14 22:34:56
5891,1078,746,2011-06-21 17:00:03,2011-06-21 17:00:03
5892,1078,289,2011-06-21 17:00:03,2011-06-21 17:00:03
5893,1078,469,2011-06-21 17:00:03,2011-06-21 17:00:03
5894,1079,570,2011-07-08 22:49:02,2011-07-08 22:49:02
5895,1079,622,2011-07-08 22:49:02,2011-07-08 22:49:02
5896,1079,714,2011-07-08 22:49:02,2011-07-08 22:49:02
5898,1080,587,2011-07-10 21:55:05,2011-07-10 21:55:05
5899,1080,245,2011-07-10 21:55:05,2011-07-10 21:55:05
5900,1082,612,2011-07-11 21:20:28,2011-07-11 21:20:28
5901,1082,797,2011-07-11 21:20:28,2011-07-11 21:20:28
5902,1082,927,2011-07-11 21:20:28,2011-07-11 21:20:28
5908,1090,417,2011-07-29 16:23:09,2011-07-29 16:23:09
5909,1090,261,2011-07-29 16:23:09,2011-07-29 16:23:09
5910,1090,629,2011-07-29 16:23:09,2011-07-29 16:23:09
5911,1091,417,2011-07-29 17:10:44,2011-07-29 17:10:44
5912,1091,261,2011-07-29 17:10:44,2011-07-29 17:10:44
5913,1091,629,2011-07-29 17:10:44,2011-07-29 17:10:44
5914,1092,628,2011-07-29 17:47:23,2011-07-29 17:47:23
5915,1093,381,2011-07-29 18:10:36,2011-07-29 18:10:36
5916,1093,277,2011-07-29 18:10:36,2011-07-29 18:10:36
5917,1093,371,2011-07-29 18:10:36,2011-07-29 18:10:36
5918,1093,620,2011-07-29 18:10:36,2011-07-29 18:10:36
5919,1095,728,2011-08-01 19:30:51,2011-08-01 19:30:51
5920,1095,477,2011-08-01 19:30:51,2011-08-01 19:30:51
5921,1095,632,2011-08-01 19:30:51,2011-08-01 19:30:51
5922,1095,286,2011-08-01 19:30:51,2011-08-01 19:30:51
5923,1095,464,2011-08-01 19:30:51,2011-08-01 19:30:51
5924,1095,921,2011-08-01 19:30:51,2011-08-01 19:30:51
5925,1095,797,2011-08-01 19:30:51,2011-08-01 19:30:51
5926,1095,635,2011-08-01 19:30:51,2011-08-01 19:30:51
5927,1095,915,2011-08-01 19:30:51,2011-08-01 19:30:51
5928,1095,927,2011-08-01 19:30:51,2011-08-01 19:30:51
5929,1095,363,2011-08-01 19:30:51,2011-08-01 19:30:51
5930,1096,122,2011-08-03 03:59:02,2011-08-03 03:59:02
5931,1096,612,2011-08-03 03:59:02,2011-08-03 03:59:02
5932,1096,573,2011-08-03 03:59:02,2011-08-03 03:59:02
5933,1096,27,2011-08-03 03:59:02,2011-08-03 03:59:02
5934,1096,685,2011-08-03 03:59:02,2011-08-03 03:59:02
5935,1096,45,2011-08-03 03:59:02,2011-08-03 03:59:02
5936,1096,879,2011-08-03 03:59:02,2011-08-03 03:59:02
5937,1096,629,2011-08-03 03:59:02,2011-08-03 03:59:02
5938,1096,463,2011-08-03 03:59:02,2011-08-03 03:59:02
5939,1096,549,2011-08-03 03:59:02,2011-08-03 03:59:02
5940,1096,376,2011-08-03 03:59:02,2011-08-03 03:59:02
5941,1096,768,2011-08-03 03:59:02,2011-08-03 03:59:02
5942,1096,373,2011-08-03 03:59:02,2011-08-03 03:59:02
5943,1096,608,2011-08-03 03:59:02,2011-08-03 03:59:02
5944,1098,417,2011-08-03 23:08:55,2011-08-03 23:08:55
5945,1098,261,2011-08-03 23:08:55,2011-08-03 23:08:55
5946,1098,573,2011-08-03 23:08:55,2011-08-03 23:08:55
5947,1098,531,2011-08-03 23:08:55,2011-08-03 23:08:55
5948,1098,804,2011-08-03 23:08:55,2011-08-03 23:08:55
5949,1098,45,2011-08-03 23:08:55,2011-08-03 23:08:55
5950,1098,629,2011-08-03 23:08:55,2011-08-03 23:08:55
5951,1098,397,2011-08-03 23:08:55,2011-08-03 23:08:55
5952,1098,768,2011-08-03 23:08:56,2011-08-03 23:08:56
5953,1098,373,2011-08-03 23:08:56,2011-08-03 23:08:56
5954,1098,212,2011-08-03 23:08:56,2011-08-03 23:08:56
5955,836,44,2011-08-05 19:53:43,2011-08-05 19:53:43
5956,836,277,2011-08-05 19:53:43,2011-08-05 19:53:43
5957,1099,540,2011-08-15 03:09:07,2011-08-15 03:09:07
5958,1099,239,2011-08-15 03:09:07,2011-08-15 03:09:07
5959,1099,439,2011-08-15 03:09:07,2011-08-15 03:09:07
5960,1099,425,2011-08-15 03:09:07,2011-08-15 03:09:07
5961,1099,64,2011-08-15 03:09:07,2011-08-15 03:09:07
5962,1099,821,2011-08-15 03:09:07,2011-08-15 03:09:07
5963,1099,788,2011-08-15 03:09:07,2011-08-15 03:09:07
5964,1099,271,2011-08-15 03:09:07,2011-08-15 03:09:07
5965,1099,530,2011-08-15 03:09:07,2011-08-15 03:09:07
5966,1099,675,2011-08-15 03:09:07,2011-08-15 03:09:07
5967,1099,495,2011-08-15 03:09:07,2011-08-15 03:09:07
5968,1099,507,2011-08-15 03:10:03,2011-08-15 03:10:03
5970,1103,129,2011-08-18 19:49:51,2011-08-18 19:49:51
5971,1103,760,2011-08-18 19:49:51,2011-08-18 19:49:51
5974,1106,629,2011-08-18 20:51:39,2011-08-18 20:51:39
5975,1106,768,2011-08-18 20:51:39,2011-08-18 20:51:39
5979,1111,577,2011-08-24 19:28:27,2011-08-24 19:28:27
5980,1111,683,2011-08-24 19:28:27,2011-08-24 19:28:27
5981,1111,760,2011-08-24 19:28:27,2011-08-24 19:28:27
5982,1112,381,2011-08-24 21:07:28,2011-08-24 21:07:28
5983,1112,683,2011-08-24 21:07:28,2011-08-24 21:07:28
5984,1112,22,2011-08-24 21:07:28,2011-08-24 21:07:28
5985,1112,234,2011-08-24 21:18:08,2011-08-24 21:18:08
5986,1113,612,2011-08-24 21:42:35,2011-08-24 21:42:35
5987,1113,376,2011-08-24 21:42:35,2011-08-24 21:42:35
5988,1113,797,2011-08-24 21:42:35,2011-08-24 21:42:35
5989,1113,473,2011-08-24 21:42:35,2011-08-24 21:42:35
5990,1113,927,2011-08-24 21:42:35,2011-08-24 21:42:35
5991,1114,893,2011-09-16 02:16:35,2011-09-16 02:16:35
5992,1114,61,2011-09-16 02:16:35,2011-09-16 02:16:35
5993,1116,452,2011-09-18 16:16:42,2011-09-18 16:16:42
5995,1118,261,2011-09-27 17:40:28,2011-09-27 17:40:28
5996,1118,629,2011-09-27 17:40:28,2011-09-27 17:40:28
5997,1118,768,2011-09-27 17:40:28,2011-09-27 17:40:28
6001,1124,297,2011-10-12 16:25:28,2011-10-12 16:25:28
6002,1124,746,2011-10-12 16:25:28,2011-10-12 16:25:28
6003,1124,838,2011-10-12 16:25:28,2011-10-12 16:25:28
6004,1124,469,2011-10-12 16:25:28,2011-10-12 16:25:28
6005,1124,726,2011-10-12 16:25:28,2011-10-12 16:25:28
6006,1125,417,2011-10-19 21:13:49,2011-10-19 21:13:49
6007,1125,261,2011-10-19 21:13:49,2011-10-19 21:13:49
6008,1125,629,2011-10-19 21:13:49,2011-10-19 21:13:49
6009,1125,768,2011-10-19 21:13:49,2011-10-19 21:13:49
6010,294,622,2011-11-14 02:22:00,2011-11-14 02:22:00
6011,294,4,2011-11-14 02:22:00,2011-11-14 02:22:00
6012,294,714,2011-11-14 02:22:00,2011-11-14 02:22:00
6013,1008,657,2011-12-02 22:34:02,2011-12-02 22:34:02
6014,1008,261,2011-12-02 22:34:02,2011-12-02 22:34:02
6015,1008,919,2011-12-02 22:34:02,2011-12-02 22:34:02
6016,1008,906,2011-12-02 22:34:02,2011-12-02 22:34:02
6017,1008,791,2011-12-02 22:34:02,2011-12-02 22:34:02
6018,1008,210,2011-12-02 22:34:02,2011-12-02 22:34:02
6019,1008,623,2011-12-02 22:34:02,2011-12-02 22:34:02
6020,1008,589,2011-12-02 22:34:02,2011-12-02 22:34:02
6021,1008,433,2011-12-02 22:34:02,2011-12-02 22:34:02
6022,1008,316,2011-12-02 22:34:02,2011-12-02 22:34:02
6023,1008,400,2011-12-02 22:34:02,2011-12-02 22:34:02
6024,1008,438,2011-12-02 22:34:02,2011-12-02 22:34:02
6025,1008,521,2011-12-02 22:34:02,2011-12-02 22:34:02
6026,1008,280,2011-12-02 22:34:02,2011-12-02 22:34:02
6027,1008,639,2011-12-02 22:34:02,2011-12-02 22:34:02
6028,1008,830,2011-12-02 22:34:02,2011-12-02 22:34:02
6029,1008,80,2011-12-02 22:34:02,2011-12-02 22:34:02
6030,1008,508,2011-12-02 22:34:02,2011-12-02 22:34:02
6031,1008,293,2011-12-02 22:34:02,2011-12-02 22:34:02
6032,1008,236,2011-12-02 22:34:02,2011-12-02 22:34:02
6033,1008,922,2011-12-02 22:34:02,2011-12-02 22:34:02
6034,1008,739,2011-12-02 22:34:02,2011-12-02 22:34:02
6035,1126,464,2011-12-20 22:43:27,2011-12-20 22:43:27
6036,1126,629,2011-12-20 22:43:27,2011-12-20 22:43:27
6037,1126,768,2011-12-20 22:43:27,2011-12-20 22:43:27
6038,1126,915,2011-12-20 22:43:27,2011-12-20 22:43:27
6039,1127,919,2011-12-28 22:44:50,2011-12-28 22:44:50
6040,1127,454,2011-12-28 22:44:50,2011-12-28 22:44:50
6041,1127,316,2011-12-28 22:44:50,2011-12-28 22:44:50
6042,1127,521,2011-12-28 22:44:50,2011-12-28 22:44:50
6043,1127,280,2011-12-28 22:44:50,2011-12-28 22:44:50
6044,1127,80,2011-12-28 22:44:50,2011-12-28 22:44:50
6045,1127,236,2011-12-28 22:44:50,2011-12-28 22:44:50
6046,1127,922,2011-12-28 22:44:50,2011-12-28 22:44:50
6047,1128,919,2011-12-28 22:48:02,2011-12-28 22:48:02
6048,1128,454,2011-12-28 22:48:02,2011-12-28 22:48:02
6049,1128,316,2011-12-28 22:48:02,2011-12-28 22:48:02
6050,1128,521,2011-12-28 22:48:02,2011-12-28 22:48:02
6051,1128,280,2011-12-28 22:48:02,2011-12-28 22:48:02
6052,1128,80,2011-12-28 22:48:02,2011-12-28 22:48:02
6053,1128,236,2011-12-28 22:48:02,2011-12-28 22:48:02
6054,1128,922,2011-12-28 22:48:02,2011-12-28 22:48:02
6060,67,4746,2012-01-11 23:46:54,2012-01-11 23:46:54
6061,117,64,2012-01-13 23:08:23,2012-01-13 23:08:23
6062,117,267,2012-01-13 23:08:23,2012-01-13 23:08:23
6063,117,788,2012-01-13 23:08:23,2012-01-13 23:08:23
6064,117,675,2012-01-13 23:08:23,2012-01-13 23:08:23
6065,1050,266,2012-01-23 00:31:20,2012-01-23 00:31:20
6066,1050,797,2012-01-23 00:31:20,2012-01-23 00:31:20
6067,1050,927,2012-01-23 00:31:20,2012-01-23 00:31:20
6068,1130,652,2012-01-25 17:41:18,2012-01-25 17:41:18
6069,1130,587,2012-01-25 17:41:18,2012-01-25 17:41:18
6070,1130,243,2012-01-25 17:41:18,2012-01-25 17:41:18
6072,1130,245,2012-01-25 17:41:18,2012-01-25 17:41:18
6073,1130,828,2012-01-25 17:41:18,2012-01-25 17:41:18
6074,1130,533,2012-01-25 17:41:18,2012-01-25 17:41:18
6075,1130,469,2012-01-25 17:45:20,2012-01-25 17:45:20
6076,1132,629,2012-02-01 23:29:16,2012-02-01 23:29:16
6077,1132,768,2012-02-01 23:29:16,2012-02-01 23:29:16
6078,1133,523,2012-02-02 00:10:12,2012-02-02 00:10:12
6079,1133,449,2012-02-02 00:10:12,2012-02-02 00:10:12
6080,1133,848,2012-02-02 00:10:12,2012-02-02 00:10:12
6081,1137,860,2012-02-02 21:28:56,2012-02-02 21:28:56
6082,1137,728,2012-02-02 21:28:56,2012-02-02 21:28:56
6083,1137,561,2012-02-02 21:28:56,2012-02-02 21:28:56
6084,1137,286,2012-02-02 21:28:56,2012-02-02 21:28:56
6085,1137,464,2012-02-02 21:28:56,2012-02-02 21:28:56
6086,1137,629,2012-02-02 21:28:56,2012-02-02 21:28:56
6087,1137,768,2012-02-02 21:28:56,2012-02-02 21:28:56
6088,1137,915,2012-02-02 21:28:56,2012-02-02 21:28:56
6089,1138,728,2012-02-02 21:42:40,2012-02-02 21:42:40
6090,1138,286,2012-02-02 21:42:40,2012-02-02 21:42:40
6091,1138,464,2012-02-02 21:42:40,2012-02-02 21:42:40
6092,1138,629,2012-02-02 21:42:40,2012-02-02 21:42:40
6093,1138,768,2012-02-02 21:42:40,2012-02-02 21:42:40
6094,1138,915,2012-02-02 21:42:40,2012-02-02 21:42:40
6095,441,4739,2012-02-03 17:41:53,2012-02-03 17:41:53
6096,441,125,2012-02-03 17:41:53,2012-02-03 17:41:53
6097,443,417,2012-02-05 03:55:37,2012-02-05 03:55:37
6098,443,629,2012-02-05 03:55:37,2012-02-05 03:55:37
6099,443,768,2012-02-05 03:55:37,2012-02-05 03:55:37
6100,1140,417,2012-02-06 22:49:33,2012-02-06 22:49:33
6101,1140,573,2012-02-06 22:49:33,2012-02-06 22:49:33
6102,1140,531,2012-02-06 22:49:33,2012-02-06 22:49:33
6103,1140,45,2012-02-06 22:49:33,2012-02-06 22:49:33
6104,1140,629,2012-02-06 22:49:33,2012-02-06 22:49:33
6105,1140,397,2012-02-06 22:49:33,2012-02-06 22:49:33
6106,1140,768,2012-02-06 22:49:33,2012-02-06 22:49:33
6107,1140,373,2012-02-06 22:49:33,2012-02-06 22:49:33
6108,1140,131,2012-02-06 22:49:33,2012-02-06 22:49:33
6109,1140,339,2012-02-06 22:49:33,2012-02-06 22:49:33
6110,1140,212,2012-02-06 22:49:33,2012-02-06 22:49:33
6111,1143,612,2012-02-08 23:00:43,2012-02-08 23:00:43
6112,1143,878,2012-02-08 23:00:43,2012-02-08 23:00:43
6113,1143,376,2012-02-08 23:00:43,2012-02-08 23:00:43
6114,1143,797,2012-02-08 23:00:43,2012-02-08 23:00:43
6115,1143,927,2012-02-08 23:00:43,2012-02-08 23:00:43
6116,1143,636,2012-02-08 23:00:43,2012-02-08 23:00:43
6117,1144,417,2012-02-16 20:46:05,2012-02-16 20:46:05
6118,1144,817,2012-02-16 20:46:05,2012-02-16 20:46:05
6119,1144,44,2012-02-16 20:46:05,2012-02-16 20:46:05
6120,1144,714,2012-02-16 20:46:05,2012-02-16 20:46:05
6121,1144,629,2012-02-16 20:46:05,2012-02-16 20:46:05
6122,1144,768,2012-02-16 20:46:05,2012-02-16 20:46:05
6123,853,417,2012-03-22 10:03:58,2012-03-22 10:03:58
6124,853,629,2012-03-22 10:03:58,2012-03-22 10:03:58
6125,678,417,2012-03-24 15:32:50,2012-03-24 15:32:50
6126,678,629,2012-03-24 15:32:50,2012-03-24 15:32:50
6127,678,768,2012-03-24 15:32:50,2012-03-24 15:32:50
6128,204,325,2012-04-18 22:29:07,2012-04-18 22:29:07
6129,1147,286,2012-08-15 18:17:26,2012-08-15 18:17:26
6130,1147,363,2012-08-15 18:17:26,2012-08-15 18:17:26
6131,1147,921,2012-08-15 18:17:26,2012-08-15 18:17:26
6132,1147,728,2012-08-15 18:17:26,2012-08-15 18:17:26
6133,1147,417,2012-08-15 18:17:26,2012-08-15 18:17:26
6134,1147,629,2012-08-15 18:17:26,2012-08-15 18:17:26
6135,1147,678,2012-08-15 18:17:26,2012-08-15 18:17:26
6136,733,417,2012-10-15 22:01:37,2012-10-15 22:01:37
6137,733,629,2012-10-15 22:01:37,2012-10-15 22:01:37
6138,733,768,2012-10-15 22:01:37,2012-10-15 22:01:37
6139,733,728,2012-10-15 22:01:37,2012-10-15 22:01:37
6140,1155,417,2012-10-15 22:08:30,2012-10-15 22:08:30
6141,1155,629,2012-10-15 22:08:30,2012-10-15 22:08:30
6142,1155,768,2012-10-15 22:08:30,2012-10-15 22:08:30
6143,1155,728,2012-10-15 22:08:30,2012-10-15 22:08:30
6144,1148,438,2012-10-17 19:59:33,2012-10-17 19:59:33
6145,1148,524,2012-10-17 19:59:33,2012-10-17 19:59:33
6146,1148,253,2012-10-17 19:59:33,2012-10-17 19:59:33
6147,1148,81,2012-10-17 19:59:33,2012-10-17 19:59:33
6148,1148,723,2012-10-17 19:59:33,2012-10-17 19:59:33
6149,1148,740,2012-10-17 19:59:33,2012-10-17 19:59:33
6150,1148,896,2012-10-17 19:59:33,2012-10-17 19:59:33
6151,1151,64,2012-10-17 21:14:35,2012-10-17 21:14:35
6152,1151,675,2012-10-17 21:14:35,2012-10-17 21:14:35
6153,1151,788,2012-10-17 21:14:35,2012-10-17 21:14:35
6154,1151,891,2012-10-17 21:14:35,2012-10-17 21:14:35
6155,1152,760,2012-10-17 21:17:42,2012-10-17 21:17:42
6156,1152,571,2012-10-17 21:17:42,2012-10-17 21:17:42
6157,1152,423,2012-10-17 21:17:42,2012-10-17 21:17:42
6158,1157,266,2012-10-17 22:47:34,2012-10-17 22:47:34
6159,1157,808,2012-10-17 22:47:34,2012-10-17 22:47:34
6160,1157,160,2012-10-17 22:47:34,2012-10-17 22:47:34
6161,1157,778,2012-10-17 22:47:34,2012-10-17 22:47:34
6162,1158,64,2012-10-17 22:58:53,2012-10-17 22:58:53
6163,1158,788,2012-10-17 22:58:53,2012-10-17 22:58:53
6164,1158,675,2012-10-17 22:58:53,2012-10-17 22:58:53
6165,1158,357,2012-10-17 22:58:53,2012-10-17 22:58:53
6166,1158,427,2012-10-17 22:58:53,2012-10-17 22:58:53
6167,1158,440,2012-10-17 22:58:53,2012-10-17 22:58:53
6168,1158,730,2012-10-17 22:58:53,2012-10-17 22:58:53
6169,1163,577,2012-10-19 18:15:42,2012-10-19 18:15:42
6170,1163,22,2012-10-19 18:15:42,2012-10-19 18:15:42
6171,1165,261,2012-10-24 18:44:29,2012-10-24 18:44:29
6172,1165,791,2012-10-24 18:44:29,2012-10-24 18:44:29
6173,1165,747,2012-10-24 18:44:29,2012-10-24 18:44:29
6174,1165,657,2012-10-24 18:44:29,2012-10-24 18:44:29
6175,1165,210,2012-10-24 18:44:29,2012-10-24 18:44:29
6176,1165,438,2012-10-24 18:44:29,2012-10-24 18:44:29
6177,1167,643,2012-10-24 20:00:08,2012-10-24 20:00:08
6178,1167,776,2012-10-24 20:00:08,2012-10-24 20:00:08
6179,1168,628,2012-11-26 19:12:01,2012-11-26 19:12:01
6180,1168,50,2012-11-26 19:12:01,2012-11-26 19:12:01
6181,1168,371,2012-11-26 19:12:01,2012-11-26 19:12:01
6182,1168,18,2012-11-26 19:12:01,2012-11-26 19:12:01
6183,1168,428,2012-11-26 19:12:01,2012-11-26 19:12:01
6184,1168,682,2012-11-26 19:12:01,2012-11-26 19:12:01
6185,1169,279,2012-11-28 17:10:21,2012-11-28 17:10:21
6186,1169,315,2012-11-28 17:10:21,2012-11-28 17:10:21
6187,1169,188,2012-11-28 17:10:21,2012-11-28 17:10:21
6188,1169,217,2012-11-28 17:10:21,2012-11-28 17:10:21
6189,1170,629,2012-11-28 18:49:04,2012-11-28 18:49:04
6190,1170,417,2012-11-28 18:49:04,2012-11-28 18:49:04
6191,1170,746,2012-11-28 18:49:04,2012-11-28 18:49:04
6192,1171,4761,2012-11-28 22:47:48,2012-11-28 22:47:48
6193,1171,22,2012-11-28 22:47:48,2012-11-28 22:47:48
6194,1171,69,2012-11-29 00:25:45,2012-11-29 00:25:45
6195,1171,691,2012-11-29 00:25:45,2012-11-29 00:25:45
6196,1171,604,2012-11-29 00:25:45,2012-11-29 00:25:45
6197,1171,314,2012-11-29 00:25:45,2012-11-29 00:25:45
6198,1177,895,2012-11-29 19:29:46,2012-11-29 19:29:46
6199,1180,245,2012-11-29 22:14:41,2012-11-29 22:14:41
6200,1180,608,2012-11-29 22:14:41,2012-11-29 22:14:41
6201,1180,549,2012-11-29 22:14:41,2012-11-29 22:14:41
6202,1180,612,2012-11-29 22:14:41,2012-11-29 22:14:41
6203,1180,122,2012-11-29 22:14:41,2012-11-29 22:14:41
6204,1180,685,2012-11-29 22:14:41,2012-11-29 22:14:41
6205,1180,463,2012-11-29 22:14:41,2012-11-29 22:14:41
6206,1180,184,2012-11-29 22:14:41,2012-11-29 22:14:41
6207,1180,629,2012-11-29 22:14:41,2012-11-29 22:14:41
6208,1180,768,2012-11-29 22:14:41,2012-11-29 22:14:41
6209,1180,733,2012-11-29 22:14:41,2012-11-29 22:14:41
6210,1180,573,2012-11-29 22:14:41,2012-11-29 22:14:41
6211,1180,27,2012-11-29 22:14:41,2012-11-29 22:14:41
6212,1181,521,2012-11-30 00:35:07,2012-11-30 00:35:07
6213,1181,922,2012-11-30 00:35:07,2012-11-30 00:35:07
6214,1181,80,2012-11-30 00:35:07,2012-11-30 00:35:07
6215,1181,316,2012-11-30 00:35:07,2012-11-30 00:35:07
6216,1181,236,2012-11-30 00:35:07,2012-11-30 00:35:07
6217,1181,919,2012-11-30 00:35:07,2012-11-30 00:35:07
6218,1181,280,2012-11-30 00:35:07,2012-11-30 00:35:07
6219,1181,400,2012-11-30 00:35:07,2012-11-30 00:35:07
6220,1181,454,2012-11-30 00:35:07,2012-11-30 00:35:07
6221,1181,261,2012-11-30 00:35:08,2012-11-30 00:35:08
6222,1181,914,2012-11-30 00:35:08,2012-11-30 00:35:08
6223,1183,469,2012-11-30 18:10:43,2012-11-30 18:10:43
6224,1183,435,2012-11-30 18:10:43,2012-11-30 18:10:43
6225,1183,467,2012-11-30 18:10:43,2012-11-30 18:10:43
6226,1183,828,2012-11-30 18:10:43,2012-11-30 18:10:43
6227,1183,289,2012-11-30 18:10:43,2012-11-30 18:10:43
6228,1184,482,2012-11-30 18:33:01,2012-11-30 18:33:01
6229,1184,484,2012-11-30 18:33:01,2012-11-30 18:33:01
6230,1184,4750,2012-11-30 18:33:01,2012-11-30 18:33:01
6231,1183,89,2012-11-30 18:33:40,2012-11-30 18:33:40
6232,1188,145,2012-11-30 22:12:33,2012-11-30 22:12:33
6233,1188,479,2012-11-30 22:12:33,2012-11-30 22:12:33
6234,1188,179,2012-11-30 22:12:33,2012-11-30 22:12:33
6235,1188,40,2012-11-30 22:12:33,2012-11-30 22:12:33
6236,1188,33,2012-11-30 22:12:33,2012-11-30 22:12:33
6237,1190,145,2012-12-01 17:34:25,2012-12-01 17:34:25
6238,1190,479,2012-12-01 17:34:25,2012-12-01 17:34:25
6239,1190,179,2012-12-01 17:34:25,2012-12-01 17:34:25
6240,1190,33,2012-12-01 17:34:25,2012-12-01 17:34:25
6241,1190,435,2012-12-01 17:34:25,2012-12-01 17:34:25
6242,1193,216,2012-12-01 18:12:39,2012-12-01 18:12:39
6243,1193,762,2012-12-01 18:12:39,2012-12-01 18:12:39
6244,1194,64,2012-12-01 18:26:59,2012-12-01 18:26:59
6245,1194,675,2012-12-01 18:26:59,2012-12-01 18:26:59
6246,1194,788,2012-12-01 18:26:59,2012-12-01 18:26:59
6247,1194,891,2012-12-01 18:26:59,2012-12-01 18:26:59
6248,1194,460,2012-12-01 18:26:59,2012-12-01 18:26:59
6249,1194,849,2012-12-01 18:26:59,2012-12-01 18:26:59
6250,1194,408,2012-12-01 18:26:59,2012-12-01 18:26:59
6251,1194,725,2012-12-01 18:26:59,2012-12-01 18:26:59
6252,1195,371,2012-12-01 18:32:38,2012-12-01 18:32:38
6253,1195,628,2012-12-01 18:32:38,2012-12-01 18:32:38
6254,1196,927,2012-12-01 18:48:26,2012-12-01 18:48:26
6255,1196,764,2012-12-01 18:48:26,2012-12-01 18:48:26
6256,1196,746,2012-12-01 18:48:26,2012-12-01 18:48:26
6257,1196,816,2012-12-01 18:48:26,2012-12-01 18:48:26
6258,1196,321,2012-12-01 18:48:26,2012-12-01 18:48:26
6259,1196,876,2012-12-01 18:48:26,2012-12-01 18:48:26
6260,1196,175,2012-12-01 18:48:26,2012-12-01 18:48:26
6261,1199,652,2012-12-03 06:23:35,2012-12-03 06:23:35
6262,1199,469,2012-12-03 06:23:35,2012-12-03 06:23:35
6263,1200,417,2012-12-03 06:41:34,2012-12-03 06:41:34
6264,1200,629,2012-12-03 06:41:34,2012-12-03 06:41:34
6265,1200,768,2012-12-03 06:41:34,2012-12-03 06:41:34
6266,1200,396,2012-12-03 06:41:34,2012-12-03 06:41:34
6267,1200,219,2012-12-03 06:41:34,2012-12-03 06:41:34
6268,1200,464,2012-12-03 06:41:34,2012-12-03 06:41:34
6269,1200,915,2012-12-03 06:41:34,2012-12-03 06:41:34
6270,1200,185,2012-12-03 06:41:34,2012-12-03 06:41:34
6271,1200,541,2012-12-03 06:41:34,2012-12-03 06:41:34
6272,1201,417,2012-12-03 06:50:34,2012-12-03 06:50:34
6273,1201,396,2012-12-03 06:50:34,2012-12-03 06:50:34
6274,1201,629,2012-12-03 06:50:34,2012-12-03 06:50:34
6275,1201,768,2012-12-03 06:50:34,2012-12-03 06:50:34
6276,1201,464,2012-12-03 06:50:34,2012-12-03 06:50:34
6277,1201,915,2012-12-03 06:50:34,2012-12-03 06:50:34
6278,1201,185,2012-12-03 06:50:34,2012-12-03 06:50:34
6279,1201,219,2012-12-03 06:50:34,2012-12-03 06:50:34
6280,1201,541,2012-12-03 06:50:34,2012-12-03 06:50:34
6281,1202,332,2012-12-03 07:10:56,2012-12-03 07:10:56
6282,1202,904,2012-12-03 07:10:56,2012-12-03 07:10:56
6283,1202,690,2012-12-03 07:10:56,2012-12-03 07:10:56
6284,1202,453,2012-12-03 07:10:56,2012-12-03 07:10:56
6285,1202,215,2012-12-03 07:10:56,2012-12-03 07:10:56
6286,1202,186,2012-12-03 07:10:56,2012-12-03 07:10:56
6287,1202,517,2012-12-03 07:10:56,2012-12-03 07:10:56
6288,1203,365,2012-12-03 07:19:49,2012-12-03 07:19:49
6289,1203,332,2012-12-03 07:19:49,2012-12-03 07:19:49
6290,1203,904,2012-12-03 07:19:49,2012-12-03 07:19:49
6291,1204,113,2012-12-06 18:31:51,2012-12-06 18:31:51
6292,1204,746,2012-12-06 18:31:51,2012-12-06 18:31:51
6293,1204,289,2012-12-06 18:31:51,2012-12-06 18:31:51
6294,1204,816,2012-12-06 18:31:51,2012-12-06 18:31:51
6295,1204,299,2012-12-06 18:31:51,2012-12-06 18:31:51
6296,1204,117,2012-12-06 18:31:51,2012-12-06 18:31:51
6297,1205,628,2012-12-10 22:01:39,2012-12-10 22:01:39
6298,1207,728,2012-12-11 16:48:33,2012-12-11 16:48:33
6299,1207,635,2012-12-11 16:48:33,2012-12-11 16:48:33
6300,1207,536,2012-12-11 16:48:33,2012-12-11 16:48:33
6301,1207,609,2012-12-11 16:48:33,2012-12-11 16:48:33
6302,1207,201,2012-12-11 16:48:33,2012-12-11 16:48:33
6303,1207,834,2012-12-11 16:48:33,2012-12-11 16:48:33
6304,1207,788,2012-12-11 16:48:33,2012-12-11 16:48:33
6305,1207,891,2012-12-11 16:48:33,2012-12-11 16:48:33
6306,1207,675,2012-12-11 16:48:33,2012-12-11 16:48:33
6307,1207,495,2012-12-11 16:48:33,2012-12-11 16:48:33
6308,1208,700,2012-12-11 16:55:36,2012-12-11 16:55:36
6309,1208,145,2012-12-11 16:55:36,2012-12-11 16:55:36
6310,1208,72,2012-12-11 16:55:36,2012-12-11 16:55:36
6311,1208,479,2012-12-11 16:55:36,2012-12-11 16:55:36
6312,1208,469,2012-12-11 16:55:36,2012-12-11 16:55:36
6313,1209,915,2012-12-11 18:34:30,2012-12-11 18:34:30
6314,1209,464,2012-12-11 18:34:30,2012-12-11 18:34:30
6315,1209,219,2012-12-11 18:34:30,2012-12-11 18:34:30
6316,1209,541,2012-12-11 18:34:30,2012-12-11 18:34:30
6317,1209,609,2012-12-11 18:34:30,2012-12-11 18:34:30
6318,1209,154,2012-12-11 18:34:30,2012-12-11 18:34:30
6319,1209,629,2012-12-11 18:34:30,2012-12-11 18:34:30
6320,1209,768,2012-12-11 18:34:30,2012-12-11 18:34:30
6321,1209,417,2012-12-11 18:34:30,2012-12-11 18:34:30
6322,1209,396,2012-12-11 18:34:30,2012-12-11 18:34:30
6323,1210,915,2012-12-11 19:12:55,2012-12-11 19:12:55
6324,1210,464,2012-12-11 19:12:55,2012-12-11 19:12:55
6325,1210,396,2012-12-11 19:12:55,2012-12-11 19:12:55
6326,1210,219,2012-12-11 19:12:55,2012-12-11 19:12:55
6327,1210,629,2012-12-11 19:12:55,2012-12-11 19:12:55
6328,1210,417,2012-12-11 19:12:55,2012-12-11 19:12:55
6329,1210,541,2012-12-11 19:12:55,2012-12-11 19:12:55
6330,1210,154,2012-12-11 19:12:55,2012-12-11 19:12:55
6331,1210,609,2012-12-11 19:12:55,2012-12-11 19:12:55
6332,1211,629,2012-12-11 20:57:49,2012-12-11 20:57:49
6333,1211,417,2012-12-11 20:57:49,2012-12-11 20:57:49
6334,1211,768,2012-12-11 20:57:49,2012-12-11 20:57:49
6335,1211,396,2012-12-11 20:57:49,2012-12-11 20:57:49
6336,1211,915,2012-12-11 20:57:49,2012-12-11 20:57:49
6337,1211,219,2012-12-11 20:57:49,2012-12-11 20:57:49
6338,1211,464,2012-12-11 20:57:49,2012-12-11 20:57:49
6339,1212,646,2012-12-11 21:13:31,2012-12-11 21:13:31
6340,1212,683,2012-12-11 21:13:31,2012-12-11 21:13:31
6341,1212,250,2012-12-11 21:13:31,2012-12-11 21:13:31
6342,1212,277,2012-12-11 21:13:31,2012-12-11 21:13:31
6343,1213,417,2012-12-11 22:03:23,2012-12-11 22:03:23
6344,1213,629,2012-12-11 22:03:23,2012-12-11 22:03:23
6345,1213,768,2012-12-11 22:03:23,2012-12-11 22:03:23
6346,1213,602,2012-12-11 22:03:24,2012-12-11 22:03:24
6347,1213,570,2012-12-11 22:03:24,2012-12-11 22:03:24
6348,1213,817,2012-12-11 22:03:24,2012-12-11 22:03:24
6349,1213,622,2012-12-11 22:03:24,2012-12-11 22:03:24
6350,1213,44,2012-12-11 22:03:24,2012-12-11 22:03:24
6351,1213,42,2012-12-11 22:03:24,2012-12-11 22:03:24
6352,1213,902,2012-12-11 22:03:24,2012-12-11 22:03:24
6353,1214,417,2012-12-11 22:16:00,2012-12-11 22:16:00
6354,1214,629,2012-12-11 22:16:00,2012-12-11 22:16:00
6355,1214,768,2012-12-11 22:16:00,2012-12-11 22:16:00
6356,1216,222,2012-12-17 19:28:19,2012-12-17 19:28:19
6357,1216,408,2012-12-17 19:28:19,2012-12-17 19:28:19
6358,1216,725,2012-12-17 19:28:19,2012-12-17 19:28:19
6359,1216,271,2012-12-17 19:28:19,2012-12-17 19:28:19
6360,1218,417,2012-12-17 19:51:25,2012-12-17 19:51:25
6361,1218,629,2012-12-17 19:51:25,2012-12-17 19:51:25
6362,1218,768,2012-12-17 19:51:25,2012-12-17 19:51:25
6363,1219,629,2012-12-18 00:25:06,2012-12-18 00:25:06
6364,1219,768,2012-12-18 00:25:06,2012-12-18 00:25:06
6365,1219,417,2012-12-18 00:25:06,2012-12-18 00:25:06
6366,1220,464,2012-12-18 06:05:40,2012-12-18 06:05:40
6367,1220,915,2012-12-18 06:05:40,2012-12-18 06:05:40
6368,1220,219,2012-12-18 06:05:40,2012-12-18 06:05:40
6369,1220,286,2012-12-18 06:05:40,2012-12-18 06:05:40
6370,1220,728,2012-12-18 06:05:40,2012-12-18 06:05:40
6371,1220,635,2012-12-18 06:05:40,2012-12-18 06:05:40
6372,1220,363,2012-12-18 06:05:40,2012-12-18 06:05:40
6373,1220,123,2012-12-18 06:05:40,2012-12-18 06:05:40
6374,1220,417,2012-12-18 06:05:40,2012-12-18 06:05:40
6375,1220,396,2012-12-18 06:05:40,2012-12-18 06:05:40
6376,1220,629,2012-12-18 06:05:40,2012-12-18 06:05:40
6377,1220,768,2012-12-18 06:05:40,2012-12-18 06:05:40
6378,719,746,2012-12-27 21:42:40,2012-12-27 21:42:40
6379,1222,467,2013-01-02 15:41:16,2013-01-02 15:41:16
6380,1222,5,2013-01-02 15:41:16,2013-01-02 15:41:16
6381,1225,437,2013-01-02 16:35:03,2013-01-02 16:35:03
6382,1225,194,2013-01-02 16:35:03,2013-01-02 16:35:03
6383,1225,436,2013-01-02 16:35:03,2013-01-02 16:35:03
6384,1226,396,2013-01-03 20:23:12,2013-01-03 20:23:12
6385,1226,464,2013-01-03 20:23:12,2013-01-03 20:23:12
6386,1226,915,2013-01-03 20:23:12,2013-01-03 20:23:12
6387,1226,219,2013-01-03 20:23:12,2013-01-03 20:23:12
6388,1226,715,2013-01-03 20:23:12,2013-01-03 20:23:12
6389,1226,417,2013-01-03 20:23:12,2013-01-03 20:23:12
6390,1226,185,2013-01-03 20:23:12,2013-01-03 20:23:12
6391,360,417,2013-01-03 22:51:19,2013-01-03 22:51:19
6392,1227,417,2013-01-03 22:54:33,2013-01-03 22:54:33
6393,1227,396,2013-01-03 22:54:33,2013-01-03 22:54:33
6394,1227,464,2013-01-03 22:54:33,2013-01-03 22:54:33
6395,1227,915,2013-01-03 22:54:33,2013-01-03 22:54:33
6396,1227,185,2013-01-03 22:54:33,2013-01-03 22:54:33
6397,1227,219,2013-01-03 22:54:33,2013-01-03 22:54:33
6398,1227,715,2013-01-03 22:54:33,2013-01-03 22:54:33
6399,1227,358,2013-01-03 22:54:33,2013-01-03 22:54:33
6400,1227,556,2013-01-03 22:54:33,2013-01-03 22:54:33
6401,1226,358,2013-01-03 22:58:00,2013-01-03 22:58:00
6402,1226,556,2013-01-03 22:58:00,2013-01-03 22:58:00
6403,1228,417,2013-01-03 23:18:38,2013-01-03 23:18:38
6404,1228,396,2013-01-03 23:18:38,2013-01-03 23:18:38
6405,1228,358,2013-01-03 23:18:38,2013-01-03 23:18:38
6406,1228,556,2013-01-03 23:18:38,2013-01-03 23:18:38
6407,1228,464,2013-01-03 23:18:38,2013-01-03 23:18:38
6408,1228,915,2013-01-03 23:18:38,2013-01-03 23:18:38
6409,1228,185,2013-01-03 23:18:38,2013-01-03 23:18:38
6410,1228,219,2013-01-03 23:18:38,2013-01-03 23:18:38
6411,1228,715,2013-01-03 23:18:38,2013-01-03 23:18:38
6412,1229,417,2013-01-03 23:47:18,2013-01-03 23:47:18
6413,1229,396,2013-01-03 23:47:18,2013-01-03 23:47:18
6414,1229,464,2013-01-03 23:47:18,2013-01-03 23:47:18
6415,1229,915,2013-01-03 23:47:18,2013-01-03 23:47:18
6416,1229,715,2013-01-03 23:47:18,2013-01-03 23:47:18
6417,1229,185,2013-01-03 23:47:18,2013-01-03 23:47:18
6418,1229,219,2013-01-03 23:47:18,2013-01-03 23:47:18
6419,1229,629,2013-01-03 23:47:18,2013-01-03 23:47:18
6420,1229,768,2013-01-03 23:47:18,2013-01-03 23:47:18
6421,1229,531,2013-01-03 23:47:18,2013-01-03 23:47:18
6422,1230,417,2013-01-04 00:00:35,2013-01-04 00:00:35
6423,1230,396,2013-01-04 00:00:35,2013-01-04 00:00:35
6424,1230,531,2013-01-04 00:00:35,2013-01-04 00:00:35
6425,1230,464,2013-01-04 00:00:35,2013-01-04 00:00:35
6426,1230,715,2013-01-04 00:00:35,2013-01-04 00:00:35
6427,1230,185,2013-01-04 00:00:35,2013-01-04 00:00:35
6428,1230,915,2013-01-04 00:00:35,2013-01-04 00:00:35
6429,1230,219,2013-01-04 00:00:35,2013-01-04 00:00:35
6430,1230,629,2013-01-04 00:00:35,2013-01-04 00:00:35
6431,1230,768,2013-01-04 00:00:35,2013-01-04 00:00:35
6432,1231,417,2013-01-04 04:24:35,2013-01-04 04:24:35
6433,1231,629,2013-01-04 04:24:35,2013-01-04 04:24:35
6434,1231,768,2013-01-04 04:24:35,2013-01-04 04:24:35
6435,1231,531,2013-01-04 04:24:35,2013-01-04 04:24:35
6436,1231,396,2013-01-04 04:24:35,2013-01-04 04:24:35
6437,1231,219,2013-01-04 04:24:35,2013-01-04 04:24:35
6438,1232,417,2013-01-04 19:16:38,2013-01-04 19:16:38
6439,1232,531,2013-01-04 19:16:38,2013-01-04 19:16:38
6440,1232,629,2013-01-04 19:16:38,2013-01-04 19:16:38
6441,1232,768,2013-01-04 19:16:38,2013-01-04 19:16:38
6442,1233,417,2013-01-04 19:32:37,2013-01-04 19:32:37
6443,1233,702,2013-01-04 19:32:37,2013-01-04 19:32:37
6444,1233,113,2013-01-04 19:32:37,2013-01-04 19:32:37
6445,1233,816,2013-01-04 19:32:37,2013-01-04 19:32:37
6446,1233,746,2013-01-04 19:32:37,2013-01-04 19:32:37
6447,1233,469,2013-01-04 19:32:37,2013-01-04 19:32:37
6448,1233,143,2013-01-04 19:32:37,2013-01-04 19:32:37
6449,1233,533,2013-01-04 19:32:37,2013-01-04 19:32:37
6450,1234,573,2013-01-04 21:26:06,2013-01-04 21:26:06
6451,1234,629,2013-01-04 21:26:06,2013-01-04 21:26:06
6452,1234,417,2013-01-04 21:26:06,2013-01-04 21:26:06
6453,1234,396,2013-01-04 21:26:06,2013-01-04 21:26:06
6454,1234,464,2013-01-04 21:26:06,2013-01-04 21:26:06
6455,1234,915,2013-01-04 21:26:06,2013-01-04 21:26:06
6456,1234,219,2013-01-04 21:26:06,2013-01-04 21:26:06
6457,1234,768,2013-01-04 21:26:06,2013-01-04 21:26:06
6458,1234,185,2013-01-04 21:26:06,2013-01-04 21:26:06
6459,1234,715,2013-01-04 21:26:06,2013-01-04 21:26:06
6460,1234,358,2013-01-04 21:26:06,2013-01-04 21:26:06
6461,1234,556,2013-01-04 21:26:06,2013-01-04 21:26:06
6462,974,573,2013-01-04 21:28:21,2013-01-04 21:28:21
6463,1235,629,2013-01-04 21:36:53,2013-01-04 21:36:53
6464,1235,768,2013-01-04 21:36:53,2013-01-04 21:36:53
6465,1235,573,2013-01-04 21:36:53,2013-01-04 21:36:53
6466,1235,531,2013-01-04 21:36:53,2013-01-04 21:36:53
6467,1235,417,2013-01-04 21:36:53,2013-01-04 21:36:53
6468,1237,622,2013-01-04 21:55:54,2013-01-04 21:55:54
6469,1237,277,2013-01-04 21:55:54,2013-01-04 21:55:54
6470,1237,381,2013-01-04 21:55:54,2013-01-04 21:55:54
6471,1237,683,2013-01-04 21:55:54,2013-01-04 21:55:54
6472,1237,577,2013-01-04 21:55:54,2013-01-04 21:55:54
6473,1237,417,2013-01-04 21:55:54,2013-01-04 21:55:54
6474,848,497,2013-01-24 05:25:45,2013-01-24 05:25:45
6475,1167,123,2013-01-24 05:27:20,2013-01-24 05:27:20
6476,1084,629,2013-02-13 00:16:39,2013-02-13 00:16:39
6477,1084,768,2013-02-13 00:16:39,2013-02-13 00:16:39
6478,1084,417,2013-02-13 00:16:39,2013-02-13 00:16:39
6479,1084,464,2013-02-13 00:16:39,2013-02-13 00:16:39
6480,877,96,2013-03-31 18:39:48,2013-03-31 18:39:48
6481,877,136,2013-03-31 18:39:48,2013-03-31 18:39:48
6482,877,703,2013-03-31 18:39:48,2013-03-31 18:39:48
6483,877,714,2013-03-31 18:41:23,2013-03-31 18:41:23
6484,877,868,2013-03-31 18:41:23,2013-03-31 18:41:23
6485,877,372,2013-03-31 18:41:23,2013-03-31 18:41:23
6486,197,608,2013-04-05 19:03:26,2013-04-05 19:03:26
6487,1240,381,2013-07-26 16:51:53,2013-07-26 16:51:53
6488,1240,277,2013-07-26 16:51:53,2013-07-26 16:51:53
6489,1241,629,2014-01-14 00:10:31,2014-01-14 00:10:31
6491,501,826,2014-06-27 21:30:15,2014-06-27 21:30:15
6493,1245,882,2014-07-24 22:08:42,2014-07-24 22:08:42
6495,1247,153,2014-07-25 14:57:28,2014-07-25 14:57:28
6497,1247,594,2014-07-25 14:57:28,2014-07-25 14:57:28
6499,1247,116,2014-07-25 14:57:28,2014-07-25 14:57:28
6501,1245,796,2014-07-25 17:55:02,2014-07-25 17:55:02
6503,1245,307,2014-07-25 17:55:02,2014-07-25 17:55:02
6505,1249,927,2014-07-25 20:32:37,2014-07-25 20:32:37
6507,1253,629,2014-07-29 15:15:53,2014-07-29 15:15:53
6509,1255,643,2014-07-29 15:26:37,2014-07-29 15:26:37
6511,1257,643,2014-07-29 15:33:05,2014-07-29 15:33:05
6513,1259,268,2014-07-29 15:38:29,2014-07-29 15:38:29
6515,1261,817,2014-07-29 15:52:21,2014-07-29 15:52:21
6517,1269,689,2014-07-29 19:58:00,2014-07-29 19:58:00
6519,1273,629,2014-07-30 16:32:51,2014-07-30 16:32:51
6521,1253,768,2014-07-30 23:02:25,2014-07-30 23:02:25
6523,1253,417,2014-07-30 23:02:25,2014-07-30 23:02:25
6525,1253,573,2014-07-30 23:02:25,2014-07-30 23:02:25
6527,1255,98,2014-07-30 23:05:44,2014-07-30 23:05:44
6529,1255,168,2014-07-30 23:05:44,2014-07-30 23:05:44
6531,1255,286,2014-07-30 23:05:44,2014-07-30 23:05:44
6533,1255,203,2014-07-30 23:05:44,2014-07-30 23:05:44
6535,1255,681,2014-07-30 23:05:44,2014-07-30 23:05:44
6537,1255,123,2014-07-30 23:05:44,2014-07-30 23:05:44
6539,1255,616,2014-07-30 23:05:44,2014-07-30 23:05:44
6541,1255,228,2014-07-30 23:05:44,2014-07-30 23:05:44
6543,1257,98,2014-07-30 23:15:32,2014-07-30 23:15:32
6545,1257,168,2014-07-30 23:15:32,2014-07-30 23:15:32
6547,1257,849,2014-07-30 23:15:32,2014-07-30 23:15:32
6549,1257,681,2014-07-30 23:15:32,2014-07-30 23:15:32
6551,1257,123,2014-07-30 23:15:32,2014-07-30 23:15:32
6553,1257,286,2014-07-30 23:15:32,2014-07-30 23:15:32
6555,1257,203,2014-07-30 23:15:32,2014-07-30 23:15:32
6557,1257,616,2014-07-30 23:15:32,2014-07-30 23:15:32
6559,1257,228,2014-07-30 23:15:32,2014-07-30 23:15:32
6561,1259,739,2014-07-30 23:17:54,2014-07-30 23:17:54
6563,1261,714,2014-07-30 23:27:24,2014-07-30 23:27:24
6565,1261,44,2014-07-30 23:27:24,2014-07-30 23:27:24
6567,1261,628,2014-07-30 23:27:24,2014-07-30 23:27:24
6569,1261,371,2014-07-30 23:27:24,2014-07-30 23:27:24
6571,1261,683,2014-07-30 23:27:24,2014-07-30 23:27:24
6573,1261,383,2014-07-30 23:27:24,2014-07-30 23:27:24
6575,1261,300,2014-07-30 23:27:24,2014-07-30 23:27:24
6577,1261,417,2014-07-30 23:27:24,2014-07-30 23:27:24
6579,1273,417,2014-07-30 23:30:50,2014-07-30 23:30:50
6581,1269,261,2014-07-30 23:50:25,2014-07-30 23:50:25
6583,1281,747,2014-08-19 17:34:37,2014-08-19 17:34:37
6585,1285,838,2014-08-19 17:47:52,2014-08-19 17:47:52
6587,1285,927,2014-08-19 17:49:57,2014-08-19 17:49:57
6589,1285,797,2014-08-19 17:49:57,2014-08-19 17:49:57
6591,1285,321,2014-08-19 17:49:57,2014-08-19 17:49:57
6593,1285,816,2014-08-19 17:49:57,2014-08-19 17:49:57
6595,1285,113,2014-08-19 17:49:57,2014-08-19 17:49:57
6597,1281,438,2014-08-19 18:52:05,2014-08-19 18:52:05
6599,1281,61,2014-08-19 18:52:05,2014-08-19 18:52:05
6601,1281,239,2014-08-19 18:52:05,2014-08-19 18:52:05
6603,1281,834,2014-08-19 18:52:05,2014-08-19 18:52:05
6605,1287,417,2014-08-19 18:57:48,2014-08-19 18:57:48
6607,1287,629,2014-08-19 18:58:49,2014-08-19 18:58:49
6609,1287,768,2014-08-19 18:58:49,2014-08-19 18:58:49
6611,1291,239,2014-08-19 19:05:31,2014-08-19 19:05:31
6613,1291,543,2014-08-19 19:08:41,2014-08-19 19:08:41
6615,1291,353,2014-08-19 19:08:41,2014-08-19 19:08:41
6617,1293,747,2014-08-19 19:13:03,2014-08-19 19:13:03
6619,1293,739,2014-08-19 19:15:29,2014-08-19 19:15:29
6621,1293,279,2014-08-19 19:15:29,2014-08-19 19:15:29
6623,1293,841,2014-08-19 19:15:29,2014-08-19 19:15:29
6625,1297,61,2014-08-19 19:41:27,2014-08-19 19:41:27
6627,1297,448,2014-08-19 19:45:05,2014-08-19 19:45:05
6629,1297,927,2014-08-19 19:45:05,2014-08-19 19:45:05
6631,1297,797,2014-08-19 19:45:05,2014-08-19 19:45:05
6633,1297,473,2014-08-19 19:45:05,2014-08-19 19:45:05
6635,1299,927,2014-08-19 19:49:52,2014-08-19 19:49:52
6637,1301,239,2014-08-19 19:57:15,2014-08-19 19:57:15
6639,1301,834,2014-08-19 19:58:37,2014-08-19 19:58:37
6641,1301,417,2014-08-19 19:58:37,2014-08-19 19:58:37
6643,1303,723,2014-08-19 20:04:28,2014-08-19 20:04:28
6645,1303,239,2014-08-19 20:06:38,2014-08-19 20:06:38
6647,1303,834,2014-08-19 20:06:38,2014-08-19 20:06:38
6649,1303,609,2014-08-19 20:06:38,2014-08-19 20:06:38
6651,1303,747,2014-08-19 20:06:38,2014-08-19 20:06:38
6653,1307,703,2014-08-19 20:18:17,2014-08-19 20:18:17
6655,1307,552,2014-08-19 20:19:23,2014-08-19 20:19:23
6657,1309,643,2014-08-19 20:23:28,2014-08-19 20:23:28
6659,1309,239,2014-08-19 20:25:03,2014-08-19 20:25:03
6661,1309,408,2014-08-19 20:25:03,2014-08-19 20:25:03
6663,1309,222,2014-08-19 20:25:03,2014-08-19 20:25:03
6665,1311,533,2014-08-19 20:28:42,2014-08-19 20:28:42
6667,1311,143,2014-08-19 20:29:10,2014-08-19 20:29:10
6669,1311,469,2014-08-19 20:29:10,2014-08-19 20:29:10
6671,1315,261,2014-08-19 20:31:23,2014-08-19 20:31:23
6673,1315,791,2014-08-19 20:33:09,2014-08-19 20:33:09
6675,1315,366,2014-08-19 20:33:09,2014-08-19 20:33:09
6677,1315,438,2014-08-19 20:33:09,2014-08-19 20:33:09
6679,1315,747,2014-08-19 20:33:09,2014-08-19 20:33:09
6681,1317,927,2014-08-19 20:36:47,2014-08-19 20:36:47
6683,1317,376,2014-08-19 20:39:27,2014-08-19 20:39:27
6685,1323,395,2014-08-19 21:03:39,2014-08-19 21:03:39
6687,1323,682,2014-08-19 21:05:05,2014-08-19 21:05:05
6689,1325,629,2014-08-19 21:06:49,2014-08-19 21:06:49
6691,1325,768,2014-08-19 21:09:10,2014-08-19 21:09:10
6693,1331,860,2014-08-19 21:19:17,2014-08-19 21:19:17
6695,1331,743,2014-08-19 21:23:46,2014-08-19 21:23:46
6697,1331,198,2014-08-19 21:23:46,2014-08-19 21:23:46
6699,1331,308,2014-08-19 21:23:46,2014-08-19 21:23:46
6701,1331,261,2014-08-19 21:23:46,2014-08-19 21:23:46
6703,1331,768,2014-08-19 21:23:46,2014-08-19 21:23:46
6705,1331,629,2014-08-19 21:23:46,2014-08-19 21:23:46
6707,1333,308,2014-08-19 21:25:48,2014-08-19 21:25:48
6709,1333,532,2014-08-19 21:29:12,2014-08-19 21:29:12
6711,1333,196,2014-08-19 21:29:12,2014-08-19 21:29:12
6713,1333,198,2014-08-19 21:29:12,2014-08-19 21:29:12
6715,1333,95,2014-08-19 21:29:12,2014-08-19 21:29:12
6717,1339,927,2014-08-19 21:36:08,2014-08-19 21:36:08
6723,1339,612,2014-08-19 21:39:52,2014-08-19 21:39:52
6725,1347,915,2014-08-19 21:46:15,2014-08-19 21:46:15
6727,1347,464,2014-08-19 21:47:47,2014-08-19 21:47:47
6729,1347,396,2014-08-19 21:47:47,2014-08-19 21:47:47
6731,1347,629,2014-08-19 21:47:47,2014-08-19 21:47:47
6733,1347,417,2014-08-19 21:47:47,2014-08-19 21:47:47
6735,1347,768,2014-08-19 21:47:47,2014-08-19 21:47:47
6737,1357,927,2014-08-19 22:24:00,2014-08-19 22:24:00
6739,1357,265,2014-08-19 22:25:07,2014-08-19 22:25:07
6741,1359,464,2014-08-19 22:31:51,2014-08-19 22:31:51
6743,1359,396,2014-08-19 22:36:01,2014-08-19 22:36:01
6745,1359,417,2014-08-19 22:36:01,2014-08-19 22:36:01
6747,1359,629,2014-08-19 22:36:01,2014-08-19 22:36:01
6749,1359,768,2014-08-19 22:36:01,2014-08-19 22:36:01
6751,1363,376,2014-08-21 21:23:56,2014-08-21 21:23:56
6753,1363,612,2014-08-21 21:23:56,2014-08-21 21:23:56
6755,1363,473,2014-08-21 21:23:56,2014-08-21 21:23:56
6757,1363,122,2014-08-21 21:23:56,2014-08-21 21:23:56
6759,1363,463,2014-08-21 21:23:56,2014-08-21 21:23:56
6761,1363,723,2014-08-21 21:23:56,2014-08-21 21:23:56
6763,1363,747,2014-08-21 21:23:56,2014-08-21 21:23:56
6765,1369,629,2014-08-21 21:57:27,2014-08-21 21:57:27
6767,1371,33,2014-08-21 22:02:07,2014-08-21 22:02:07
6769,1371,864,2014-08-21 22:02:07,2014-08-21 22:02:07
6771,1371,479,2014-08-21 22:02:07,2014-08-21 22:02:07
6773,1373,915,2014-08-21 22:10:43,2014-08-21 22:10:43
6775,1373,185,2014-08-21 22:10:43,2014-08-21 22:10:43
6777,1373,464,2014-08-21 22:10:43,2014-08-21 22:10:43
6779,1373,629,2014-08-21 22:10:43,2014-08-21 22:10:43
6781,1373,417,2014-08-21 22:10:43,2014-08-21 22:10:43
6783,1373,768,2014-08-21 22:10:43,2014-08-21 22:10:43
6785,1375,381,2014-08-21 22:24:52,2014-08-21 22:24:52
6787,1375,649,2014-08-21 22:24:52,2014-08-21 22:24:52
6789,1375,401,2014-08-21 22:24:52,2014-08-21 22:24:52
6791,1375,58,2014-08-21 22:24:52,2014-08-21 22:24:52
6793,1379,628,2014-08-21 22:36:51,2014-08-21 22:36:51
6795,1379,176,2014-08-21 22:36:51,2014-08-21 22:36:51
6797,1379,735,2014-08-21 22:36:51,2014-08-21 22:36:51
6799,1383,417,2014-08-21 22:46:41,2014-08-21 22:46:41
6801,1383,396,2014-08-21 22:46:41,2014-08-21 22:46:41
6803,1383,464,2014-08-21 22:46:41,2014-08-21 22:46:41
6805,1383,629,2014-08-21 22:46:41,2014-08-21 22:46:41
6807,1383,768,2014-08-21 22:46:41,2014-08-21 22:46:41
6809,1385,336,2014-08-21 22:52:02,2014-08-21 22:52:02
6811,1387,927,2014-08-22 15:46:06,2014-08-22 15:46:06
6813,1387,797,2014-08-22 15:46:06,2014-08-22 15:46:06
6815,1387,741,2014-08-22 15:46:06,2014-08-22 15:46:06
6817,1393,336,2014-08-22 16:13:21,2014-08-22 16:13:21
6819,1393,577,2014-08-22 16:13:21,2014-08-22 16:13:21
6821,1393,915,2014-08-22 16:13:21,2014-08-22 16:13:21
6823,1393,464,2014-08-22 16:13:21,2014-08-22 16:13:21
6825,1393,417,2014-08-22 16:13:21,2014-08-22 16:13:21
6827,1393,768,2014-08-22 16:13:21,2014-08-22 16:13:21
6829,1393,629,2014-08-22 16:13:21,2014-08-22 16:13:21
6831,1395,834,2014-08-22 19:34:03,2014-08-22 19:34:03
6833,1395,239,2014-08-22 19:34:03,2014-08-22 19:34:03
6835,1395,609,2014-08-22 19:34:03,2014-08-22 19:34:03
6837,1403,725,2014-08-22 20:42:15,2014-08-22 20:42:15
6839,1403,408,2014-08-22 20:42:15,2014-08-22 20:42:15
6841,1409,791,2014-08-22 21:00:01,2014-08-22 21:00:01
6843,1409,118,2014-08-22 21:00:01,2014-08-22 21:00:01
6845,1409,325,2014-08-22 21:00:01,2014-08-22 21:00:01
6847,1411,64,2014-08-22 21:08:58,2014-08-22 21:08:58
6849,1411,891,2014-08-22 21:08:58,2014-08-22 21:08:58
6851,1411,917,2014-08-22 21:08:58,2014-08-22 21:08:58
6853,1411,675,2014-08-22 21:08:58,2014-08-22 21:08:58
6855,1411,788,2014-08-22 21:08:58,2014-08-22 21:08:58
6857,1415,510,2014-08-22 21:21:09,2014-08-22 21:21:09
6859,1417,136,2014-08-22 21:35:25,2014-08-22 21:35:25
6861,1417,395,2014-08-22 21:35:25,2014-08-22 21:35:25
6863,1421,533,2014-08-22 21:44:11,2014-08-22 21:44:11
6865,1421,739,2014-08-22 21:47:14,2014-08-22 21:47:14
6867,1421,395,2014-08-22 21:47:14,2014-08-22 21:47:14
6869,1423,768,2014-08-22 22:23:19,2014-08-22 22:23:19
6871,1423,629,2014-08-22 22:23:19,2014-08-22 22:23:19
6873,1423,915,2014-08-22 22:23:19,2014-08-22 22:23:19
6875,1423,464,2014-08-22 22:23:19,2014-08-22 22:23:19
6877,1425,199,2014-08-22 22:33:42,2014-08-22 22:33:42
6879,1427,325,2014-08-22 22:54:42,2014-08-22 22:54:42
6881,1427,366,2014-08-22 22:54:42,2014-08-22 22:54:42
6883,1433,210,2014-08-25 17:43:13,2014-08-25 17:43:13
6885,1433,739,2014-08-25 17:43:13,2014-08-25 17:43:13
6887,1433,432,2014-08-25 17:43:13,2014-08-25 17:43:13
6889,1433,747,2014-08-25 17:43:13,2014-08-25 17:43:13
6891,1433,621,2014-08-25 17:43:13,2014-08-25 17:43:13
6893,1435,425,2014-08-25 17:51:26,2014-08-25 17:51:26
6895,1435,507,2014-08-25 17:51:26,2014-08-25 17:51:26
6897,1369,768,2014-08-25 18:58:48,2014-08-25 18:58:48
6899,1385,817,2014-08-25 19:30:01,2014-08-25 19:30:01
6901,54,927,2014-08-25 21:05:30,2014-08-25 21:05:30
6903,1437,9,2014-08-25 21:20:25,2014-08-25 21:20:25
6905,1437,116,2014-08-25 21:20:25,2014-08-25 21:20:25
6907,1439,893,2014-08-25 21:33:53,2014-08-25 21:33:53
6909,1439,466,2014-08-25 21:33:53,2014-08-25 21:33:53
6911,1443,239,2014-08-25 22:08:55,2014-08-25 22:08:55
6913,1443,834,2014-08-25 22:08:55,2014-08-25 22:08:55
6915,1443,609,2014-08-25 22:08:55,2014-08-25 22:08:55
6917,1443,404,2014-08-25 22:08:55,2014-08-25 22:08:55
6919,1443,605,2014-08-25 22:08:55,2014-08-25 22:08:55
6921,1443,176,2014-08-25 22:08:55,2014-08-25 22:08:55
6923,1449,222,2014-08-25 22:39:09,2014-08-25 22:39:09
6925,1449,284,2014-08-25 22:39:09,2014-08-25 22:39:09
6927,1449,725,2014-08-25 22:39:09,2014-08-25 22:39:09
6929,1449,507,2014-08-25 22:39:09,2014-08-25 22:39:09
6931,1451,543,2014-08-25 22:51:22,2014-08-25 22:51:22
6933,1451,353,2014-08-25 22:51:22,2014-08-25 22:51:22
6935,1451,460,2014-08-25 22:51:22,2014-08-25 22:51:22
6937,1451,168,2014-08-25 22:51:22,2014-08-25 22:51:22
6939,1455,760,2014-08-26 16:14:21,2014-08-26 16:14:21
6941,1455,461,2014-08-26 16:14:21,2014-08-26 16:14:21
6943,1455,736,2014-08-26 16:14:21,2014-08-26 16:14:21
6945,1455,417,2014-08-26 16:14:21,2014-08-26 16:14:21
6947,1457,417,2014-08-26 16:31:50,2014-08-26 16:31:50
6949,1457,396,2014-08-26 16:31:50,2014-08-26 16:31:50
6951,1457,464,2014-08-26 16:31:50,2014-08-26 16:31:50
6953,1457,629,2014-08-26 16:31:50,2014-08-26 16:31:50
6955,1457,768,2014-08-26 16:31:50,2014-08-26 16:31:50
6957,1461,655,2014-08-26 16:50:00,2014-08-26 16:50:00
6959,1463,927,2014-08-26 17:05:34,2014-08-26 17:05:34
6961,1463,27,2014-08-26 17:05:34,2014-08-26 17:05:34
6963,1463,797,2014-08-26 17:05:34,2014-08-26 17:05:34
6965,1465,145,2014-08-26 17:52:30,2014-08-26 17:52:30
6967,1465,435,2014-08-26 17:52:30,2014-08-26 17:52:30
6969,1465,864,2014-08-26 17:52:30,2014-08-26 17:52:30
6971,1465,179,2014-08-26 17:52:30,2014-08-26 17:52:30
6973,1469,643,2014-08-26 19:03:41,2014-08-26 19:03:41
6975,1469,98,2014-08-26 19:03:41,2014-08-26 19:03:41
6977,1469,168,2014-08-26 19:03:41,2014-08-26 19:03:41
6979,1469,849,2014-08-26 19:03:41,2014-08-26 19:03:41
6981,1469,681,2014-08-26 19:03:41,2014-08-26 19:03:41
6983,1469,123,2014-08-26 19:03:41,2014-08-26 19:03:41
6985,1469,286,2014-08-26 19:03:41,2014-08-26 19:03:41
6987,1469,203,2014-08-26 19:03:41,2014-08-26 19:03:41
6989,1469,616,2014-08-26 19:03:41,2014-08-26 19:03:41
6991,1469,228,2014-08-26 19:03:41,2014-08-26 19:03:41
6993,1471,927,2014-08-26 19:34:47,2014-08-26 19:34:47
6995,1471,797,2014-08-26 19:34:47,2014-08-26 19:34:47
6997,1471,728,2014-08-26 19:34:47,2014-08-26 19:34:47
6999,1471,635,2014-08-26 19:34:47,2014-08-26 19:34:47
7001,1471,286,2014-08-26 19:34:47,2014-08-26 19:34:47
7003,1471,168,2014-08-26 19:34:47,2014-08-26 19:34:47
7005,1471,363,2014-08-26 19:34:47,2014-08-26 19:34:47
7007,1471,768,2014-08-26 19:34:47,2014-08-26 19:34:47
7009,1471,629,2014-08-26 19:34:47,2014-08-26 19:34:47
7011,1471,417,2014-08-26 19:34:47,2014-08-26 19:34:47
7013,1475,892,2014-08-26 19:59:30,2014-08-26 19:59:30
7015,1475,312,2014-08-26 19:59:30,2014-08-26 19:59:30
7017,1475,376,2014-08-26 19:59:30,2014-08-26 19:59:30
7019,1475,612,2014-08-26 19:59:30,2014-08-26 19:59:30
7021,1475,27,2014-08-26 19:59:30,2014-08-26 19:59:30
7023,1475,571,2014-08-26 20:10:10,2014-08-26 20:10:10
7025,1475,800,2014-08-26 20:10:10,2014-08-26 20:10:10
7027,1475,693,2014-08-26 20:10:10,2014-08-26 20:10:10
7029,1475,576,2014-08-26 20:10:10,2014-08-26 20:10:10
7031,1479,571,2014-08-26 20:18:53,2014-08-26 20:18:53
7033,1479,892,2014-08-26 20:18:53,2014-08-26 20:18:53
7035,1479,800,2014-08-26 20:18:53,2014-08-26 20:18:53
7037,1487,646,2014-08-26 20:51:41,2014-08-26 20:51:41
7039,1487,577,2014-08-26 20:51:41,2014-08-26 20:51:41
7041,1487,760,2014-08-26 20:51:41,2014-08-26 20:51:41
7043,1489,768,2014-08-27 15:39:01,2014-08-27 15:39:01
7045,1489,629,2014-08-27 15:39:01,2014-08-27 15:39:01
7047,1495,577,2014-08-27 15:48:52,2014-08-27 15:48:52
7049,1495,156,2014-08-27 15:48:52,2014-08-27 15:48:52
7051,1495,609,2014-08-27 15:48:52,2014-08-27 15:48:52
7053,1495,760,2014-08-27 15:48:52,2014-08-27 15:48:52
7055,1495,22,2014-08-27 15:48:52,2014-08-27 15:48:52
7057,1495,842,2014-08-27 15:48:52,2014-08-27 15:48:52
7059,1501,927,2014-08-27 16:08:09,2014-08-27 16:08:09
7061,1501,797,2014-08-27 16:08:09,2014-08-27 16:08:09
7063,1501,371,2014-08-27 16:08:09,2014-08-27 16:08:09
7065,1501,50,2014-08-27 16:08:09,2014-08-27 16:08:09
7067,1501,790,2014-08-27 16:08:09,2014-08-27 16:08:09
7069,1501,612,2014-08-27 16:08:09,2014-08-27 16:08:09
7071,1501,376,2014-08-27 16:08:09,2014-08-27 16:08:09
7073,1501,473,2014-08-27 16:08:09,2014-08-27 16:08:09
7075,1501,125,2014-08-27 16:08:09,2014-08-27 16:08:09
7077,1503,533,2014-08-27 16:14:25,2014-08-27 16:14:25
7079,1503,752,2014-08-27 16:14:25,2014-08-27 16:14:25
7081,1503,46,2014-08-27 16:14:25,2014-08-27 16:14:25
7083,1503,739,2014-08-27 16:14:25,2014-08-27 16:14:25
7085,1503,901,2014-08-27 16:14:25,2014-08-27 16:14:25
7087,1505,915,2014-08-27 16:25:29,2014-08-27 16:25:29
7089,1505,464,2014-08-27 16:25:29,2014-08-27 16:25:29
7091,1505,185,2014-08-27 16:25:29,2014-08-27 16:25:29
7093,1505,629,2014-08-27 16:25:29,2014-08-27 16:25:29
7095,1505,417,2014-08-27 16:25:29,2014-08-27 16:25:29
7097,1505,768,2014-08-27 16:25:29,2014-08-27 16:25:29
7099,1507,438,2014-08-27 16:30:18,2014-08-27 16:30:18
7101,1507,61,2014-08-27 16:30:18,2014-08-27 16:30:18
7103,1507,747,2014-08-27 16:30:18,2014-08-27 16:30:18
7105,1507,629,2014-08-27 16:30:18,2014-08-27 16:30:18
7107,1507,768,2014-08-27 16:30:18,2014-08-27 16:30:18
7109,1509,381,2014-08-27 16:46:51,2014-08-27 16:46:51
7111,1509,683,2014-08-27 16:46:51,2014-08-27 16:46:51
7113,1509,687,2014-08-27 16:46:51,2014-08-27 16:46:51
7115,1509,371,2014-08-27 16:46:51,2014-08-27 16:46:51
7117,1509,622,2014-08-27 16:46:51,2014-08-27 16:46:51
7119,1509,855,2014-08-27 16:46:51,2014-08-27 16:46:51
7121,1513,26,2014-09-02 18:33:28,2014-09-02 18:33:28
7123,1515,794,2014-09-02 18:38:03,2014-09-02 18:38:03
7125,1517,63,2014-09-02 18:44:37,2014-09-02 18:44:37
7127,1517,927,2014-09-02 18:44:37,2014-09-02 18:44:37
7129,1517,797,2014-09-02 18:44:37,2014-09-02 18:44:37
7131,1517,484,2014-09-02 18:44:37,2014-09-02 18:44:37
7133,1517,904,2014-09-02 18:44:37,2014-09-02 18:44:37
7135,1519,61,2014-09-02 18:52:51,2014-09-02 18:52:51
7137,1519,448,2014-09-02 18:52:51,2014-09-02 18:52:51
7139,1519,253,2014-09-02 18:52:51,2014-09-02 18:52:51
7141,1519,822,2014-09-02 18:52:51,2014-09-02 18:52:51
7143,1519,81,2014-09-02 18:52:51,2014-09-02 18:52:51
7145,1519,24,2014-09-02 18:52:51,2014-09-02 18:52:51
7147,1519,798,2014-09-02 18:52:51,2014-09-02 18:52:51
7149,1519,330,2014-09-02 18:52:51,2014-09-02 18:52:51
7151,1519,747,2014-09-02 18:52:51,2014-09-02 18:52:51
7153,1519,621,2014-09-02 18:52:51,2014-09-02 18:52:51
7155,1519,680,2014-09-02 18:52:51,2014-09-02 18:52:51
7157,1519,432,2014-09-02 18:52:51,2014-09-02 18:52:51
7159,1519,366,2014-09-02 18:52:51,2014-09-02 18:52:51
7161,1519,852,2014-09-02 18:52:51,2014-09-02 18:52:51
7163,1521,543,2014-09-02 18:56:57,2014-09-02 18:56:57
7165,1521,353,2014-09-02 18:56:57,2014-09-02 18:56:57
7167,1527,845,2014-09-02 20:18:08,2014-09-02 20:18:08
7169,1527,414,2014-09-02 20:18:08,2014-09-02 20:18:08
7171,1527,371,2014-09-02 20:18:08,2014-09-02 20:18:08
7173,1529,47,2014-09-03 17:32:42,2014-09-03 17:32:42
7175,1531,598,2014-09-03 17:36:34,2014-09-03 17:36:34
7177,1531,3,2014-09-03 17:36:34,2014-09-03 17:36:34
7179,1533,598,2014-09-03 17:40:17,2014-09-03 17:40:17
7181,1533,599,2014-09-03 17:40:17,2014-09-03 17:40:17
7183,1535,513,2014-09-03 18:02:15,2014-09-03 18:02:15
7185,1535,1,2014-09-03 18:02:15,2014-09-03 18:02:15
7187,1535,239,2014-09-03 18:02:15,2014-09-03 18:02:15
7189,1535,609,2014-09-03 18:02:15,2014-09-03 18:02:15
7191,1535,834,2014-09-03 18:02:15,2014-09-03 18:02:15
7192,1542,532,2014-12-05 19:48:54,2014-12-05 19:48:54
7194,1542,927,2014-12-05 19:48:54,2014-12-05 19:48:54
7196,1542,797,2014-12-05 19:48:54,2014-12-05 19:48:54
7198,1542,477,2014-12-05 19:48:54,2014-12-05 19:48:54
7200,1542,355,2014-12-05 19:48:54,2014-12-05 19:48:54
7202,1544,38,2014-12-08 18:41:21,2014-12-08 18:41:21
7204,1544,760,2014-12-08 18:41:21,2014-12-08 18:41:21
7206,1544,577,2014-12-08 18:41:21,2014-12-08 18:41:21
7208,1544,22,2014-12-08 18:41:21,2014-12-08 18:41:21
7210,1548,266,2014-12-08 19:41:15,2014-12-08 19:41:15
7212,1580,417,2016-02-24 18:01:35,2016-02-24 18:01:35
7214,1580,261,2016-02-24 18:04:16,2016-02-24 18:04:16
7216,1580,573,2016-02-24 18:04:16,2016-02-24 18:04:16
7218,1580,531,2016-02-24 18:04:16,2016-02-24 18:04:16
7220,1580,45,2016-02-24 18:04:16,2016-02-24 18:04:16
7222,1580,629,2016-02-24 18:04:16,2016-02-24 18:04:16
7224,1580,313,2016-02-24 18:04:16,2016-02-24 18:04:16
7226,1580,397,2016-02-24 18:04:16,2016-02-24 18:04:16
7228,1580,619,2016-02-24 18:04:16,2016-02-24 18:04:16
7230,1580,733,2016-02-24 18:04:16,2016-02-24 18:04:16
7232,1580,768,2016-02-24 18:04:16,2016-02-24 18:04:16
7234,1580,406,2016-02-24 18:04:16,2016-02-24 18:04:16
7236,1580,373,2016-02-24 18:04:16,2016-02-24 18:04:16
7238,1580,131,2016-02-24 18:04:16,2016-02-24 18:04:16
7240,1580,339,2016-02-24 18:04:16,2016-02-24 18:04:16
7242,1580,212,2016-02-24 18:04:16,2016-02-24 18:04:16
7244,1588,577,2016-02-24 18:35:07,2016-02-24 18:35:07
7246,1560,163,2016-02-25 16:35:21,2016-02-25 16:35:21
7248,1560,700,2016-02-25 16:35:21,2016-02-25 16:35:21
7250,1560,145,2016-02-25 16:35:21,2016-02-25 16:35:21
7252,1560,72,2016-02-25 16:35:21,2016-02-25 16:35:21
7254,1564,629,2016-02-25 16:39:10,2016-02-25 16:39:10
7256,1564,832,2016-02-25 16:39:10,2016-02-25 16:39:10
7258,1564,632,2016-02-25 16:39:10,2016-02-25 16:39:10
7260,1564,192,2016-02-25 16:39:10,2016-02-25 16:39:10
7262,562,417,2016-02-25 17:01:34,2016-02-25 17:01:34
7264,562,629,2016-02-25 17:01:34,2016-02-25 17:01:34
7266,1584,417,2016-02-25 17:02:24,2016-02-25 17:02:24
7268,1584,629,2016-02-25 17:02:24,2016-02-25 17:02:24
7270,1584,602,2016-02-25 17:02:24,2016-02-25 17:02:24
7272,1584,714,2016-02-25 17:02:24,2016-02-25 17:02:24
7274,1590,145,2016-02-25 17:06:18,2016-02-25 17:06:18
7276,1590,700,2016-02-25 17:06:18,2016-02-25 17:06:18
7278,1618,629,2016-02-25 17:26:47,2016-02-25 17:26:47
