_id,name,description,common_complications
1,Abdominal hysterectomy (remove uterus),"A surgical procedure to remove the uterus, and possibly the ovaries, through the abdomen. There are many reasons the uterus needs to be removed including: tumors, chronic pain, prolapse, and persistent bleeding.    
","Excessive bleeding and infection after the surgery are the most common complications. Other problems may include the development of blood clots, chronic abdominal pain, damage to other pelvic organs, and earlier menopause. The most common pelvic organ damaged is the ureter (the tube that carries urine from the kidney to the bladder). Patients can infrequently have bad reactions to anesthesia including allergic reactions."
2,Abdominal ultrasound (imaging procedure),"A diagnostic imaging procedure. The ultrasound device is pressed against the abdomen, and sound waves from the device bounce off tissues and create echoes. The pictures can be used to diagnose abnormalities of the liver, gallbladder, spleen, appendix, pancreas, kidneys, blood vessels and other conditions. Also known as transabdominal ultrasound.",There are no complications with an ultrasound procedure.
3,ACTH stimulation test (evaluate adrenal glands),A medical test that evaluates the functioning of the adrenal glands. A hormone called ACTH (adrenocorticotropic hormone) is injected into the blood stream and the amount of cortisol produced is measured. The test can help diagnose adrenal insufficiency (Addison's disease).,"Complications are rarely seen. Side effects may include rash, fainting, headache, blurry vision, swelling, dizziness, palpitations, shortness of breath."
4,Adenoidectomy (removal of adenoids),"A surgical procedure to remove the adenoids (lymph tissue in the back of the mouth and throat). Indications include a history of adenoids that are enlarged or frequently infected, causing ear infections, sinus infections or sleep disorders.","Nasal stuffiness is common. Other less common complications include bleeding and infection from the surgery site. Call the doctor if the bleeding is brisk, for a persistent fever or severe pain.  The surgery can result in post-operative pain or infection.  Patients can infrequently have bad reactions to the general anesthesia including allergic reactions."
5,Amniocentesis (sample amniotic fluid),"A diagnostic procedure to sample the amniotic fluid surrounding a fetus, most commonly used to detect birth defects during pregnancy. A needle is inserted through the abdomen and uterus and then into the amniotic sac. An ultrasound is used to direct the needle away from the fetus. The procedure is usually done between the 16th and 20th week of pregnancy.","Pain, infection and bleeding can occur. Infection of the amniotic fluid can result in preterm labor and miscarriage. Direct injury to the fetus can also occur. The complication rate is low. "
6,Amputation (remove limb),"A surgical procedure to remove part or all of a limb or appendage. Some reasons for amputation include: peripheral artery disease, long standing diabetes, severe traumatic damage to the limb, cancer and persistent infection despite antibiotics.","Infection and pain. Rarely a patient continues to feel pain in the removed limb (phantom limb pain).  The surgery can result in post-operative pain, infection or blood clots of the legs (deep vein thrombosis) or lungs (pulmonary embolus). Patients can infrequently have bad reactions to the general anesthesia including allergic reactions and very rarely a heart attack or stroke."
7,Anastomosis (connect two structures),"A procedure to attach viable tubular structures in the body after the diseased portion has been surgically removed, such as blood vessels or loops of intestine.","Any major surgery can result in infection, pain and the development of blood clots in the legs after surgery. Other problems can occur when there is leaking of the surgical connection. The surgery can result in post-operative pain, infection or blood clots of the legs (deep vein thrombosis) or lungs (pulmonary embolus). Patients can infrequently have bad reactions to the general anesthesia including allergic reactions and very rarely a heart attack or stroke."
8,Anesthesia (make numb or unconscious),"A method of providing partial or complete loss of sensation in part or all of the body, most often using drugs called anesthetics.  Its commonly used to block the pain of surgery. Anesthesia can be local (such as numbing a tooth for drilling a cavity), regional (numbing an entire arm for an operation) or general (being put to sleep). ","A patients risk of anesthesia increases with age and with other co-existing medical problems. The most serious complications are associated with general anesthesia and can result in breathing problems, lung infections from aspiration (breathing in stomach contents into the lungs) and/or death.  Patients can infrequently have bad reactions to the general anesthesia including allergic reactions and very rarely a heart attack or stroke."
9,Angiography (x-ray blood vessels),A diagnostic procedure to x-ray blood vessels. Dye is injected into the vessel using a catheter which allows the vascular structures to be visualized. This procedure can identify blockages and other problems interfering with the flow of blood.,"The vessel being examined can be damaged and torn resulting in bleeding or loss of the vessel. A blood clot can develop in the vessel after the procedure. Patients can have allergic reactions to the dye resulting in rash, swelling, shortness of breath and very rarely shock. The contrast dye can injure the kidneys, especially if the person has underlying kidney disease."
10,Angioplasty (open blocked artery),"A procedure, usually using a small inflatable balloon, to open clogged arteries. Many times a stent or small tube is placed in the vessel to keep it open.",The procedure can result in pain and/or infection. The artery can be torn or damaged when the balloon is inflated. A blood clot can occur in the vessel after the catheter is removed. Patients can infrequently have bad reactions to the medications given during the procedure.
11,Antibody therapy for cancer (kill tumor cells),A medical therapy using substances to kill specific tumor cells or stimulate the immune system to kill tumor cells.,Some normal cells can be killed in the process.
12,Appendectomy (remove appendix),"A surgical procedure to remove the appendix. This procedure can be done by opening the abdomen or with small incisions, using special instruments and a camera called a laparoscope (laparoscopic appendectomy).","Any major surgery can result in infection, pain, and the development of blood clots in the legs or lungs after surgery. Appendectomy can result in an intra-abdominal infection, intestinal obstruction, or damage to other organs in the abdomen. Patients can infrequently have bad reactions to anesthesia."
13,Arteriography (x-ray arteries),A diagnostic procedure to x-ray arteries. Dye is injected into the artery using a catheter or small tube which allows the vascular structures to be visualized. ,"The vessel being examined can be damaged and torn resulting in bleeding or loss of the vessel. A blood clot can develop in the vessel after the procedure. Patients can have allergic reactions to the dye resulting in rash, swelling, shortness of breath and very rarely shock. The contrast dye can injure the kidneys, especially if the person has underlying kidney disease."
14,Arthroscopy (joint examination using camera),A surgical procedure used by orthopedic surgeons to diagnose and treat problems inside a joint. An instrument with a small camera is inserted into the joint to determine what structures are damaged. Many times the surgeon can repair the injuries at the same time.,Infection of the joint requiring additional surgeries and antibiotics. Damage to the joint from insertion of the instrument. A blood clot can develop after surgery.
15,Aspiration (remove fluid with a needle),"A procedure that uses a needle and syringe to draw out fluid. The fluid can be taken from a cyst, joint, abscess or any other collection of fluid in the body.",Infection or pain at the site of the needle insertion. 
16,Autologous bone marrow transplantation (use patient's own bone marrow),"A procedure in which bone marrow is removed from a patient, stored, and then given back to the patient after treatment. ","Bone marrow transplantation is a complex procedure with potentially serious consequences. Complications include: low blood cell counts leading to infection and/or anemia, breathing problems, and damage to the liver or heart.  "
17,Balloon angioplasty (open artery),"A procedure to open clogged or blocked arteries usually involving the heart but can be used in other arteries. A catheter is positioned in the narrowed artery, with a tiny balloon at its tip. The balloon is then inflated and deflated sequentially to stretch or break open the narrowing. This improves the size of the opening and passage for blood flow. Many times a stent (small tube) will be placed in the artery afterward to keep it from closing.","The vessel can be torn (dissection) or damaged causing bleeding or loss of the vessel. At times the damage requires an emergent bypass of the artery. Infection and pain at the insertion site. Dilation of the vessel can cause a pseudo-aneurysm.  The procedure can result in post-operative pain, infection or blood clots of the legs (deep vein thrombosis) or lungs (pulmonary embolus). Patients can infrequently have bad reactions to the medications given during the procedure."
18,"Barium enema (lower GI series, x-ray colon)","A diagnostic procedure to x-ray the rectum and large intestine. The x-rays are taken after the person is given an enema with a barium containing solutions, which coats the inner lining of the rectum and large intestine. ",Occasionally constipation occurs. Rarely perforation of the rectum or colon occurs. 
19,"Barium swallow (upper GI series, x-ray upper GI tract)","A diagnostic procedure to take x-ray pictures of the esophagus as a person swallows a barium containing solution, which coats the inner lining of the esophagus. The barium solution moves into the stomach and small intestine. X-rays are taken of these structures also. This test is also called an esophagram and can help diagnose the causes of pain and swallowing difficulties. ",Complications are very rare.
20,Biological therapy (immune system modification to treat disease),"A medical therapy that alters the immune system. Depending on the specific type of therapy, it may either stimulate or suppress the immune system. It is used most often to treat cancer and autoimmune diseases.","Complications can be mild such as rash, itching and flu-like symptoms to severe such as very low blood pressure and increased risk of infection."
21,Biopsy (remove cells or tissue),"A procedure to remove cells or tissue for examination under a microscope. The type of biopsy depends on the size and location of the area to be biopsied. It may be done with a skinny needle to suck out cells, a bigger needle that takes a core of tissue, or surgical removal of part or all of the tissue (excisional biopsy).",Infection at the biopsy site. Damage of surrounding tissue or underlying nerves or blood vessels.   
22,Blepharoplasty (eye lift),A cosmetic surgical procedure to remove excess fat and skin from the upper and lower eyelids.,"Infection, bleeding, and an unsatisfactory cosmetic result are the major risks. Rarely, double vision, loss of vision, and/or damage to the tear ducts can occur. "
23,Blood transfusion (replace blood),"A medical procedure to administer blood or blood products into the blood stream, usually for a low blood count from bleeding or anemia.","Even after cross matching of blood reactions can occur. Severe reactions cause fever, shortness of breath, chest pain and rarely shock. Milder reactions include hives, itching and a feeling of uneasiness. Infection is another rare complication."
24,Bone density scan (test of bone strength),"A diagnostic procedure to measure the density or calcium content of a patient's bones. The bone density indicates the strength of the bones, and the risk or level of osteoporosis. Lower levels of bone density may lead to more fractures.",A non-invasive test with no expected complications.
25,Bone marrow biopsy (bone marrow sample),A procedure to remove a sample of tissue from the bone marrow with a needle for examination under a microscope. It is usually done in the back part of the pelvic bone. The procedure is done to help diagnose the specific cause of anemia and other blood cell diseases or determine if cancer is present.,Pain at the biopsy site. Complications are rare. 
26,Bone marrow transplantation (replace bone marrow),"A procedure to replace bone marrow. Can be used following treatment for certain cancers in which the bone marrow has been destroyed by anticancer drugs or radiation. It can also be used as a treatment for certain types of anemia's, such as sickle cell and aplastic anemia. Transplantation may be autologous (an individual's own marrow saved before treatment), allogeneic (marrow donated by someone else), or syngeneic (marrow donated by an identical twin).","Bone marrow transplantation is a complex procedure with potentially serious consequences. Complications include: low blood cell counts leading to infection and/or anemia, breathing problems, and damage to the liver or heart."
27,Bone scan (image of bones),"A diagnostic test to create images of bones for evaluation. Radioactive material is injected into a blood vessel and collects in the bones. It is then detected by a scanner. A bone scan detects increased metabolic activity and can be used to diagnose bone infections, fractures or cancer.",Complications are very rare but include an allergic reaction.
28,Botox injections (skin injection of small amount of toxin),"A procedure involving the injection of botulinum toxin into certain muscles to treat some medical disorders, such as severe muscle spasticity and chronic migraine, or for cosmetic purposes.",The most common complications are bruising and unwanted cosmetic results.
29,Brachytherapy (cancer treatment),"A procedure in which radioactive material is implanted in the body to provide localized radiation therapy. It is also called internal radiation, implant radiation, or interstitial radiation therapy. It is most commonly used to treat prostate, breast, cervical, and skin cancer.",Infection and pain are initial possible complications. Long term problems are associated with the damage to the surrounding tissue.
30,Breast augmentation or enlargement (implant),A surgical procedure to increase the size of the breast with an implant placed behind the breast in the soft tissue or muscle layers.,"Surgery can result in infection, pain, and the development of blood clots in the legs or lungs after surgery. An unsatisfactory result is always a possibility with cosmetic or reconstructive surgery. Patients can infrequently have bad reactions to anesthesia."
31,Breast implant removal,"A surgical procedure to remove previously placed breast implants. The three most common reasons for breast implant removal are change of size and shape, implant leakage or rupture, and capsular contracture.","Surgery can result in infection, pain, and the development of blood clots in the legs or lungs after surgery. An unsatisfactory result is always a possibility with cosmetic or reconstructive surgery.  Patients can infrequently have bad reactions to anesthesia."
32,Breast lift (mastopexy),"A surgical procedure to lift the breast by raising the nipple and areola to a higher level, which can be performed with various different incisions depending upon the degree of sagging. Occasionally, a breast implant is used to improve the size, shape, firmness and projection of the breast in conjunction with the breast lift.","Surgery can result in infection, pain, and the development of blood clots in the legs or lungs after surgery. An unsatisfactory result is always a possibility with cosmetic or reconstructive surgery. Patients can infrequently have bad reactions to anesthesia."
33,Breast reduction (reduction mammaplasty),"A surgical procedure involving the removal of excess skin, fat, and glandular tissue of the breast. It also commonly requires a reduction in the size of the areola (nipple), since it is usually stretched out from the constant weight of the breast. The procedure is usually performed to alleviate discomfort, to achieve a breast size in proportion with the patient's body, for cosmetic reasons, or to improve performance in sport activities. ","Surgery can result in infection, pain, and the development of blood clots in the legs or lungs after surgery. An unsatisfactory result is always a possibility with cosmetic or reconstructive surgery. Patients can infrequently have bad reactions to anesthesia."
34,Breast conserving surgery (removal of part of the breast),This procedure is also called breast-sparing surgery and involves removing only the portion of the breast containing cancer and the immediate surrounding breast tissue. Lumpectomy only removes the lump with a minimal border of normal appearing breast tissue. Partial or segmental mastectomy involves removal of a larger amount of breast tissue than lumpectomy. Quadrantectomy removes one fourth of the breast.,"Surgery can result in infection, pain, and the development of blood clots in the legs or lungs after surgery.  Patients can infrequently have bad reactions to anesthesia. "
35,Bronchoscopy (camera images of lung),"A medical procedure that uses a bronchoscope, a flexible tube with a small light and camera, to examine the airways of the lung. This procedure is used to diagnose problems in the lungs by directly viewing the airways and taking samples or biopsies. It can help diagnose the specific cause of lung symptoms and/or chest x-ray abnormalities. ","Potential complications include allergic reactions to the sedation medications, aspiration of stomach contents, and injury to the mouth, throat, or lungs."
36,Bypass (create new pathway for blood),A surgical procedure usually involving the creation of a new pathway for blood flow. A cardiac bypass creates new blood flow to the heart.,"Surgery can result in infection, pain, and the development of blood clots in the legs or lungs after surgery. The bypassed arteries can be damaged and the organ they supply can be damaged. Patients can infrequently have bad reactions to the general anesthesia including allergic reactions and very rarely a heart attack or stroke."
37,Capsule endoscopy (camera in a swallowed capsule),"A diagnostic procedure involving swallowing a capsule containing a tiny camera. It takes pictures as it glides through the small intestine and is then excreted from the body. It can help diagnose polyps, cancer, or causes of bleeding and anemia. ",Complications are rare.
38,Cardiac catheterization (heart artery pictures),"A diagnostic procedure used to explore the coronary arteries, involving use of a catheter entering the body from an artery in the leg, and passed into the arteries of the heart. It can help diagnose heart disease and coronary artery blockages.","The vessel being examined can be damaged and torn resulting in bleeding or loss of the vessel. A blood clot can develop in the vessel after the procedure. Patients can have allergic reactions to the dye resulting in rash, swelling, shortness of breath and very low blood pressure. The contrast dye can injure the kidneys, especially if the person has underlying kidney disease. The site of insertion can become infected."
39,Cardioversion (convert to normal heart rhythm),"A medical procedure using electrical currents to restore the heart beat to a normal rhythm when a patient has a persistent irregular heart rhythm or a new arrhythmia. Atrial fibrillation, atrial flutter, supra-ventricular tachycardia and ventricular tachycardia are the most common abnormal rhythms to be treated with cardioversion.","Sedation given for the procedure can result in allergic reactions or breathing problems. Residual soreness chest soreness is the most common side effects. Very rarely, the electrical current delivered can cause a very slow or fast heart rate."
40,Carotid endarterectomy (unclog carotid artery),A surgical procedure to unclog the carotid artery in the neck in the hope of preventing strokes.,"Surgery can result in infection, pain, and the development of blood clots in the legs or lungs after surgery. The carotid artery can be damaged resulting in life threatening bleeding or a stroke.  Patients can infrequently have bad reactions to the general anesthesia including allergic reactions and very rarely a heart attack or stroke."
41,Carotid ultrasound exam (neck artery imaging),A diagnostic procedure to examine the arteries in the neck for narrowing or stenosis. Sound waves are used to evaluate the inside of vessel and the blood flow through the artery. The amount of narrowing determines the risk of future strokes.,None unless too much pressure is applied to the carotid arteries during the ultrasound exam.
42,Castration (removal of testicles or ovaries),"A procedure or therapy that removes the functioning of the testicles or ovaries. There are multiple methods including surgical removal, radiation and/or drugs. Drugs suppress the hormone production of the testicles and ovaries and this is called medical castration.","Surgery can result in infection, pain, and the development of blood clots in the legs or lungs after surgery. The loss of hormones from the removal of the testicles or ovaries can cause hot flashes and other symptoms similar to low testosterone in men and menopause in woman. Patients can infrequently have bad reactions to anesthesia."
43,Cataract surgery (remove cataract from eye),A surgical procedure to remove or dissolve the clouded lens of the eye formed as a result of a cataract. In most cases a permanent intraocular lens (IOL) is inserted.,Decrease vision and loss of vision are the most serious complications.
44,Catheterization (insertion of hollow tube),"A procedure involving the insertion of a catheter into the body. Many things can be catheterized for different reasons, including the bladder, the arteries, or the veins.",The complications depend on the area of the body being catheterized. 
45,Cauterization (stops bleeding),"A surgical procedure to destroy tissue with a hot instrument, an electrical current, or a caustic substance. It is commonly used in surgery to stop bleeding.","Pain, infection and local tissue destruction are the main complications."
46,Celioscopy (camera exam of abdominal cavity),"A surgical procedure that uses a small surgical tube with a camera called a laparoscope. The laparoscope is inserted into the abdomen and is used to examine and treat the abdominal and pelvic organs. This procedure can be used to treat many conditions including appendicitis, pelvic inflammatory disease, ectopic pregnancy and ovarian cyst. ","Any surgery can result in infection, pain, and the development of blood clots in the legs or lungs after surgery. Abdominal surgery can result in an intra-abdominal infection, intestinal obstruction, or damage to other organs in the abdomen."
47,Central line placement (place large IV into a vein),"A procedure to place a large bore intravenous catheter into the subclavian, internal jugular, or femoral vein for IV access, blood draw, and medication delivery. The procedure may be done with the help of an ultrasound.","Infection at the insertion site, damage to the blood vessel, and a blood clot in the vessel are the most common complications."
48,Cerebral angiography (brain blood vessel images),A diagnostic procedure to x-ray the blood vessels of the brain using contrast injected into the blood stream. It can be used to diagnose problems of the brain and brainstem such as aneurysm.,"The vessel being examined can be damaged and torn resulting in bleeding or loss of the vessel. A blood clot can develop in the vessel after the procedure rarely resulting in a stroke. Patients can have allergic reactions to the dye resulting in rash, swelling, shortness of breath and shock. The contrast dye can injure the kidneys, especially if the person has underlying kidney disease."
49,Cesarean section (surgical delivery of baby),A surgical procedure that removes the baby from a mother's uterus through an incision in her abdomen. A cesarean section is also called a C-section and is performed when the mother cannot deliver the baby through the vagina or if the baby is in distress.,"Any major surgery can result in infection, pain, and the development of blood clots in the legs or lungs after surgery. A C-section can result in an intra-abdominal infection, intestinal obstruction, or damage to the uterus or other organs in the pelvis."
50,Chemical peel (improve texture of facial skin),"A medical procedure using a chemical solution that removes damaged skin. The procedure is performed to smooth out the texture of the facial skin and is useful for patients with excessive wrinkles or blemishes. The most commonly used chemicals are alpha hydroxy acids, phenol and trichloroacetic acid.  ",Complications range from minor skin irritation to permanent scarring. Rarely more serious allergic reactions to the chemicals can occur.
51,Chemoembolization (treatment for liver cancer),A procedure that involves administering anticancer drugs directly into an artery that supplies blood to a tumor. This is immediately followed by injection of a substance that causes a blockage in the same artery. This permits a higher concentration of drug to be in contact with the tumor for a longer period of time.,The embolization chemical can travel to the wrong area resulting in the destruction of healthy tissue. The most serious risks are infection and massive damage to the liver.
52,Chemotherapy (cancer treatment),The use of drugs to treat cancer. These drugs generally kill tumor cells preferentially over normal cells.,"Hair loss, nausea, vomiting and diarrhea are common. At times a patient's bone marrow is damaged resulting in low red blood cells (anemia), easy bleeding from low platelets (thrombocytopenia), and increased infections from a low white blood cell count (neutropenia)."
53,Chin implant (change shape of chin),A surgical procedure to correct an abnormally shaped chin. A surgical incision is made in the skin or inside the mouth and a silicone implant is placed. ,"Surgery can result in pain, infection or blood clots of the legs (deep vein thrombosis) or lungs (pulmonary embolus). A poor cosmetic result is also a risk.  Patients can infrequently have bad reactions to anesthesia."
54,Cholecystectomy (remove gallbladder),A surgical procedure to remove the gallbladder. The most common reason for removing a gallbladder is gallstones causing symptoms or an infection of the gallbladder. The gallbladder can be removed through a large incision (open) or through a laparoscope (laparoscopically).,"Surgery can result in pain, infection or blood clots of the legs (deep vein thrombosis) or lungs (pulmonary embolus). Damage and leaking of a bile duct can result in a fluid collection and abscess (collection of pus). At times a stone can be left behind (retained stone) in one of the bile ducts.  Patients can infrequently have bad reactions to anesthesia."
55,Chorionic villus sampling or CVS (detects birth defects),"A diagnostic procedure used during pregnancy to diagnose birth defects. A small sample of placental cells called the chorionic villi is obtained by inserting a small tube through the pregnant patient's vagina and cervix into the uterus (transcervical approach). The procedure can also be performed by passing the tube through the abdominal wall into the uterus and placenta (transabdominal approach). There is a slight increased risk of losing the baby with the transcervical approach. An ultrasound sound is used to help guide the tube in both techniques. CVS can test for conditions such as Down syndrome, Tay Sachs disease, and cystic fibrosis. It is usually performed during the first trimester of pregnancy.",Miscarriage (loss of the pregnancy) and bleeding.
56,Colectomy (remove large intestine),"A surgical procedure to remove the colon or a portion of the colon. This procedure can be performed through an incision in the abdomen (open colectomy) or by using a laparoscope. A laparoscope is a small lighted surgical tube attached to a camera that is inserted through a small incision in the abdomen. Colectomies are performed for the following medical conditions: cancer, inflammatory bowel disease, diverticulitis, and bowel obstructions.","Surgery can result in pain, infection or blood clots of the legs (deep vein thrombosis) and lungs (pulmonary embolus). Leaking of intestinal contents into the abdomen and damage to other organs in the abdomen can also occur. With time scar tissue can develop causing adhesions and blockages of the bowel (intestinal obstruction). Total colectomy may require a colostomy. Patients can infrequently have bad reactions to the general anesthesia including allergic reactions and very rarely a heart attack or stroke."
57,Colonoscopy (large intestine camera exam),A procedure that uses a small lighted tube with a camera to examine the inside of the colon. It is performed most often to screen for polyps and colon cancer. The tube is inserted through the anus and if abnormalities are seen in the colon they can be biopsied or removed at the same time. This procedure is also used to help diagnose and stage inflammatory bowel disease.,"Abdominal bloating, pain, and mild rectal bleeding can occur. Perforation of the colon with spilling of intestinal contents into the abdomen and infection is the most serious complication. "
58,Colostomy (colon attached to abdominal wall),"A surgical procedure that involves connecting the large intestine (colon) to the outside of the abdomen. This opening of the colon is called a stoma. Colostomies are sometimes necessary in the following medical conditions: cancer, traumatic injuries, infections, and other serious diseases of the large intestine. For an excellent video on how to change a colostomy bag go to: http://www.youtube.com/watch?v=31Q2G2D-EW8&feature=youtube_gdata_player","Surgery can result in pain, infection or blood clots of the legs (deep vein thrombosis) or lungs (pulmonary embolus). A hernia or weakening of tissue around the opening may occur.  Patients can infrequently have bad reactions to the general anesthesia."
59,Colposcopy (examination of cervix),A diagnostic procedure to examine the vagina and cervix using a colposcope which magnifies the lining of the vagina and cervix. It is used to help identify specific areas that may be precancerous or cancerous. Its often done after a woman has an abnormal Pap smear.,Vaginal bleeding. Other complications are rare.
60,Combination chemotherapy (cancer treatment),A treatment using more than one anticancer drug. These drugs generally kill cancer cells preferentially over normal cells.,"The loss of one's hair, nausea, vomiting and diarrhea are common. At times a patient's bone marrow is damaged resulting in low red blood cells (anemia), easy bleeding from low platelets (thrombocytopenia), and increased infections from a low white blood cell count (neutropenia)."
62,Complete hysterectomy (remove uterus),"A surgical procedure to remove the entire uterus, often including the entire cervix. The surgery can be done through the vagina (vaginal hysterectomy) or through the abdomen (abdominal hysterectomy).","Surgery can result in pain, infection or blood clots of the legs (deep vein thrombosis) or lungs (pulmonary embolus). Damage to the other organs including the intestine or ureter (tube connecting kidney to bladder).  Patients can infrequently have bad reactions to anesthesia."
63,Computed tomography (CT or CAT scan),A series of x-rays of areas inside the body processed by a computer to provide very detailed pictures. Also called CT or CAT scan.,CT scans require radiation. Multiple exposures to radiation increase the risk of cancer later in life. At times intravenous contrast is given with a CT scan. The contrast used may cause kidney injury. Some patients can be allergic to the contrast resulting in a rash to life-threatening swelling and low blood pressure.
65,Cone biopsy (sample of cervix),"A surgical procedure to remove a cone-shaped piece of tissue from the cervix and cervical canal. Cone biopsy, also called conization, may be used to diagnose or treat a cervical condition such as cancer.",Vaginal bleeding is the most common complication. Rarely the bleeding can be severe requiring an immediate hysterectomy. Reactions to the anesthesia and infection can also occur. The cervix can be damaged causing scarring and making future pregnancies difficult.
66,Coronary angiogram (x-ray heart arteries),A procedure to x-ray blood vessels in the heart. Dye is injected into the vessel using a catheter which allows the blood vessels to be visualized. This procedure can identify blockages and other problems interfering with the flow of blood.,"Damage to the blood vessels of the heart or leg, rarely requiring immediate surgery. The contrast used may cause kidney injury. Some patients can be allergic to the contrast causing a reaction from a rash to life threatening swelling or drop in blood pressure."
67,Coronary angioplasty (unclog heart arteries),"A medical procedure used to restore flow through narrowed or blocked arteries that supply blood to the heart muscle. The artery is opened with a balloon, often followed by placement of a tube (stent) to help prevent future blockage.","Damage to the blood vessels of the heart or leg, rarely requiring immediate surgery. The contrast used may cause kidney injury. Some patients can be allergic to the contrast causing a reaction from a rash to life threatening swelling or drop in blood pressure."
68,Coronary artery bypass operation (bypass blocked heart artery),"A surgical procedure to bypass the blockage and restore blood flow in one or more coronary (heart) arteries. For each bypassed artery, a blood vessel, taken from the leg, arm or chest, is grafted into the artery above and beyond the blockage. By restoring blood flow to the heart, it can help prevent heart attacks and improve heart function.","The surgery can result in post-operative pain, infection and/or blood clots of the legs (deep vein thrombosis) or lungs (pulmonary embolus). Risks also include bad reactions to general anesthesia, heart attack, stroke and death."
69,Craniotomy (hole in the head),"A surgical procedure where an opening is made in the skull for examining and treating brain disorders including benign and cancerous tumors,  aneurysms, and blood collections in between the skull and brain.","Surgery can result in pain, infection or blood clots of the legs (deep vein thrombosis) or lungs (pulmonary embolus). Other complications include: stroke, seizures, and brain bleeding. There is a small risk permanent brain damage. Patients can infrequently have bad reactions to the general anesthesia."
70,Cryosurgery (freeze tissue),A surgical procedure using cold temperatures to freeze and destroy abnormal tissues.,"Bleeding, blistering, swelling, pain and infection."
71,Cryotherapy (cold treatment),A procedure that uses cold temperature to treat disease. Another term for cryosurgery.,"Bleeding, blistering, swelling, pain and infection."
72,CT or CAT scan (computed tomography),A series of x-rays of areas inside the body processed by a computer to provide very detailed pictures. Also called computed tomography.,CT scans require radiation. Multiple exposures to radiation increase the risk of cancer later in life. At times intravenous contrast is given with a CT scan. The contrast used may cause kidney injury.Some patients can be allergic to the contrast resulting in a rash to life-threatening swelling and low blood pressure.
73,Curettage (remove tissue),"A surgical procedure to remove tissue with a curette, which is a sharp, spoon-shaped instrument.","Bleeding, swelling, pain, infection and scarring."
74,Cystectomy (remove bladder),"A surgical procedure to remove all or part of the bladder, usually for the treatment of bladder cancer.","Surgery can result in pain, infection or blood clots of the legs (deep vein thrombosis) or lungs (pulmonary embolus). Injury to other organs in the pelvis can occur resulting in sexual dysfunction, and intestinal damage.  Patients can infrequently have bad reactions to the general anesthesia."
75,Cystoscopy (camera examination of the bladder),"A procedure to examine the bladder and urethra using a thin, lighted instrument (cystoscope) inserted into the urethra. Reasons for the procedure include unexplained blood in the urine, persistent urinary symptoms, and to rule out bladder cancer.  ","Swelling of the urethra preventing urination requiring a placement of a catheter, urinary tract infection, and very rarely damage to the urethra or bladder, such as bladder perforation."
76,Da Vinci Robotic Surgery (minimally invasive robotic surgery),"A surgical procedure assisted by three robotic arms that perform the surgery with a variety of surgical tools. The robotic arms give surgeons more intricate motion and tool control for complex surgeries. The Da Vinci Endoscopic Instrument Control System is used for a variety of surgeries, including general gallbladder and reflux disease surgery, prostate surgery, hysterectomy and heart surgery.","Surgery can result in post-operative pain, infection or blood clots of the legs (deep vein thrombosis) or lungs (pulmonary embolus). Patients can infrequently have bad reactions to anesthesia."
77,Defibrillation (start normal heart rhythm using electricity),"A medical procedure using an electronic device to administer an electric shock to the heart, to reestablish a normal heart rhythm.",Pain at the site of the defibrillation.
79,Dermabrasion (refinish skin),A surgical procedure that removes thin layers of skin either mechanically or with a laser. Dermabrasion is performed to smooth out the skin and remove small blemishes and scars.                  ,"Pain, scarring, uneven skin coloration and rarely infection."
80,Dialysis (filter and clean blood),A medical procedure to filter and clean the blood when the kidneys are not functioning.,Infection and bleeding from the dialysis site. Low blood pressure and blood chemistry imbalances.
81,Diathermy (cauterization),"A procedure using heat to destroy abnormal cells or to control bleeding in surgery using a hot instrument, electrical current, or a caustic substance. It is also called cauterization or electrodiathermy.","Pain, infection and excessive local tissue destruction are possible but rarely occur."
82,Digital rectal examination (finger examination of rectum),"An examination in which a doctor inserts a lubricated, gloved finger into the rectum to feel for abnormalities, such as enlarged prostate gland or rectal tumor. The stool specimen can be tested for the presence of blood.",None.
83,"Dilation and curettage (D and C, tissue removal inside uterus)","A surgical procedure to dilate the cervix, allowing access to the uterus to scrape the lining with a spoon-shaped instrument called a curette (curettage). Reasons for the procedure include abnormal uterine bleeding and to rule out endometrial cancer.", Vaginal bleeding and pain. Rarely perforation of the uterus can occur. 
84,Discectomy (remove herniated disk),"A surgical procedure to remove part of a herniated disk in the spine. This can relieve some of the pressure on a nerve causing pain in the neck, back or leg.","Nerve injury. Any surgery can result in pain, infection or blood clots of the legs (deep vein thrombosis) or lungs (pulmonary embolus). Patients can infrequently have bad reactions to anesthesia. Surgery may not improve the original symptoms, especially if the only symptom was low back pain."
85,Ductal lavage (collect cells from milk ducts in breast),A procedure to collect cells from milk ducts in the breast using a hair-size catheter inserted into the nipple. Salt water is infused into the duct to help remove cells for the detection of breast cancer.,Infection. Perforation of the duct can occur which usually heals on its own.
86,"Echocardiography (ultrasound of the heart, echocardiogram)","A test using ultrasound to study the heart's position, motion of the walls, and valves. This test can be used in the diagnosis of a number of heart conditions including an enlarged heart, valve disorders, weakened heart muscle and blood clots inside the heart. ",None.
87,"Electrocardiogram (EKG or ECG, recording of heart electricity)","A common medical test producing a graphic record of the electrical activity of the heart. This test can help diagnose many heart conditions including abnormal rhythms (arrhythmias), heart attacks, heart failure, and an enlarged heart.",None.
88,"Electroencephalogram (EEG, recording of brain electricity)",A recording of the brain's electrical activity used to help diagnose brain disorders such as epilepsy and brain injury.,None.
90,Electron beam computed tomography (Coronary calcium heart scan),"A computer generated x-ray measuring calcium buildup in and around the coronary arteries, which may indicate an increased risk of heart disease.",Multiple exposures to radiation can increase the risk of cancer later in life.
91,"Electronystagmogram (electronystagmography, ENG, inner ear test)",A medical test of the vestibular system which is used to help diagnose balance problems. The test involves placing electrodes on the patient's head and measuring electrical impulses associated with eye movements.,Rarely nausea that resolves quickly after the test.
92,Embolization (block an artery),"A surgical procedure to block an artery using a balloon or coil. Embolization can be done, for example, as a treatment to block the flow of blood to a tumor or a bleeding blood vessel.",Infection and pain. At times the wrong vessel can be blocked causing damage to normal adjacent tissue.
93,Endocrine therapy (hormone therapy),"A therapy that adds, blocks, or removes hormones for the treatment of many conditions like diabetes, menopause, thyroid conditions, and to stop the growth of certain cancers.",Complications depend on the hormones being used and disorder being treated.
94,Endometrial ablation (remove lining of uterus),A surgical procedure that scars the lining of the uterus. It can be used as an alternative to hysterectomy for treatment of excessive menstrual bleeding.,"Pain, infection, vaginal bleeding, damage to the cervix, and perforation of the uterus."
95,Endoscopic retrograde cholangiopancreatography (ERCP),"A procedure used to diagnose and treat a variety of gastrointestinal conditions like gallstones and pancreatitis. A flexible tube called an endoscope is inserted in the mouth and passed into the small intestine. The endoscope has a camera and openings for other instruments. The doctor finds the opening of the bile duct and squirts dye into duct as pictures are taken. The dye gets up the duct and also into the pancreatic ducts. If there is a blockage, the doctor may be able to fix it during the procedure. ","Inflammation of the pancreas (pancreatitis) occurs in 10% of the cases, and severe pancreatitis in 1%. Severe pancreatitis can be serious and even life threatening. Damage to esophagus, stomach or small intestine (duodenum) can also occur but is rare."
96,Endoscopic ultrasound (internal imaging procedure),"A medical procedure using an endoscope that is equipped to take close-up ultrasound images of abdominal organs. The endoscope, a flexible tube with a camera, is inserted in the mouth and moved through the esophagus, stomach and first part of the small intestine. During the procedure, the doctor can direct the sound waves to take pictures of hard to reach organs such as the pancreas and bile duct. ","Possible reaction to medication used for sedation. Damage to esophagus, stomach or small intestine (duodenum) can also occur but is rare. "
97,Endoscopy (flexible tube with camera),"A medical procedure using a flexible tube with a camera to examine the inside of the esophagus, stomach and first part of the small intestine. Reasons for the procedure include diagnosis and treatment of internal bleeding, ulcers and to help diagnose tumors and other conditions. Small tissue samples (biopsies) can be done through the endoscope. ","Possible reaction to medication used for sedation. Damage to esophagus, stomach or small intestine (duodenum) can also occur but is rare. "
98,Enema (insertion of liquid into rectum),"A procedure involving the injection of a liquid through the anus into the large bowel, generally for the treatment of constipation or imaging purposes.",Rarely injury to the rectum or large intestine (colon) including perforation can occur.
99,Epidural block (spinal cord anesthesia),A procedure injecting an anesthetic drug into the space between the wall of the spinal canal and the covering of the spinal cord to produce anesthesia below that level of the spinal cord.,"Infection, pain, bleeding outside the spinal cord, and injury of a nerve can occur. A headache from a spinal fluid leak, called a spinal or postural headache, can also occur."
100,Episiotomy (vaginal incision during childbirth),"A surgical procedure, involving an incision between the anus and vagina, used during delivery of a baby to make the vaginal opening larger for a safer delivery. The incision is repaired with stitches after delivery.","Bleeding, infection, swelling, defects in wound closure, pain, and possibility of sexual dysfunction."
101,"Esophagogastroduodenoscopy (EGD, camera examination of upper digestive tract)","A medical procedure using a flexible tube with a camera to examine the inside of the esophagus, stomach and first part of the small intestine. Reasons for the procedure include diagnosis and treatment of internal bleeding, ulcers and to help diagnose tumors and other conditions. Small tissue samples (biopsies) can be done through the endoscope.","Possible reaction to medication used for sedation. Damage to esophagus, stomach or small intestine (duodenum) can also occur but is rare. "
102,Esophagoscopy (camera examination of esophagus),"A medical procedure using a flexible tube with a camera to examine the inside of the esophagus. It can be helpful in diagnosing cancer, esophageal obstruction, gastroesophageal reflux disease (GERD), and other conditions. Doctors can open blockages, stop bleeding or take biopsies of the esophagus through the scope.","Possible reaction to medication used for sedation. Damage to the esophagus, including perforation, can also occur but is rare."
103,Esophagram (x-ray images of esophagus),A series of x-rays of the esophagus after the patient drinks a solution containing barium. The barium coats and outlines the esophagus on the x-ray and can be helpful in detecting abnormalities of the esophagus.,Rarely patients can choke on the barium causing a lung infection.
104,Excisional biopsy (removal of tissue for evaluation),A surgical procedure in which suspicious tissue is removed for diagnosis and examination under a microscope.,Infection and pain. Surrounding tissue and organs can be injured during the excision.
105,External beam radiation (radiation cancer treatment),A therapy that uses a specialized machine to aim high-energy radiation at a cancer. It is also called external radiation.,It is not uncommon for surrounding organs to be damaged during the therapy and the complications experienced are dependent on the area receiving the radiation treatment and the amount of radiation delivered.
106,Extracorporeal shock wave lithotripsy (noninvasive kidney stone treatment),A medical procedure that uses high-energy shockwaves to break up stones inside the body. It is commonly used for kidney stones that are too big to pass through the urinary tract.,"Bleeding, infection, blocked ureter, and kidney injury. "
107,Facelift (rhytidectomy),"A surgical procedure to remove the excess skin of the face and neck region.  The underlying muscles are tightened to achieve the desired result. This can help restore the smoothness and tightness associated with younger skin, as well as to reestablish definition of the neckline.","Pain, swelling, nerve injuries, infection, scarring, skin loss, earlobe malformation, and injury to the parotid gland (salivary gland). Patients can infrequently have bad reactions to anesthesia."
108,Fecal occult blood test (blood in stool),"A test to check for blood in the stool, which helps determine if there is intestinal bleeding. It is also used as screening test for possible polyps or cancer. ",None.
109,Fine needle aspiration (needle biopsy),A procedure to remove fluid and/or cells with a needle for examination under a microscope.  Also known as a needle biopsy.,"Complications are uncommon, but may include infection, pain, swelling and/or injury to surrounding tissue. "
110,Fluoroscopy (x-ray videos of body),A procedure to x-ray the body with an ability to see motion. It is used to visualize bones and internal organs.,Multiple exposures to radiation can increase the risk of cancer later in life.
111,Forehead lift (plastic surgery of face),A surgical procedure that can be performed either endoscopically (using a narrow tube with a light and camera at the end) via several small incisions placed within the hairline or through an incision along the length of the hairline. Both approaches involve the removal of any excess muscle which might be contributing to frown lines.,"Pain, infection, inability to move eyebrows, loss of hair, scar formation, and loss of sensation. Patients can infrequently have bad reactions to anesthesia."
112,Fulguration (remove tissue with electric current),A procedure to destroy or remove tissue using an electric current.,"Infection, bleeding, pain or injury to surrounding tissue."
113,"Functional magnetic resonance imaging (fMRI, MRI that measures brain activity)","An MRI done while a person is performing different tasks. It is used primarily to help brain surgeons identify specific parts of the brain they want to preserve during surgery, if at all possible.  ",None.
114,Gastrectomy (surgical removal of stomach),"A surgical procedure to resect part or all of the stomach. It may be indicated to treat a bleeding ulcer, stomach cancer, or other condition.","Any surgery can result in pain, infection or blood clots of the legs (deep vein thrombosis) or lungs (pulmonary embolus). Some patients experience dumping syndrome with food entering the small intestine too quickly resulting in: cramping, diarrhea, dizziness, nausea and vomiting,  and sweating. Patients can infrequently have bad reactions to the general anesthesia."
115,Gene therapy (use of DNA to treat disease),A treatment that alters or affects a gene in the body.,Complications depend on the reason for the gene therapy.
116,General anesthesia (make unconscious),A method to produce complete loss of feeling and awareness to perform a procedure or surgery.,"In healthy patients serious reactions to general anesthesia are rare. In patients with other illnesses the stress of general anesthesia can result in heart attack and stroke. Other complications include: aspiration (breathing in stomach contents), allergic reactions, and throat pain."
117,Genetic testing (analyze DNA),A procedure to analyze DNA in order to find a genetic alteration. This finding may indicate an increased risk for developing a specific disease or disorder.,None.
118,Grading (cancer classification system),A system to classify cancer cells based on the level of abnormal activity and growth they exhibit when viewed close-up under a microscope. A grading system may provide information on how aggressive a cancer may grow or spread within the body. The systems used to grade tumors are different with each type of cancer and usually affect treatment options.,None.
119,Hair replacement (transplantation),"A surgical procedure where hair transplants are removed from an area where the missing hair will not show, such as the back of the head, just above the neck. This is referred to as the ""donor site"". The surgeon cuts tiny hair transplantation grafts from this strip of skin, then places them into tiny incisions in the balding area.","Numbness, swelling, scarring, poor or no growth of grafts, unnatural appearance of transplanted hair. Any surgery can result in pain or infection."
120,Helical computed tomography (CT scan),A series of x-rays of areas inside the body processed by a computer to provide very detailed pictures. Pictures are taken using a spiral path. Also called CT or CAT scan or Spiral CT scan. ,"CT scans require radiation. Multiple exposures to radiation increase the risk of cancer later in life. If intravenous contrast is used, it can injure the kidneys. Rarely, patients can be allergic to the contrast resulting in a rash to life-threatening swelling and low blood pressure."
121,Hemorrhoidectomy (remove hemorrhoid),A surgical procedure to remove protruding or symptomatic hemorrhoids.,"Infection, swelling, bleeding and pain.  The surgery can result in post-operative pain, infection or blood clots of the legs (deep vein thrombosis) or lungs (pulmonary embolus). Patients can infrequently have bad reactions to anesthesia."
122,Herniorrhaphy (hernia repair),"A surgical procedure to repair a hernia. Hernias can be present in many areas with inguinal, abdominal wall, and the belly button (umbilicus) being the most common types.","Injury to the intestine and return of the hernia. Any surgery can result in pain, infection or blood clots of the legs (deep vein thrombosis) or lungs (pulmonary embolus). Patients can infrequently have bad reactions to anesthesia."
123,Hormone replacement therapy (post-menopausal hormone therapy or HRT),"Hormone therapy contains estrogen with or without progesterone for postmenopausal women or women who have had their ovaries surgically removed. This is done to help treat symptoms, such as hot flashes and vaginal dryness.",Increased risk of blood clots. Prolonged use increases the risk of breast cancer. Use in older women may increase the risk of heart attack and stroke.
124,Hyperthermic perfusion (late stage cancer treatment),"A medical procedure where warmed anticancer drugs are given to a patient to bathe, or pass through blood vessels of, the tissue or organ containing a tumor.","The loss of one's hair, nausea, vomiting and diarrhea are common. At times a patient's bone marrow is damaged resulting in low red blood cells (anemia), easy bleeding from low platelets (thrombocytopenia), and increased infections from a low white blood cell count (neutropenia)."
125,Hysterectomy (removal of the uterus),A surgical procedure to remove the uterus. The surgery can be done through the vagina or through the abdomen.,"Injury to the organs in the pelvis including the bladder, ureter (tube connecting kidney to bladder), intestine, and blood vessels. Any surgery can result in pain, infection or blood clots of the legs (deep vein thrombosis) or lungs (pulmonary embolus).  Patients can infrequently have bad reactions to anesthesia."
127,ICD implantation (implant to monitor heart rhythm),Surgical implantation of an Implantable Cardioverter Defibrillator which monitors the heart's rhythm and uses an electrical shock to restore a normal heart rhythm. Small incisions are made in the chest where the device is inserted. ,"Complications occur in a small percent of cases and include damage to blood vessels, lung or heart.  Any surgery can result in pain, infection or blood clots of the legs (deep vein thrombosis) or lungs (pulmonary embolus).  Patients can infrequently have bad reactions to anesthesia."
128,Ileostomy (external opening to the small intestine),"A surgical procedure to create an opening (stoma) from the ileum (the most distant section of the small intestine) to the outside. An ileostomy allows for waste material to leave the intestinal tract through the skin of the abdominal wall. The waste material collects in a pouch. The procedure is most often done to allow an inflamed or infected colon to heal, or after part or the entire colon is surgically removed.","Surgery can result in pain, infection or blood clots of the legs (deep vein thrombosis) or lungs (pulmonary embolus). A hernia or weakening of tissue around the opening may occur. Patients can infrequently have bad reactions to anesthesia."
129,Immunization (shots),A medical therapy used to create an immune response. This may result in resistance to a specific disease. This is a common preventive therapy for certain infectious diseases. Immunizations can be administered in infants to adults pending schedules and recommendations set forth by the Centers for Disease Control. ,Pain and swelling at the injection site. Rarely an infection at the site can occur. Allergic reactions to the immunization can occur.
130,Immunosuppressant (reduce immune system response),A medical treatment that suppresses the body's immune system. This may be an unwanted side effect of chemotherapy to treat cancer or therapy to treat autoimmune diseases such as rheumatoid arthritis. Immunosuppressants are also used after organ transplantation to prevent organ rejection. Immunosuppressants decrease the bodys ability to fight infections and can increase the risk of new cancers later on.  Immunosuppression can be done with drugs or radiation.,Decreased ability to fight infections and increased risk of certain cancers later on.
131,Immunotherapy (modify immune system),"A type of medical therapy to stimulate, enhance or suppress the immune system. These therapies are used to treat certain types of cancer and inflammatory diseases such as rheumatoid arthritis, Crohns disease and multiple sclerosis. Some of the drugs are given to boost red blood cell and white cell counts, after the counts are knocked down by chemotherapy.","Side effects vary depending on the type of immunotherapy. For most of them, the greatest risk is the decreased ability to fight infections."
132,Implant radiation (implant radioactive material),"A procedure in which radioactive material is implanted in the body to provide localized radiation therapy. It is also called brachytherapy, internal radiation, or interstitial radiation therapy. It is most commonly used to treat prostate, breast, cervical, and skin cancer.",Infection and pain are initial possible complications. Long term problems are associated with the damage to the surrounding tissue.
133,Incisional biopsy (remove cells or tissue),A procedure to remove cells or tissue for examination under a microscope. Removal of the entire tissue is called excisional. Removal of a sample with an incision is called an incisional biopsy.,"Infection, bleeding, pain, or damage to the surrounding tissues."
134,Infusion (into the bloodstream),"A medical treatment infusing fluids or drugs into the bloodstream. Infusion therapy could occur at home, physician's office, hospital, or out-patient medical clinic. ",Superficial phlebitis caused by inflammation with or without infection at the site of the intravenous catheter. A blood clot can develop in the inflamed vein.
135,Inguinal orchiectomy (remove testicle through groin),A surgical procedure to remove the testicle through an incision in the groin which may be used in the treatment of testicular cancer.,"Damage to the surrounding blood vessels and nerves. The surgery can result in post-operative pain, infection or blood clots of the legs (deep vein thrombosis) or lungs (pulmonary embolus). Patients can infrequently have bad reactions to anesthesia including allergic reactions."
136,Intramuscular injection (into a muscle),A procedure to inject fluid or medication into a muscle.,"Pain, swelling or infection at the injection site."
137,"Intravenous (IV, through the vein)",Inside a vein. Usually refers to giving fluids and/or a medication directly into a vein. The vein can be entered directly with a needle as a one-time administration or by placing a plastic catheter into the vein (intravenous line or IV). ,Superficial phlebitis caused by inflammation with or without infection at the site of the intravenous catheter. A blood clot can develop in the inflamed vein. Some medications can damage the vein and surround tissue if they leak outside the vein. 
138,"Intravenous pyelography IVP (x-rays of kidneys, ureters and bladder)","A series of x-rays to image the kidneys, ureters and bladder with a dye that is injected into the blood stream. The dye is excreted in the urine and outlines the urinary tract, including the kidneys, ureters, and bladder, with contrast material. It may help diagnose kidney stones, the cause of obstructed urine flow and certain types of kidney disease.","The contrast dye can injure the kidneys, especially in those with pre-existing kidney disease. Patients can have allergic reactions to the dye causing a simple rash to life threatening swelling or drop in blood pressure."
139,Intubation (insert breathing tube),"A medical procedure to place a plastic breathing tube into the trachea (breathing tube that connects the lungs to the throat) to support ventilation and oxygenation, as well as protecting the airway by controlling any secretions.","The teeth, mouth, throat, vocal cords or trachea can be injured while placing the tube. If patients vomit during the procedure they can breathe in stomach contents (aspiration) causing a lung infection (pneumonia)."
140,Irradiation (radiation treatment),"A procedure using high-energy radiation to kill cancer cells. The source of the radiation may be x-rays, neutrons or gamma rays. This is also called radiation therapy. ","Injury, swelling and long-term scarring are potential risks depending on the areas being treated and the surrounding structures."
141,Joint replacement surgery,A surgical procedure to remove an arthritic or dysfunctional joint and replace it with an artificial joint (prosthesis). A joint is a connection between two bones. The surgery is usually done by an orthopedic surgeon and may involve a full or partial joint replacement. Most common joints to replace are hip and knee joints.,"Complications depend on which joint is being replaced. In general, they include dislocation of the new joint, loosening of hardware, breakage of hardware, and nerve or blood vessel injury during the procedure. Infection of the new joint is also a risk. Any surgery can result in pain or blood clots of the legs (deep vein thrombosis) or lungs (pulmonary embolus).  Patients can infrequently have bad reactions to the general anesthesia."
142,Keratectomy (remove tissue from eye),A surgical procedure done by an ophthalmologist to remove corneal tissue from the eye. Photorefractive and laser epithelial keratomileusis (LASIK) are two most common types of keratectomy and are performed to permanently improve vision.,Serious complications are rare with poor vision being the most common complication. Infection and pain are also a risk.
143,Keratotomy (incision on the cornea),A surgical procedure involving a surgical incision into the cornea of the eye. The most common reason for this procedure is cataract removal and the placement of an intra-ocular lens.,"Infection, pain, and decreased vision."
144,Laboratory test (lab work),"A medical procedure that tests a substance from the body, most commonly blood or urine. These tests can measure the presence or absence of chemicals, electrolytes, antibodies, or bacteria in the body. The tests are used to diagnose medical conditions, assess effectiveness of treatment, or prevent a disease. Changes of test results over time can be extremely helpful in patient monitoring.",None.
145,Laceration repair (stitches),"A surgical procedure to anesthetize (usually with local anesthesia), clean, and close a wound from a traumatic injury to the soft tissues. It may involve multiple layers of closure (skin, subcutaneous, muscle, etc). ","Infection and pain. Injury to the nerves and blood vessels can occur. If the wound is not properly cleaned and a foreign body such as wood or dirt is left in the wound, a chronic infection can occur."
146,Laminectomy (remove back of vertebrae),"A surgical procedure to remove bony sections of the back of the spine (lamina) to relieve pressure off of a nerve. The surgery is done to relieve the narrowing of the spinal canal from spinal stenosis, degenerative disk disease, herniated disc, sciatica, and spondylosis. It is often done with a discectomy or spinal fusion.","Nerve injury causing weakness and numbness. A collection of fluid and/or blood can require repeat surgery. The surgery can result in post-operative pain or persistent pain. May also result in infection, blood clots of the legs (deep vein thrombosis) or lungs (pulmonary embolus). Patients can infrequently have bad reactions to the general anesthesia. "
147,Laminoplasty (remove pressure from spinal cord in neck),"A surgical procedure to cut the back of the spine (vertebra) and hinging it back to increase the size of the spinal canal. The lamina can be supported with bone struts, sutures, metal plates or spacers and tension bands. The common reason for this procedure is spinal stenosis.","Nerve injury causing weakness and numbness. A collection of fluid and/or blood can require repeat surgery. Some patients have persistent pain. Surgery can result in post-operative pain, infection or blood clots of the legs (deep vein thrombosis) or lungs (pulmonary embolus)."
148,Laminotomy (make hole in back of vertebrae),A surgical procedure involving a partial removal (make a hole) in the bony area at the back of the spine (vertebra) to relieve pressure of a nerve.,"Nerve injury causing weakness and numbness. A collection of fluid and/or blood can require repeat surgery. Some patients have persistent pain. Surgery can result in post-operative pain, infection or blood clots of the legs (deep vein thrombosis) or lungs (pulmonary embolus)."
149,Laparoscopic cholecystectomy (minimally invasive gallbladder removal),"A surgical procedure to remove the gallbladder. A laparoscope (camera) is inserted through a small incision, and the gallbladder is then removed through a second small incision.","Surgery can result in pain, infection or blood clots of the legs (deep vein thrombosis) or lungs (pulmonary embolus). Damage and leaking of a bile duct can result in a fluid collection and abscess (collection of pus). At times a stone can be left behind (retained stone) in one of the bile ducts. Patients can infrequently have bad reactions to the general anesthesia."
150,Laparoscopy (camera examination inside abdomen),"A procedure involving the insertion of a thin, lighted tube equipped with a camera (laparoscope) through the abdominal wall to inspect the organs and tissue inside the abdomen.","Any surgery can result in post-operative pain, infection or blood clots of the legs (deep vein thrombosis) or lungs (pulmonary embolus). Inadvertent injury to normal surrounding structures can occur with the procedure. Patients can infrequently have bad reactions to the general anesthesia. "
151,Laparotomy  (surgically open the abdomen),"A surgical procedure involving an incision made in the wall of the abdomen. The procedure is done to determine an abnormality, remove damaged tissue or remove a tumor.","The internal organs of the abdomen can be damaged. The surgery can result in post-operative pain, infection or blood clots of the legs (deep vein thrombosis) or lungs (pulmonary embolus). Patients can infrequently have bad reactions to the general anesthesia."
152,Laryngoscopy (camera examination inside throat),A diagnostic procedure to examine the larynx (voice box) with a mirror (indirect) or with a laryngoscope (direct). Reasons for the procedure include persistent hoarseness or throat pain. ,"Injury to the teeth, mouth, or throat very rarely occurs."
153,Laser (concentrated light therapy),"A device that concentrates light into an intense, narrow beam used to cut or destroy tissue. It is used in various procedures including microsurgery.","Pain, swelling, and/or injury to surrounding structures. Rarely infection can occur."
154,Laser skin resurfacing (cosmetic procedure),"A procedure that uses a laser to remove thin layers of skin. It is preformed to treat uneven skin coloration, remove wrinkles and repair damaged skin. This procedure is also called a laser peel.               ","Pain, swelling and rarely infection. Excessive scarring and uneven pigmentation can also occur."
155,Laser treatment of  spider veins,A procedure using a laser to treat spider veins.  Laser energy causes your spider veins to coagulate and shrink. Laser therapy is most effective for small and medium size spider veins. ,"Pain, swelling and rarely infection. Excessive scarring and uneven pigmentation can rarely occur."
156,LASIK (reshape cornea),A surgical procedure to reshape the cornea for improving visual acuity (ability for one to see). LASIK is the acronym for laser assisted in situ keratomileusis.,"Serious complications are rare. The most common are poor vision, dry eyes, eye irritation, scratches of the cornea, night glare and halos, and a rare form of inflammation called diffuse lamellar keratitis (DLK)."
157,Lip augmentation (enlarge lips),"A procedure to increase the size of lips using either tissue fillers or fat. Tissue fillers, such as Radiesse and Restylane, are used to restore lost volume in the various areas of the face including the lips. ",Poor cosmetic result. Surgery can result in post-operative pain and very rarely infection. 
159,"Liposuction (lipoplasty, fat removal)","A surgical procedure to refine your figure by removing excess fat from specific areas of the body such as the abdomen, love handles, hips, buttocks, thighs, knees, arms, chin and neck. ","Poor cosmetic result, damage to nerves or blood vessels, or injury to internal organs. Surgery can result in post-operative pain, infection or blood clots of the legs (deep vein thrombosis) or lungs (pulmonary embolus). Patients can infrequently have bad reactions to the general anesthesia."
160,Lithotripsy (shock wave therapy for kidney stones),"A medical procedure that uses high-energy shockwaves to partially disintegrate stones inside the body such as gallstones, and urinary or kidney stones.","Bleeding, infection, and injury to the organ involved. "
161,Lobectomy (removal of part of an organ),"A surgical procedure involving the removal of a lobe, or portion of an organ, such as the liver, lung, breast, thyroid or brain.","The surgery can result in post-operative pain, infection or blood clots of the legs (deep vein thrombosis) or lungs (pulmonary embolus). Patients can infrequently have bad reactions to the general anesthesia."
162,"Loop electrosurgical excision procedure (LEEP, surgical tissue removal from cervix)",A surgical procedure involving the removal of tissue using a hot wire loop. The most common body area LEEP is used is the cervix. The procedure is done to both remove abnormal cells of the cervix and also provides a sample for microscopic analysis to diagnosis possible cancer.,"Pain, vaginal bleeding and infection."
163,Lower body lift (body recontouring),"A surgical procedure that involves removing the excess skin all the way around the lower abdomen, the lower back, hip and buttock region. After removing the skin, the hanging tissue of the thighs, buttock, hips and abdomen are attached to a higher location to lift the tissues back into their normal location. This tightens the skin envelope of the entire lower torso.","Injury to nerves and blood vessels. The surgery can result in post-operative pain, infection or blood clots of the legs (deep vein thrombosis) or lungs (pulmonary embolus). Patients can infrequently have bad reactions to the general anesthesia."
164,Lower GI series (barium enema),"A diagnostic procedure using x-rays after barium is instilled into the rectum and allowed to travel backwards to fill the colon. Reasons for the procedure include lower abdominal pain, constipation and to rule out polyps or cancer.    ",Occasionally constipation occurs. Rarely perforation of the rectum or colon occurs. 
165,Lumbar puncture (spinal tap),"A medical procedure in which a needle is put into the lower part of the spinal column to collect cerebrospinal fluid (CSF), administer anesthesia, or to give anticancer drugs into the subarachnoid space.","Infection, bleeding, and nerve injury are rare complications. The most common problem is leaking of cerebrospinal fluid (CSF) causing a spinal headache (postural headache). The pain of a spinal headache decreases with lying flat and increases with standing up."
166,Lumpectomy (surgery to remove tumor from breast),A surgical procedure to remove a discreet breast tumor and a small amount of normal tissue around it. ,"Pain, swelling and infection. The surgery can result in post-operative pain, or blood clots of the legs (deep vein thrombosis) or lungs (pulmonary embolus). Patients can infrequently have bad reactions to the general anesthesia."
167,Lymphadenectomy (remove lymph node),A procedure in which the lymph nodes are surgical removed and microscopically examined to see if they contain cancer or an infection. Also called lymph node dissection.,"Pain, infection, swelling and damage to surrounding nerves or blood vessels. After the surgery patients may experience persistent swelling of the surgical area. The surgery can result in blood clots of the legs (deep vein thrombosis) or lungs (pulmonary embolus). Patients can infrequently have bad reactions to anesthesia."
168,Lymphangiography (diagnose lymphoma),A diagnostic study of the lymphatic system involving the injection of a dye into a lymphatic vessel. The dye outlines the lymphatic vessels and organs on the x-ray. It may be helpful in making the diagnosis of lymphoma or determine the spread of other types of cancer.,"Pain, infection or damage to the lymph channels."
169,"Magnetic resonance angiography (MRA, MRI image of arteries)","MRI is magnetic resonance imaging, a special imaging test that does not use x-rays. MRA uses similar technology as an MRI. A chemical (usually gadolinium) is injected into the vein during the test to visualize blood vessels in the neck, brain and other parts of the body. It can be helpful in detecting abnormalities in the brain and brainstem such as aneurysm.",Gadolinium has been associated with a serious skin and connective tissue disease called nephrogenic systemic fibrosis (NSF). People with chronic kidney disease are at increased risk of developing NSF after gadolinium. More information can be found at http://www.fda.gov/Drugs/DrugSafety/DrugSafetyNewsletter/ucm1428
170,Magnetic resonance imaging (MRI),"MRI is magnetic resonance imaging, a special imaging test that does not use x-rays. A MRI uses magnetic fields to create detailed pictures inside the body and/or head. It can detect subtle changes in the tissues. A MRI is better than a CT scan (CAT scan) at identifying disease of the soft tissues such as nerves, ligaments, tendons and muscles. ",None if the contrast gadolinium is not used. Gadolinium has been associated with a serious skin and connective tissue disease called nephrogenic systemic fibrosis (NSF). Patients with chronic kidney disease are at increased risk of developing NSF after gadolinium. More information can be found at http://www.fda.gov/Drugs/DrugSafety/DrugSafetyNewsletter/ucm142889.htm. 
171,Mammogram (x-ray of the breast),A diagnostic procedure to x-ray the breast. Mammograms are done most often to screen for breast cancer. They are also used to help determine if a lump is more likely benign or malignant.,Breast tissue must be compressed to get good pictures. Mammography can be uncomfortable and quite painful for some women.
172,Mastectomy (remove breast),"A surgical procedure to remove all or part of the breast, usually for cancer. Occasionally women choose to have a mastectomy to prevent breast cancer when there is a strong family history of breast cancer.","The surgery can result in post-operative pain, infection or blood clots of the legs (deep vein thrombosis) or lungs (pulmonary embolus). Patients can infrequently have bad reactions to the general anesthesia."
173,Mediastinoscopy (view space between lungs and heart),"A diagnostic procedure performed to directly view the space between the lungs and in front of the heart, including the adjacent lymph nodes. It can be helpful in making the diagnosis of lung cancer, tuberculosis, lymphoma and other conditions.","Pain, infection and damage to surrounding tissues. The surgery can result in blood clots of the legs (deep vein thrombosis) or lungs (pulmonary embolus). Patients can infrequently have bad reactions to the general anesthesia."
174,Microwave therapy (destroy tissue with heat),A procedure that destroys tissue with heat created by electrodes. The procedure may be used to damage and kill cancer cells or to make cancer cells more sensitive to the effects of radiation and/or chemotherapy.,"Pain, swelling and injury to surrounding normal tissue."
176,Myelogram (dye injected into the spinal canal),"A diagnostic procedure to detect abnormalities of the spine, spinal cord, or surrounding structures, involving the injection of dye during a spinal tap. The table is tilted and the dye moves to surround the spinal cord. X-rays are taken. ","Pain, bleeding at the site of the spinal tap, and injury of a nerve can occur. Infection is very rare. A headache from a spinal leak called a spinal or postural headache can also occur. Multiple exposures to radiation can increase the risk of cancer later in life. "
177,Myolysis (shrink uterine growths),A procedure involving the shrinking of fibroids using an electric current or a laser.,"The surgery can result in damage to nerves and blood vessels, post-operative pain, infection, vaginal bleeding or blood clots of the legs (deep vein thrombosis) or lungs (pulmonary embolus). Patients can infrequently have bad reactions to anesthesia."
178,Myomectomy (surgical removal of uterine growths),Myomectomy is a procedure in which uterine fibroids are surgically removed from the uterus. The procedure is an alternative to hysterectomy (surgical removal of the uterus) in selected patients of child bearing age.,"Perforation of the uterus, injury to the intestines or pelvic blood vessels, and pelvic scarring (adhesions). The surgery can result in post-operative pain, vaginal bleeding, infection or blood clots of the legs (deep vein thrombosis) or lungs (pulmonary embolus). Patients can infrequently have bad reactions to anesthesia."
179,Needle biopsy (remove fluid or tissue sample with a needle),A procedure to remove fluid and/or cells with a needle for examination under a microscope.  Also known as a fine needle aspiration.,"Complications are uncommon, but may include infection, pain, swelling and/or injury to surrounding tissue."
180,Nephrectomy (remove kidney),"A surgical procedure involving the removal of a kidney that has been damaged by disease or cancer. The procedure can be performed through a laparoscope, by robot-assisted laparoscopy or with an open incision technique.","Fluid collection and possible infection around the kidney space. The surgery can result in post-operative pain, blood clots of the legs (deep vein thrombosis) or lungs (pulmonary embolus). Patients can infrequently have bad reactions to the general anesthesia."
181,Nerve block (block pain),A procedure where a medication is injected directly into or around a nerve or into the spine to block pain.,Injury to the nerve causing numbness or weakness. 
182,Neurosurgery (surgery of the nervous system),"Surgical procedure involving the nervous system, such as brain and spinal surgery.","The surgery can result in nerve injury, brain injury, post-operative pain, infection or blood clots of the legs (deep vein thrombosis) or lungs (pulmonary embolus). Patients can infrequently have bad reactions to the general anesthesia."
183,Nuclear medicine scan (scan with injected radioactive substances),A diagnostic procedure involving small amounts of radioactive material that collects in specific areas of the body. Sophisticated instruments detect the radioactive substance in the body and process that information into an image.,The radioactive substances are safe in most individuals. 
184,Oophorectomy (remove ovaries),"A surgical procedure to remove one or both ovaries. An ovary is removed for large cysts, tumors, ectopic pregnancy or because of twisting (torsion) and death of the ovary. The procedure can be done through an incision (open) or through a laparoscope.","Injury to the intestines, bladder, uterus, or pelvic blood vessels. The surgery can result in post-operative pain, infection or blood clots of the legs (deep vein thrombosis) or lungs (pulmonary embolus). Patients can infrequently have bad reactions to anesthesia."
185,Open heart surgery (cardiac surgery),"A surgical procedure involving opening the thoracic cavity, specifically for heart valve replacements, heart bypass surgeries (coronary artery), heart transplants and other open heart procedures.  ","Injury to the heart, lungs or major blood vessels of the heart and lungs. The surgery can result in post-operative pain, infection or blood clots of the legs (deep vein thrombosis) or lungs (pulmonary embolus). Patients can infrequently have bad reactions to the general anesthesia including allergic reactions and very rarely a heart attack or stroke."
186,Ostomy (opening in body),"A surgical procedure to create an opening (stoma) from an area inside the body to the outside. Colostomy, ileostomy and urostomy are types of ostomies.","Specific complications depend on the location of the surgery. The surgery can result in post-operative pain, infection or blood clots of the legs (deep vein thrombosis) or lungs (pulmonary embolus). Patients can infrequently have bad reactions to anesthesia."
187,Ovarian ablation (shut down ovaries),"A procedure involving surgery, radiation therapy, or a drug treatment to stop the working function of the ovaries. The procedure is typically used in the treatment of hormone receptor positive breast cancer.",Loss of normal hormonal function causing early menopause symptoms.
188,Palliative therapy (care given to improve quality of life),"A medical treatment given to relieve symptoms caused by advanced disease. Palliative therapy does not alter the course of a disease, but can improve the quality of life for suffering patients.",None.
189,Pancreaticoduodenectomy (remove pancreas and duodenum),A surgical procedure for pancreatic cancer involving removal of the pancreas and part of the duodenum. It is also known as the Whipple procedure.,"Poor absorption of nutrients and diabetes after the procedure. Injury to the intestines, blood vessels or other internal organs of the abdomen. The surgery can result in post-operative pain, infection or blood clots of the legs (deep vein thrombosis) or lungs (pulmonary embolus). Patients can infrequently have bad reactions to the general anesthesia."
190,Pap test (screening exam for cervical cancer),"A diagnostic procedure to collect cells from the cervix for examination under a microscope. It is helpful in diagnosing cancer or cellular changes that may lead to cancer, and can show noncancerous conditions, such as infection or inflammation. May also be referred to as a Pap smear. ",None.
191,"Patient controlled anesthesia (PCA pump, self-administered pain pump)","A medical treatment giving the patient control over the amount of pain medicine that is used. When pain relief is needed, the person can receive a preset dose of pain medicine by pressing a button on a computerized pump that is connected to an IV. A PCA pumped is often used with patients having severe pain or immediately after surgery.",Overdose of medication causing depressed respiratory effort and rarely death.
192,Pelvic laparoscopy (camera examination inside lower abdomen),"A surgical procedure to examine and treat abdominal and pelvic organs involving a laparoscope which is inserted into the abdomen. It is helpful in detecting pelvic inflammatory disease, endometriosis, ovarian cysts, and other conditions.","Injury to the intestines, bladder, ureter (tube connecting kidney to the bladder), or pelvic blood vessels. The surgery can result in post-operative pain, infection or blood clots of the legs (deep vein thrombosis) or lungs (pulmonary embolus). Patients can infrequently have bad reactions to anesthesia."
193,"Percutaneous transhepatic cholangiography (PTC, x-ray of the bile ducts)","A diagnostic procedure to image the hepatic and common bile ducts. Contrast is injected through the skin into the liver or bile duct, and the ducts are then x-rayed to find the point of obstruction. It may be helpful in making the diagnosis of gallstones, liver cancer and other conditions. Since there are less invasive ways to image the biliary tree (MRI or CT scan), the procedure is usually only done to drain a blocked a biliary system.","Infection and/or pain. Damage to the liver, intestine, liver blood vessels or bile ducts."
194,"Percutaneous transluminal coronary angioplasty (PTCA, minimally invasive therapy to open up blocked heart arteries)","A procedure to open clogged or blocked arteries in the heart. A catheter with a tiny balloon at its tip is inserted into an artery in the groin or arm. The catheter is advanced into the narrowed coronary artery, with a tiny balloon at its tip. The balloon is then inflated and deflated sequentially to break open the narrowing and allow more passage of blood. A wire mesh stent is often left inside the vessel to keep it open.","Infection, pain and swelling at the site of catheter insertion. Damage to the blood vessels of the heart, leg, or arm rarely requiring immediate surgery. The contrast used can injure the kidneys, especially if the person has underlying kidney disease. Some patients can be allergic to the contrast causing a reaction from a rash to life threatening swelling or drop in blood pressure."
195,PET CT scan (positron emission tomography and computed tomography),A diagnostic procedure combining CT (computed tomography) and PET (positron emission tomography). This can provide a more complete picture of a tumor's location and growth or spread than either test done independently. It can also be used to help find the site of infection.,Rarely allergic reactions can occur.
196,Plasmapheresis (replacement of the liquid in blood),"The procedure consists of removal of blood, separation of blood cells from plasma, and return of the blood cells to the body's circulation. The blood cells are typically diluted with a saline solution and a blood protein called albumin. Plasmapheresis is done to treat diseases such as TTP (thrombotic thrombocytopenic purpura) and Guillain-Barre.",Infection of the blood from the insertion of the catheter. Allergic reactions ranging from a rash to life threatening swelling and low blood pressure can occur.
197,"Photodynamic therapy (PDT, cancer therapy using light)",A treatment used to kill cancer cells or other abnormal cells by first administering  a photo-active medication followed by special light therapy. ,Sunburn like skin and allergic reactions.
198,Photorefractive keratectomy (remove surface layer of cornea),A procedure to remove the surface layer of the cornea by gentle scraping and use of a computer-controlled excimer laser to reshape the stroma. The procedure is generally done to improve vision.,"Infection, pain, and decreased vision."
199,Pneumonectomy (remove lung),A surgical procedure to remove an entire lung. It is usually done to treat lung cancer.,"Injury to the heart, blood vessels of the heart or lungs, or other organs in the chest. The surgery can result in post-operative pain, infection or blood clots of the legs (deep vein thrombosis) or lungs (pulmonary embolus). Patients can infrequently have bad reactions to the general anesthesia including allergic reactions and very rarely a heart attack or stroke."
200,Port (medical appliance installed beneath skin),A surgically implanted device for drawing blood and infusing medications into the blood stream without repeated needle sticks into veins. Also called a Port-A-Cath.,"Infection, pain and/or the formation of a blood clot in the vein."
201,Positron emission tomography scan (PET scan),"A diagnostic procedure involving a computerized image of the metabolic activity of body tissues used to determine the presence of disease, most often cancer or infection.",Rarely an allergic reaction can occur.
202,Proctosigmoidoscopy (lower colon diagnostic test),"A procedure to image the lower colon with a thin, lighted tube called a sigmoidoscope. Reasons for the procedure include screening for colorectal cancer and to help diagnose infections and inflammatory bowel disease, such as Crohn's disease or ulcerative colitis. Also known as a sigmoidoscopy.",Pain and bloating. Injury to the rectum or lower colon. Colonic perforation can rarely occur.
203,Prostatectomy (remove prostate),A surgical procedure to remove part or the entire prostate. Radical (or total) prostatectomy is the removal of the entire prostate and some of the tissue around it.,"Impotence and problems urinating.  Injury to the bladder, intestines, or pelvic blood vessels. The surgery can result in post-operative pain, infection or blood clots of the legs (deep vein thrombosis) or lungs (pulmonary embolus). Patients can infrequently have bad reactions to the general anesthesia including allergic reactions and very rarely a heart attack or stroke."
204,Proton magnetic resonance spectroscopic imaging (imaging test that measures cell activity),"A diagnostic procedure to detect and measure activity at the cellular level. It provides chemical information and is used in conjunction with magnetic resonance imaging (MRI), which gives anatomical information. It can also be called 1H-nuclear magnetic resonance spectroscopic imaging.",Complications are rare.
205,"Radial keratotomy (RK, correct nearsightedness)",A surgical procedure to correct myopia (nearsightedness) by flattening the cornea.,"Infection, pain and decreased vision. "
206,Radiation surgery (radiosurgery),A procedure involving radiation therapy delivered to a tumor while sparing the healthy tissue. Also called radiosurgery and stereotactic external beam irradiation. It is used most frequently in the treatment of brain tumors.,"Injury to surrounding normal brain causing weakness, numbness, and loss of other brain function."
207,Radiation therapy (radiotherapy),"A procedure using high-energy radiation to kill cancer cells. The source of the radiation may be x-rays, neutrons or gamma rays. ",Damage to normal surrounding tissues.
208,Radical cystectomy (complete bladder removal),A surgical procedure to remove the bladder as well as nearby tissues and affected organs for the treatment of bladder cancer.,"Injury to the intestines or pelvic blood vessels. The surgery can result in post-operative pain, infection or blood clots of the legs (deep vein thrombosis) or lungs (pulmonary embolus). Patients can infrequently have bad reactions to the general anesthesia including allergic reactions and very rarely a heart attack or stroke. "
209,Radical lymph node dissection (surgical removal of lymph nodes and surrounding tissue),A surgical procedure in which the lymph nodes are removed and examined to see whether they contain cancer. Also called lymph node dissection or lymphadenectomy.,"Injury to nerves and surrounding blood vessels. The arm or leg being served by the lymph nodes can have chronic swelling called lymphedema. The surgery can result in post-operative pain, infection or blood clots of the legs (deep vein thrombosis) or lungs (pulmonary embolus). Patients can infrequently have bad reactions to the general anesthesia."
210,"Radical mastectomy (remove breast, chest muscles and lymph nodes)","A surgical procedure in which the breast, chest muscles, and all of the lymph nodes under the arm are removed, usually for breast cancer.","Fluid collections (seroma), injury to blood vessels or nerves. Chronic swelling may occur in the upper extremity that the lymph nodes were removed. The surgery can result in post-operative pain, infection or blood clots of the legs (deep vein thrombosis) or lungs (pulmonary embolus). Patients can infrequently have bad reactions to the general anesthesia."
211,Radical prostatectomy (surgical removal of prostate and surrounding tissue),A surgical procedure to remove the entire prostate and some of the tissue around it. ,"Impotence and problems urinating. Injury to the bladder, intestines, or pelvic blood vessels. The surgery can result in post-operative pain, infection or blood clots of the legs (deep vein thrombosis) or lungs (pulmonary embolus). Patients can infrequently have bad reactions to the general anesthesia including allergic reactions and very rarely a heart attack or stroke."
212,Radiofrequency ablation (destroy tissue with heat),A procedure involving electrodes used to heat and destroy abnormal tissue. It is used in the treatment of a variety of conditions including certain types of arrhythmias and cancers.,Injury to surrounding normal tissue and structures.
213,Radionuclide scanning (body part imaging with small amounts of radioactive material),A diagnostic procedure where a patient swallows or is injected with a small amount of radioactive material and then a machine measures the radioactivity in certain organs.,Complications are rare.
214,Reconstructive surgery (reshape body part),"A surgical procedure to reshape or reconstruct a part of the body changed by a previous surgery, accident or disease.","Injury to blood vessels or nerves. The surgery can result in post-operative pain, infection or blood clots of the legs (deep vein thrombosis) or lungs (pulmonary embolus). Patients can infrequently have bad reactions to anesthesia."
215,Refractive surgery (vision correction surgery),"A surgical procedure to improve vision by correcting refractive errors, such as nearsightedness, farsightedness, or astigmatism.","Infection, pain, or decreased vision."
216,Resection (remove tissue),"A surgical procedure to remove tissue, organ or structure from the body. A resection could entail a partial or complete removal of a structure or organ. ","The surgery can result in post-operative pain, infection or blood clots of the legs (deep vein thrombosis) or lungs (pulmonary embolus). Patients can infrequently have bad reactions to anesthesia."
217,Rhinoplasty (nose job),"A surgical procedure to reduce excess cartilage and bone in the nose for cosmetic reasons, providing a straighter and/or smaller appearance. The procedure can also help to correct breathing problems associated with the nose. ",Poor cosmetic result. The surgery can result in post-operative pain and/or infection. Patients can infrequently have bad reactions to anesthesia.
218,Robotic surgery (robot assisted surgery),"A surgical procedure assisted by robotic arms that perform the surgery with a variety of surgical tools. The robotic arms give surgeons more intricate motion and tool control for complex surgeries. It is used for a variety of surgeries within surgical subspecialties such as gynecology, urology, general surgery, and cardiothoracic surgery.","Injury to normal surrounding structures. The surgery can result in post-operative pain, infection or blood clots of the legs (deep vein thrombosis) or lungs (pulmonary embolus). Patients can infrequently have bad reactions to anesthesia."
219,Salpingectomy (remove fallopian tubes),"A surgical procedure to remove one or both fallopian tubes. The most common reasons for removal are tumors, ectopic pregnancy or in association with removal of the ovaries.","Injury to the bladder, intestines or pelvic blood vessels. The surgery can result in post-operative pain, infection or blood clots of the legs (deep vein thrombosis) or lungs (pulmonary embolus). Patients can infrequently have bad reactions to anesthesia."
220,Salpingo oophorectomy (remove fallopian tubes and ovaries),"A surgical procedure to remove the fallopian tubes and ovaries. Reasons why this surgery may be needed include cysts, tumors, ectopic pregnancy, or after twisting of the ovary (torsion).","Injury to the bladder, intestines or pelvic blood vessels. The surgery can result in post-operative pain, infection or blood clots of the legs (deep vein thrombosis) or lungs (pulmonary embolus). Patients can infrequently have bad reactions to anesthesia."
221,Sclerotherapy (collapse varicose veins),A procedure to remove spider veins and varicose veins. A chemical called a sclerosing solution is injected into the veins causing them to collapse and contract. The procedure is best suited for medium sized spider veins and larger since a needle must be inserted into the vein. It may require multiple treatments for the desired effect.,"Scarring, bleeding, infection, skin numbness, damage to deeper structures, skin bumps, skin puckering, skin discoloration, skin ulceration and pain."
222,Sigmoidoscopy (camera examination of the lower colon),"A procedure to image the lower colon with a thin, lighted tube called a sigmoidoscope. Reasons for the procedure include screening for colorectal cancer and to help diagnose infections and inflammatory bowel disease, such as Crohn's disease or ulcerative colitis.",Pain and abdominal boating. Injury to the rectum or lower colon. Colonic perforation can rarely occur. 
223,Sonogram (imaging test using sound waves),"A diagnostic imaging procedure. The ultrasound device makes sound waves that bounce off tissues and create echoes. Its used routinely during pregnancy to image the fetus. The pictures can be used to diagnose abnormalities of vascular structures, liver, gallbladder, spleen, appendix, pancreas, kidneys, thyroid, heart and other conditions. Also known as an ultrasound test.  ",None.
224,Spinal fusion (fusing vertebra),"A spinal fusion is the locking together (fusing) of multiple spinal vertebrae of the back to help relieve the pressure placed on the nerves from movement of the spine. It may also include removing the disc between two vertebrae and inserting bone graft into the space created between the two vertebral bodies. The bone graft can be taken from the patient's hip (autograft bone) during the spine fusion surgery, harvested from cadaver bone (allograft bone) or manufactured (synthetic bone graft substitute). The surgery may be done to relieve the pain and numbness caused by herniated disc, spinal stenosis, or spondylolisthesis. ","Complications include: vertebrae failing to fuse, hardware fracture, bone graft migration, nerve damage or persistent pain. All surgery comes with the risk of infection and blood clots. Patients can infrequently have bad reactions to the general anesthesia."
225,Splenectomy (remove spleen),"A surgical procedure to remove the spleen. The major reasons for splenectomy are trauma, spontaneous rupture, cancer, low platelets (thrombocytopenia), and other blood diseases.","Without a spleen, there is an increased risk of certain bacterial infections. The surgery can result in damage to the intestines or adjacent blood vessels. Post-operative pain, blood clots of the legs (deep vein thrombosis) or lungs (pulmonary embolus). Patients can infrequently have bad reactions to anesthesia."
226,Stent (mesh tube to treat narrow or weak blood vessels),"A medical device placed inside a blood vessel to hold it open after it is expanded. It is commonly used for keeping coronary arteries open after angioplasty. Some of the coronary stents contain medications to help prevent the vessel from closing again (drug eluding stent). Stents are also used to hold open other narrowed structures, such as a ureters, bile ducts and pancreatic ducts.",The artery with the stent can become blocked with the formation of a new blood clot or scar tissue. Rarely placement of a coronary stent can tear the artery requiring emergent surgery to bypass the vessel.
227,Stereotactic biopsy (removal of tissue aided by computer and scanner),"A diagnostic procedure using computer and scanning technologies to find a tumor site and guide the removal of tissue for examination under a microscope. It can be helpful in obtaining a biopsy in complex presentations of breast cancer, brain tumors, and other types of cancer.","Infection, pain or injury to surrounding normal tissue."
228,Stereotactic radiosurgery (brain tumor treatment),A medical procedure involving a rigid head frame that is attached to the skull for the accurate administration of radiation therapy through openings in the head frame. The radiation is more accurately aimed using detailed CT scan and MRI imaging. This allows for treatment of a tumor while decreasing  radiation exposure to normal brain tissue. ,"Injury to surrounding normal brain causing weakness, numbness, and loss of other brain function."
229,Stress test (test for heart disease),"A medical diagnostic procedure used to record electrical activity of the heart during exercise. This helps a doctor determine how well your heart can handle exercise. This test is commonly used to help diagnose coronary artery disease, predict risk for a heart attack, or to monitor known heart conditions.  Also known as an exercise stress test.  ",Rarely a patient can have a heart attack or abnormal beating of the heart (arrhythmia) during the procedure.
230,Surgery (invasive treatment or diagnostic procedure),"A procedure that cuts into tissue to diagnose, treat, remove, and/or repair the body.","Potential complications are almost none to some that are very serious, including death. For example, major surgery can result in post-operative pain, infection or blood clots of the legs (deep vein thrombosis) or lungs (pulmonary embolus). Patients that need general anesthesia have infrequent allergic reactions and very rarely a heart attack or stroke."
231,Swan Ganz catheter placement (tube in jugular vein to measure heart pressures),A procedure to thread a special intravenous catheter through the skin and into the internal jugular vein. The catheter is advanced into the heart to obtain accurate readings of pulmonary artery pressure and left atrial pressure.,Infection and pain at the insertion site. Injury to the blood vessel and/or blood clot in the vessel. Insertion of the catheter can cause a collapsed lung (pneumothorax) or bleeding in the lung.
232,Thallium stress test (chemical test for heart disease),"A diagnostic procedure used to take pictures of the heart during exercise. A small amount of radioactive material is injected into a vein and is used to visualize blood flow to the heart muscle. This helps a doctor determine cardiac blood flow during exercise. This test is commonly used to help diagnose coronary artery disease, predict risk for a heart attack, or to monitor a known heart condition.",Rarely patients can have a heart attack or a life threatening abnormal beating of the heart (arrhythmia) during the exercise. 
233,Thermal ablation (heat to remove tissue),A surgical procedure using heat to remove or destroy tissue.,Damage to adjacent normal structures and tissue.
234,Thigh lift (remove skin and fat from thighs),"A surgical procedure involving removal of the excess skin and fat of the thighs that can occur with aging, weight loss, and loss of skin elasticity. It can improve the appearance of loose, saggy thighs and is often done in conjunction with other procedures, such as, tummy tuck or arm lifts, in patients who have significant weight loss after gastric bypass surgery.","Injury to blood vessels and nerves, and a poor cosmetic result. The surgery can result in post-operative pain, infection or blood clots of the legs (deep vein thrombosis) or lungs (pulmonary embolus). Patients can infrequently have bad reactions to anesthesia."
235,Thoracoscopy (camera examination inside chest),A surgical procedure using an endoscope to examine the inside of the chest. Reasons for the procedure include needing a direct view of the lung and the lining surround the lung and taking biopsies to rule out cancer and other conditions.,"Injury to blood vessels, and lungs. The surgery can result in post-operative pain, infection or blood clots of the legs (deep vein thrombosis) or lungs (pulmonary embolus). Patients can infrequently have bad reactions to anesthesia."
236,Thoracotomy (invasive surgery to examine inside the chest),"A surgical procedure to open the chest which is useful in the diagnosis and/or treatment of lung cancer, heart disease, and other conditions.","Injury to the heart and lungs. The surgery can result in post-operative pain, infection or blood clots of the legs (deep vein thrombosis) or lungs (pulmonary embolus). Patients can infrequently have bad reactions to the general anesthesia including allergic reactions and very rarely a heart attack or stroke."
237,Thyroidectomy (remove thyroid),"A surgical procedure to remove part or the entire thyroid gland. The thyroid gland is removed because of a worrisome nodule, cancer, an overactive thyroid gland (hyperthyroidism), or non-cancerous thyroid growth or inflammation (goiter).","Injury to the parathyroid gland causing low calcium levels. Nerve injury resulting in hoarseness. The surgery can result in post-operative pain, infection or blood clots of the legs (deep vein thrombosis) or lungs (pulmonary embolus). Patients can infrequently have bad reactions to the general anesthesia."
238,Tilt table test (evaluates fainting spells),"A diagnostic test to evaluate unexplained positional fainting spells or syncope.  Heart rate, blood pressure and other measurements are recorded while the patient is tilted at different angles. The test is usually performed to help diagnose vasodepressor syncope. ","Feeling lightheaded, transient nausea, sweating, weakness. Vomiting may occur."
239,Total hip replacement,A surgical procedure to replace the hip with an artificial joint. The cup shaped hip socket and the ball of the thigh bone are replaced with metal and plastic components.  The most common reasons for hip replacement are arthritis and other conditions that cause significant damage to the cartilage and bone of the joint.,"Joint dislocation, bone fracture, hardware fracture, loosening of the joint, and change in leg length are all risks. The surgery can result in post-operative pain, infection or blood clots of the legs (deep vein thrombosis) or lungs (pulmonary embolus). Patients can infrequently have bad reactions to the general anesthesia including allergic reactions and very rarely a heart attack or stroke."
240,Total knee replacement,A surgical procedure to replace the knee with an artificial joint. The damaged cartilage and bone of the knee joint are replaced with a combination of metal and plastic components. The most common reason for knee replacement is arthritis or other conditions which cause significant damage to the cartilage and bone of the joint.,"Knee stiffness, blood loss and nerve injury are risks. The surgery can result in post-operative pain, infection or blood clots of the legs (deep vein thrombosis) or lungs (pulmonary embolus). Patients can infrequently have bad reactions to the general anesthesia including allergic reactions and very rarely a heart attack or stroke."
241,"Tracheostomy (tracheotomy, opening in windpipe)","A surgical procedure to establish an opening (stoma) into the windpipe (trachea). It may be needed after part of the windpipe is removed for cancer, because of traumatic injury or if the person has severe lung damage requiring prolonged use of a breathing tube. ","Scarring of the trachea (stenosis), infection, and damage to the blood vessels of the neck. Patients can infrequently have bad reactions to anesthesia."
242,Transabdominal ultrasound (ultrasound image of abdomen),"A diagnostic imaging procedure. The ultrasound device is pressed against the abdomen, and sound waves from the device bounce off tissues and create echoes. The pictures can be used to diagnose abnormalities of the liver, gallbladder, spleen, appendix, pancreas, kidneys and aorta (for example, an aortic aneurysm). Also known as abdominal ultrasound.  ",None.
243,"Transcutaneous electric nerve stimulation (TENS, pain management)",A medical device sometimes helpful for treating chronic pain. A small power pack connected to two electrodes delivers mild electric currents to specific areas of the skin.,"Usually none, but some patients get little or no pain relief from the device)."
244,Transfusion (blood replacement through a vein),"A medical treatment providing blood components or whole blood into the bloodstream. It may involve the person's stored blood, or blood donated for this use. Transfusions most often occur for low blood count from bleeding or anemia. ","Even after cross matching of blood reactions can occur. Severe reactions cause fever, shortness of breath, chest pain and rarely shock. Milder reactions include hives, itching and a feeling of uneasiness. Infection is another rare complication. "
245,Transplantation (replace organ),A surgical procedure to replace an organ with one from another person.,"The surgery can result in post-operative pain, infection or blood clots of the legs (deep vein thrombosis) or lungs (pulmonary embolus). Patients can infrequently have bad reactions to the general anesthesia. The medications used to prevent organ rejection depress the immune system leading to increased risk of infection. Some of these infections can be life threatening."
246,Transrectal ultrasound (ultrasound image through rectum),A diagnostic imaging procedure. An ultrasound (sonogram) consists of high frequency sound waves. An ultrasound transducer is inserted into the rectum to view the prostate.,Rarely minor injury to the rectum can occur.
247,"Transurethral resection (TURP, removal of part or all of prostate)",A surgical procedure performed with a special instrument inserted through the urethra. It is done most often to treat an enlarged prostate.,"Impotence, inability to urinate, semen entering the bladder (retrograde ejaculation), and bloody urine. The surgery can result in post-operative pain, infection or blood clots of the legs (deep vein thrombosis) or lungs (pulmonary embolus). Patients can infrequently have bad reactions to the general anesthesia including allergic reactions and very rarely a heart attack or stroke."
248,Transvaginal ultrasound (ultrasound image through vagina),"A diagnostic procedure used to examine the uterus, fallopian tubes, ovaries and bladder using sound waves to create images. An ultrasound probe is inserted into the vagina to get the most detailed pictures.",None.
249,Tummy tuck (abdominoplasty),"A surgical procedure involving an incision in the bikini area, just above the pubic hair line. The skin and fat of the abdomen is then lifted off of the muscle layer. If needed, the muscle layer is tightened with a row of stitches above and below the belly button. Meanwhile, the belly button is left attached to the muscle layer. The excess skin and fat is then pulled and stretched down to the incision and removed. A small opening is then created in order to relocate the belly button.",Collection of fluid in the abdominal wall and infection. The surgery can result in post-operative pain or blood clots of the legs (deep vein thrombosis) or lungs (pulmonary embolus). Patients can infrequently have bad reactions to anesthesia. The procedure might not result in the desired cosmetic outcome.
250,Ultrasound test (imaging test using sound waves),"A diagnostic imaging procedure. The ultrasound device makes sound waves that bounce off tissues and create echoes. Its used routinely during pregnancy to image the fetus. The pictures can be used to diagnose abnormalities of vascular structures, liver, gallbladder, spleen, appendix, pancreas, kidneys, thyroid, heart and other organs. Also known as a sonogram.  ",None.
251,Upper arm lift (remove skin and fat from arm),A surgical procedure involving removal of unwanted skin and fat from the inner side of the upper arm. ,"The surgery can result in post-operative pain, poor cosmetic results, and/or infection. Patients can infrequently have bad reactions to anesthesia."
252,Upper GI series (x-ray image of upper digestive tract),"A diagnostic procedure to x-ray the esophagus, stomach and small intestine. The x-rays are taken after the person drinks a barium solution, which coats the inner lining of the upper digestive organs.", Complications are very rare. A person with swallowing difficulties might have barium enter the airway causing aspiration pneumonia.
253,Urostomy (artificial opening for the urinary system),"A surgical procedure creating an opening from the urinary tract to the outside of the body, for the excretion of urine. It is usually done to relieve obstruction of urinary flow.","The surgery can result in post-operative pain, infection or blood clots of the legs (deep vein thrombosis) or lungs (pulmonary embolus). Patients can infrequently have bad reactions to anesthesia."
254,Uterine ablation (remove uterus lining),A surgical procedure that scars the lining of the uterus. A common indication is for excessive menstrual bleeding. The procedure can sometimes prevent a hysterectomy.,"Pain, infection, vaginal bleeding, damage to the cervix, and perforation of the uterus."
255,Uterine fibroid embolization (cut blood supply to uterine growths),A procedure to cut off the blood supply for uterine fibroids to shrink them. It is also called uterine artery embolization.,"Pain. Diminished blood supply to the ovaries, which could result in infertility. Extensive damage to the uterus because of decreased blood supply, which might require hysterectomy. Infection and blood clots can also occur."
256,Vaginal hysterectomy (removal of the uterus through the vagina),A surgical procedure to remove the uterus through the vagina. It avoids needing to make an abdominal incision and scar.,"Injury to the bladder or pelvic vessels. The surgery can result in post-operative pain, infection or blood clots of the legs (deep vein thrombosis) or lungs (pulmonary embolus). Patients can infrequently have bad reactions to anesthesia."
258,Voiding cystourethrogram (x-ray of bladder function),A procedure that uses x-rays to evaluate the bladder and lower urinary tract. A small tube (catheter) is inserted through the urethra and into the bladder and the bladder is filled with contrast dye. X-rays are taken while the patient empties their bladder. This test can be used to diagnose injuries and diseases of the bladder and urethra.,Rarely injury to the urethra and urinary infection.
259,Xeroradiography (x-ray on paper),A diagnostic procedure where a picture of the body is recorded on paper rather than on film.,Complications are rare.
260,X-ray (image bones and soft tissue),"A diagnostic test to image parts of the body, including some soft tissues and bones. In high doses, x-rays are used to treat cancer.",Multiple exposures to radiation increase the risk of cancer later in life. 
261,Bariatric surgery (weight loss surgery),"Bariatric surgery, also called weight loss surgery, is a general description of surgery that helps obese people lose weight. The two most common procedures performed are gastric bypass surgery and gastric banding. These procedures result in significant long-term weight loss, better blood sugar control in people with type 2 diabetes, and improvement in cardiovascular risk factors.","Bariatric surgery can result in an intra-abdominal infection, intestinal obstruction, or damage to other organs in the abdomen. The surgery can result in post-operative pain, wound infection and/or blood clots of the legs (deep vein thrombosis) or lungs (pulmonary embolus). Patients can infrequently have bad reactions to the general anesthesia including allergic reactions and very rarely a heart attack or stroke. Some patients experience persistent frequent vomiting, low blood sugar, and nutritional deficiencies (B12 and vitamin D are the most common)."
262,Gastric banding (stomach stapling),"Gastric banding is one of the most common types of bariatric surgery, a surgical procedure performed to help obese people lose weight. The surgery is often done through a laparoscope. An adjustable band is placed around the stomach, which decreases the amount of food a person can consume. Sutures or staples can be used instead of the band to make the stomach smaller. Gastric banding usually results in significant long-term weight loss, better blood sugar control in people with type 2 diabetes, and improvement in cardiovascular risk factors.","After the surgery, infection and blood clots in the legs and lung are always a possibility. Other complications include frequent vomiting, low blood sugar, and nutritional deficiencies. Patients can infrequently have bad reactions to anesthesia."
263,Tooth extraction (remove tooth),"Tooth extraction is the removal of a tooth from its socket in the bone. A tooth may need to be extracted if it is too damaged to be repaired with a filling, crown, or other treatment. A very loose tooth may also require extraction if too much bone has been lost. Wisdom teeth, also called third molars, are often extracted. Sometimes they get stuck in the jaw (impacted) and do not come in. If pain and swelling occur, they need to be extracted. Most simple extractions can be done using just a local anesthetic. Surgical extractions may also use anesthesia through a vein (intravenous). Some people may need general anesthesia.","Discomfort, swelling, and some bleeding are common after tooth extraction. The level of pain and how long it lasts will depend on how difficult it was to remove the tooth. Dry socket develops in about 3% to 4% of all extractions. This occurs when a blood clot doesn't form in the hole or the blood clot breaks off or breaks down too early. Infection is possible but unlikely. Other risks include accidental damage to nearby teeth, an incomplete extraction, fractured jaw, hole in the sinus, soreness in the jaw muscle or joint, or numbness."
264,Myectomy surgery (removal of muscle),"Surgical procedure to remove a small amount of muscle from an organ.  For example, surgery can be performed on the heart to remove thickened muscle blocking blood flow or the uterus to remove fibroids. Surgical method may vary depending on the location of the procedure on the body. ","The surgery can result in damage to nerves and blood vessels, post-operative pain, infection or blood clots of the legs (deep vein thrombosis) or lungs (pulmonary embolus). Patients can infrequently have bad reactions to anesthesia."
265,Gamma knife radiosurgery (noninvasive brain surgery),A type of stereotactic radiosurgery used to treat brain tumors. The medical procedure involves a rigid head frame that is attached to the skull for the accurate administration of radiation therapy through openings in the head frame. The radiation is more accurately aimed using detailed CT scan and MRI imaging. This allows for treatment of a tumor while decreasing the amount of radiation given to normal brain tissue. Gamma knife surgery is also used to treat abnormal blood vessel formations (AVMs) and trigeminal neuralgia.,"Injury to surrounding normal tissue. When used for brain tumors, it may result in weakness, numbness, and loss of other brain function."
266,Exercise stress test (heart test during exercise),"A medical diagnostic procedure used to record electrical activity of the heart during exercise. This helps a doctor determine how well your heart can handle exercise. This test is commonly used to help diagnose coronary artery disease, predict risk for a heart attack, or to monitor known heart condition.  Also known as a stress test.  ",Rarely a patient can have a heart attack or abnormal beating of the heart (arrhythmia) during the procedure.
267,Kyphoplasty (spinal fracture treatment),"A surgical procedure for compression fractures of the spine (vertebra). A small incision is made in the back. Using x-ray guidance, a needle is inserted at the level of the compression fracture in the spine.  A balloon is first inflated in the fracture to restore height. A cement-like substance that solidifies is then injected into a fractured vertebra to stabilize it.
","Pain and infection at the skin puncture site. Accidental injection of cement into the spinal canal can cause nerve damage and paralysis on rare occasions. The surgery can result in post-operative pain, infection or blood clots of the legs (deep vein thrombosis) or lungs (pulmonary embolus). Patients can infrequently have bad reactions to anesthesia. "
268,Cardiopulmonary resuscitation (CPR),"CPR can be a life-saving technique. It helps maintain circulation with or without breathing until emergency medical help arrives. CPR can be used on people who have had a heart attack, drowned or other serious illness where there is no heart beat or breathing. Here is what the American Heart Association recommends for untrained people at http://handsonlycpr.org/. It's not normal to see an adult suddenly collapse but if you do call 911 and push hard and fast in the center of the chest. Don't be afraid. Your actions can only help. Take a minute and look around this site and invite your friends! Increasing the number of people who know about Hands-Only TM CPR will increase the chance to save a life. ","While broken ribs and vomiting can be complications of CPR, the American Heart Association believes not taking action with someone who has just collapsed is more harmful than the potential complications."
269,Urine Cortisol 24 hour collection (urine test to measure hormone from adrenal gland),A urine test that measures the amount of the steroid hormone cortisol excreted into the urine over a 24-hour period. The test is typically done to diagnose over active adrenal glands (Cushing's  disease).,None.
270,"Arterial blood gas (ABG, analysis of arterial blood)","The test measures the acidity (pH) and the levels of oxygen and carbon dioxide in the blood. A needle is inserted into an artery to obtain a small amount of blood. An ABG measures how well the lungs are functioning and is useful in asthma, COPD (chronic obstructive pulmonary disease) and other lung conditions. It is also helpful in disorders that affect the acidity level of blood, such as diabetic ketoacidosis.",Pain and swelling at the needle insertion site. Rarely there can be damage to the artery with bleeding.
271,Acetaminophen (Tylenol) level,Acetaminophen is the generic name for Tylenol. A blood level is measured to determine if too much has been taken. This is important since there is an antidote. If left untreated acetaminophen poisoning can lead to liver toxicity and death. ,None
272,Activated partial thromboplastin (PTT),Partial thromboplastin time (PTT) is a blood test that measures the blood's ability to clot. A common medication called heparin increases the PTT and the doctor measures the value to know how much heparin should be given.,None
273,Air contrast enema (x-ray study of the colon),"A diagnostic procedure in which a barium-containing solution and air are put into the rectum and colon from the anus. Barium coats the lining of the rectum and large intestine. The air helps keep the colon distended as X-rays are taken. This procedure can help diagnose colorectal cancer, ulcerative colitis, Crohn's disease, and other diseases of the colon.",Damage to the rectum or colon can rarely occur.
274,Allergy testing,"Allergy testing is done to determine if a patient is allergic to a substance. There are three basic types of allergy testing: skin testing, elimination test, and a blood test. With a skin test a substance is put in contact with the skin and the reaction of the skin is measured. Elimination testing is performed by removing foods from the diet and observing symptoms. Blood testing is done to measure the presence of antibodies and eosinophils after the exposure to a potential allergen.                   ",Rarely the allergic reaction being induced with skin testing can be severe and life threatening.          
275,"Antinuclear antibody (ANA, blood test for autoimmune disease)","An antinuclear antibody test is done help diagnose autoimmune diseases such as systemic lupus erythematosus (SLE). However, a positive test does not always mean the person has an autoimmune disease. Many health people, especially women, have a positive ANA.",None.
276,Analysis of joint fluid (synovial fluid),"A needle is inserted into a joint and fluid is removed. The fluid from the joint (synovial fluid) is analyzed for blood cells, bacteria, proteins and crystals. The test is used to diagnose joint infections, gout, certain types of arthritis, and traumatic injuries. ","Pain and swelling at the test site. Infection can be introduced into the skin or the joint. Injury to a tendon, nerve or blood vessel can rarely occur."
277,Androgen (male sex hormone),A male sex hormone that is measured to typically detect a deficiency. ,None
278,"Anoscopy (tube to view the anus, rectum)","Anoscopy is performed by inserting a tube into the rectum to look at the lining of the rectum. The test is done to determine the cause of rectal bleeding or pain, most often related to hemorrhoids or inflammation.",Rarely the rectum can be injured.
279,Antibody (immune system blood test),"An antibody is a type of protein the body makes to attack foreign substances that enter the body, such as a bacteria or viruses. Antibodies are also made against chemicals, pollen and other allergic substances. Sometimes the immune system makes antibodies against normal tissues (autoantibodies). The presence and level of antibodies in blood can also be used to help diagnose specific diseases.",None
280,Aortography (x-ray of aorta),The aorta is the large artery that arises from the heart and supplies blood to the entire body. Aortography is an examination of the aorta using x-rays after the injection of contrast dye.,"Injury to the artery during injection of the contrast dye. The contrast can injure the kidneys, especially if the person has underlying kidney disease. Some patients can have an allergic reaction to the dye. The allergic reaction can be mild to severe."
281,Arthrocentesis (joint fluid removal),"A procedure to remove joint fluid by inserting a needle into a joint. The fluid is then tested to help diagnose infections, arthritis, gout or traumatic injuries. The procedure is sometimes done to remove the buildup of fluid in the joint, giving pain relief to the patient. Sometimes the doctor will insert medication at the same time. ","Pain and swelling at the needle insertion test site. Rarely infection of the skin or the joint. Injury to a tendon, nerve or blood vessel can rarely occur. "
282,Aspirin (salicylate) level,A blood test to measure the amount of aspirin in the blood. Too high an aspirin level either accidentally or intentionally can be life threatening.,None
283,B12 test (blood test for vitamin),B12 is a vitamin and the level can be measured in the blood. Low levels can cause anemia and malfunctioning of the nerves.,None
284,"Beta human chorionic gonadotropin (BHCG, pregnancy hormone)",BHCG (Beta human chorionic gonadotropin) is produced during pregnancy and is measured in the urine or blood to diagnose a pregnancy. In pregnancy the hormone is made by the placenta and can be detected as early as 11 days after becoming pregnant. The hormone is also elevated in certain tumors.,None
285,Bladder biopsy (bladder sample),A bladder biopsy is a procedure that involves taking a piece of the lining of the bladder for examination. The doctor uses a scope that is inserted through the urethra into the bladder (cystoscopy) to obtain the sample.     ,Injury to the urethra and bladder. Urinary tract infection.
286,Bleeding time (clotting blood test),Bleeding time is a test to measure how long it takes for the blood to clot. A prolonged bleeding time can occur because of low levels of clotting proteins and/or inadequate platelet activity.,None
287,Blood alcohol level (ethanol level),The blood alcohol level (ethanol level) measures the amount of alcohol in the blood. The clinical effects of a particular alcohol level can vary greatly between different people depending on how often they drink alcohol and their body size.  ,None
288,Blood culture (test for infection in blood),A blood culture is a laboratory test to check for bacteria or other micro-organisms in the blood. This test is done when the doctor suspects a serious infection. ,None
289,Blood smear (microscopic blood evaluation),"A blood smear is a blood test that is used to evaluate the number and shape of the blood cells. The test is done to help diagnose blood disorders, such as anemia and leukemia.    ",None
290,Botulism toxin assay (blood test to diagnose botulism),"A test to detect the toxin of Clostridium botulinum, the bacterial toxin that causes botulism. The test can be done on blood, stool, vomit, or stomach contents.",None
291,Blood type,A blood test to identify a person's red blood cell type. A blood type is done prior to a blood transfusion to determine which type of blood to give a patient.  ,None
292,"Brain natriuretic peptide (BNP, blood test for heart failure)",A brain natriuretic peptide (BNP) test is a blood test done to help diagnose heart failure.,None
293,Caloric stimulation (test of ear and brain connection),"Caloric stimulation is a test which checks the connection between the balance system of the ear, the acoustic nerve and the part of the brain that controls balance. Warm or cold water placed in the ear causes specific rapid eye movements that help determine normal function.","Dizziness, nausea and vomiting"
294,Carboxyhemoglobin level (carbon monoxide blood test),The carboxyhemoglobin level is a measure of the amount of carbon monoxide in the blood. Carbon monoxide poisoning is a life threatening disease. Early diagnosis and removal from the toxic environment improves outcome.,None
295,Cardiac event monitor (recording of heart's electrical activity),"A cardiac event monitor is a heart monitor that a patient wears to detect difficult to diagnose heart rhythm abnormalities. The patient wears the monitor for up to 30 days. When symptoms such as lightheadedness or palpitations occur, the patient pushes a button to record an ECG strip. The recording can often be transmitted by phone to the monitor company.  ",None
297,Cervical culture (test for infection in female organ),During a pelvic exam the healthcare provider takes a sample from the cervix of the uterus using a swab. The sample is sent to the laboratory for bacterial culture. Most often this includes testing for gonorrhea and chlamydia.     ,None
298,"Chem-12 (comprehensive metabolic panel, blood test)","A Chem-12 is also called a Comprehensive Metabolic Panel (CMP) or a SMA-12. This test measures blood chemistries and proteins that help diagnose many conditions including diabetes, kidney and liver diseases. The Chem-12 tests for electrolytes (sodium, potassium, carbon dioxide, and chloride), kidney tests (creatinine, blood urea nitrogen), proteins (albumin, total protein), liver tests (alkaline phosphatase, alanine amino transferase, aspartate amino transferase, bilirubin), glucose and calcium. The electrolytes become abnormal for many reasons including dehydration and adverse reactions to medications. Kidney malfunction causes the creatinine and blood urea nitrogen to increase. Problems with the liver results in elevations in the liver tests. Diabetes is diagnosed by demonstrating elevated glucose levels.",None
299,Clotting studies (blood clot tests),Clotting studies measure the body's ability to clot blood. The most common tests done are the pro-time (PT) and activated partial thromboplastin time (PTT).,None
300,Colon biopsy (tissue sample large intestine),"A sample of the colon (large intestine) is taken through a colonoscope during a procedure called a colonoscopy. A colonoscope is a long tube with a camera on the end that enables the doctor to see the inside of the colon. The sample is then evaluated to diagnose inflammatory bowel disease, infections, polyps, cancer and other colon diseases.","Rectal bleeding, perforation of the colon. Perforation of the colon can cause a serious infection in the abdomen."
301,Coombs test (test for autoimmune cause of anemia),A blood test to identify antibodies that can bind to the surface of red blood cells and destroy them.,None
302,Compartment pressure measurement (measures inner muscle pressure),A needle is inserted into a muscle compartment and the pressure in the compartment is measured. ,"Injury to the muscles, nerves, or blood vessels. Infection at the needle insertion site. "
303,CSF culture (test for infection in brain fluid),"Cerebrospinal fluid (CSF) is the fluid that surrounds the brain and spinal cord. This fluid is cultured to identify bacteria, viruses, and fungi.",None
304,CT angiogram of the neck (x-ray images of neck),"A computerized tomography (CT) angiogram is a test to see detailed images of the blood vessels of the neck.  The test uses a CT scan and the injection of contrast dye. The study can identify blockages, tears and injury to the arteries of the neck that supply blood to the brain.","The contrast dye can injure the kidneys, especially if the person has underlying kidney disease. Some patients can have allergic reactions to the dye, which may be mild or severe. "
305,D-Dimer (blood test for blood clots ),"A D-Dimer is a blood test to help determine if a patient has an active blood clot in a leg or arm vein, or in the lungs. The test can be positive for other reasons besides a blood clot. If the test is positive other tests are generally performed such as an ultrasound of the legs or a CT scan of the chest.",None
306,Dexamethasone suppression test (blood test for hormonal abnormality),A blood test that measures the response of the adrenal glands to the synthetic form of cortisol called dexamethasone. A dose of dexamethasone is given at midnight and a blood test cortisol test is done the next morning. Normally the blood cortisol level will be very low after taking dexamethasone. The test is used to help diagnose why a patient has too much cortisol such as in Cushing's disease. ,None
307,Dix Hallpike maneuver (test for vertigo),An exam performed to help diagnose benign positional vertigo.  The doctor holds the patient's head and asks the patient to lie quickly backward over a table. The doctor will look for abnormal eye movements and ask if the patient feels a spinning sensation.,"Dizziness, nausea and vomiting"
308,Doppler ultrasound (ultrasound for blood vessels),A Doppler ultrasound is a test that can be used to measure blood flow in a vessel by bouncing high-frequency sound waves (ultrasound) off red blood cells in the vessel.,None
309,Drug screen,"A drug screen can be done on urine and/or blood. It is used to detect what drugs a patient has taken. It is most often used to detect illegal drugs like cocaine, PCP, and amphetamines. Its also used to test athletes for use of banned substances.",None
310,Endometrial biopsy (uterine biopsy),A procedure in which a tissue sample is taken from the lining of the uterus (endometrium). The sample is examined under a microscope.  It is usually performed to determine the cause of abnormal vaginal bleeding and to rule out endometrial cancer. ,"Pain, injury. Rarely perforation of the uterus occurs."
311,Esophageal manometry (esophageal pressure measurement),A test to measure the pressure inside the lower part of the esophagus. The test determines if the esophagus is contracting and relaxing normally. The study is done to help diagnose swallowing problems and chest pain.,Injury including the rare complication of perforation of the esophagus. Most patients are sedated. Rarely someone can have a bad reaction to the anesthesia.
312,"Erythrocyte sedimentation rate (ESR, blood test for inflammation )","ESR (erythrocyte sedimentation rate) is a blood test that often means there is inflammation in the body. It is only a screening test which means that it cannot diagnose a particular disease. If the ESR is high the doctor will perform further testing to find the cause, such as infection, autoimmune disease or other inflammatory disorder.",None
313,Fibrin degradation products (blood test for clotting disorder),A blood test for fibrin degradation products. They are the proteins and other microscopic material left behind when clots dissolve in the blood. The blood test is most often used to diagnose a serious abnormality of clotting called DIC (disseminated intravascular coagulation). DIC is most commonly seen in life threatening infections such as sepsis.,None
314,Fluorescein staining of cornea (eye),"This is a test that uses orange dye (fluorescein) and a blue light (ultraviolet light) to detect scratches, burns, and foreign bodies in the cornea of the eye. The test is most effective when used with a slit lamp.",None
315,"Follicle stimulating hormone (FSH, female hormone blood test)",FSH stands for follicle-stimulating hormone. This hormone is made by the pituitary gland. The FSH level can be measured in the blood. The FSH level rises above normal in menopause. A low FSH level occurs if there is a pituitary problem and may result in problems with sexual development or fertility. ,None
316,Fungal culture (test to detect fungus),"A culture to identify fungus. The culture can be done on blood, sputum, urine, cerebrospinal fluid (CSF), and tissue.",None
317,Glucose tolerance test (diabetes screening test),The glucose tolerance test is a laboratory test to diagnose diabetes. A patient is given a glucose drink and blood glucose levels are then measured to help diagnose diabetes. It is most often used in patients with mildly elevated fasting blood glucose and in pregnant women at 24-28 weeks to identify gestational diabetes.,None
318,Haptoglobin (measure of red blood cell destruction),Haptoglobin is a protein that is produced by the liver. The level can be measured with a simple blood test. Haptoglobin binds free hemoglobin and is helpful in diagnosing the destruction of red blood cells (intravascular hemolytic anemia). When red blood cells are destroyed hemoglobin is released into the blood vessels. This hemoglobin is then bound by haptoglobin causing a decrease in the haptoglobin level.  ,None
319,"Hemoglobin A1C (Hb A1C, measures blood glucose over time)",HbA1C is a test that determines the amount of glycated hemoglobin in your blood. The level of HbA1C depends upon the average blood sugar level over the prior 2 to 3 months. A high HbA1c indicates blood sugar levels above normal most of the time. The test is done to diagnose diabetes and measure how well a patient's blood glucose level is controlled.,None
320,Hepatitis profile (viral hepatitis blood test),"Blood tests that measure liver enzymes. Higher amounts of liver enzymes are released from the liver into the blood when the liver is inflamed, infected or injured. ",None
321,"HIDA scan (hepatobiliary iminodiacetic acid scan, gallbladder function test)",HIDA scan stands for hepatobiliary iminodiacetic acid scan. It is a test that measures the flow of bile from the liver and gall bladder to the small intestine. The procedure is done to diagnose problems with the bile ducts and gallbladder.,None
322,"HLA B27 (human leukocyte antigen B27, immune system blood test)","HLA-B27 (human leukocyte antigen B27) is a blood test to look for a specific protein found on the surface of white blood cells. Patients that have the HLA B27 protein are more likely to develop certain inflammatory diseases, such as reactive arthritis, sacroiliitis and ankylosing spondylitis.",None
323,Holter monitor (portable heart monitor),"A Holter monitor is a portable heart monitor that continuously records a patient's heart beat, usually for 24 hours. The device is used to help diagnose abnormal heart rhythms. A patient wears the device with electrodes attached to the chest. The monitor is then taken back to the doctor for analysis.",None
324,HSV culture (herpes simplex virus),"A culture used to detect the herpes simplex virus, usually taken from an abnormal area on the skin.",None
325,Hysteroscopy (camera examination of the uterus),"A hysteroscopy is a procedure to look inside the uterus. A small tube with a camera on the end is inserted into the vagina, through the cervix and into the uterus. The instrument may be equipped to allow the doctor to treat minor bleeding, take biopsies and remove small fibroids. ",Injury to the cervix or uterus causing pain and bleeding. Rarely the uterus can be punctured.
326,Joint fluid analysis (synovial fluid analysis),"A needle is inserted into a joint and fluid is removed. The fluid from the joint (synovial fluid) is analyzed for blood cells, bacteria, proteins and crystals. The test is used to diagnose joint infections, gout, certain types of arthritis, and traumatic injuries.","Pain and swelling at the needle insertion test site. Rarely infection of the skin or the joint. Injury to a tendon, nerve or blood vessel can rarely occur."
327,Ketones (fat breakdown measurement),"Ketones are a byproduct of rapid metabolism of fats in the body. The ketone level can be measured in the urine or the blood. Ketones become elevated in dehydration, starvation and uncontrolled diabetes with ketoacidosis (DKA).  ",None
328,Lactate (blood test for lactic acid),Lactate is produced and released into the blood stream when there is not enough oxygen being delivered to the tissues. This occurs most commonly during sustained intense exercise when the muscles are forced to use anaerobic metabolism. This is a normal reaction by the body. It is also seen in serious diseases where the blood pressure becomes too low such as sepsis. Doctors use a blood lactate level to estimate how well a patient is oxygenating their body.  ,None
329,"Luteinizing hormone (LH, pituitary gland hormone measurement)",Luteinizing hormone (LH) is a hormone produced by the pituitary gland. An increase in LH at mid-cycle of menses stimulates the ovary to release an egg (ovulate). Doctors most often order a blood LH test to help evaluate infertility or irregular vaginal bleeding.,None
330,Lipase (pancreatic blood test),Lipase is an enzyme produced by the pancreas to help digest dietary fats. The lipase blood level increases when the pancreas is damaged or inflamed (pancreatitis).,None
331,Lymph node biopsy (remove sample of lymph node),"Lymph node biopsy is a test in which a lymph node or a piece of a lymph node is removed for examination under a microscope. Doctors do this test to diagnose cancer,  infection and other diseases.",Pain and swelling at the biopsy site. Infection and injury to the surrounding tissues can occur.
332,Mono spot (blood test for mononucleosis),The mononucleosis spot test looks for antibodies in the blood. These are proteins that the bodys immune system produces when a person has mononucleosis caused by the Epstein-Barr virus (EBV). ,None
333,"Magnetic resonance cholangiopancreatography (MRCP, MRI image of bile ducts)","Magnetic resonance cholangiopancreatography (MRCP) is a test using a magnetic resonance imaging (MRI) machine to evaluate the liver, bile ducts, pancreas and pancreatic ducts.  ","Sometimes the test is performed with a dye called gadolinium. Gadolinium has been associated with a serious skin and connective tissue disease called nephrogenic systemic fibrosis (NSF). Patients with chronic kidney disease are at increased risk of developing NSF after gadolinium. More information can be found at http://www.fda.gov/Drugs/DrugSafety/DrugSafetyNewsletter/ucm142889. 
"
334,"Noninvasive vascular assessment (NIVA, ultrasound of blood vessels)","A NIVA uses sound waves (ultrasound) to look at the blood vessels and determine if there is normal blood flow or if the vessels contain a blood clot (deep vein thrombosis). The most common place to use a NIVA is on the legs, arms and neck. When done on the leg, it is called a LENI (lower extremity non-invasive).",None
335,Vasectomy (surgical male sterilization),A surgical procedure in which the tubes (vas deferens) that carry sperm from the testicles to the penis are cut and blocked. This procedure prevents the sperm from fertilizing the egg during intercourse. The procedure is considered a permanent form of birth control although it can sometimes be reversed with another surgery. The procedure is done in the office under local anesthesia.,"Patients can experience an infection at the surgical site consisting of redness, increased warmth, or a cloudy discharge from the wound. Bleeding at the site can cause swelling (hematoma) and pain. The large tube (epididymis) next to the sperm carrying tube (vas deferens) can become infected or inflamed. This is called epididymitis. Persistent scrotal discomfort can sometimes occur. Very rarely the procedure can fail and the patient is still able to impregnate his partner."
336,"Cholesterol (HDL, LDL, blood fat tests)","Cholesterol is a wax-like substance in the body and is necessary for normal body function. Having too much cholesterol can cause fatty deposits in the blood vessels (atherosclerosis) and lead to heart attacks and strokes. The blood test consists of total cholesterol, LDL cholesterol, and HDL cholesterol. Having high levels of LDL (bad cholesterol) increases one's risk of atherosclerosis while having high levels of HDL (good cholesterol) is associated with decreased risk.",None
337,Cosmetic ear surgery (otoplasty),"The most common reasons for performing otoplasty are to reduce the size of large ears, and to pin back ears that protrude too far from the head (ear pinning).      ","Complications include infection, areas of numbness and unsatisfactory results. Patients can infrequently have bad reactions to anesthesia."
338,Cosmetic cheek surgery (cheek implant),The most common type of cheek cosmetic surgery is a cheek implant or cheek augmentation. The procedure consists of building up the cheeks with silicone or other material to improve the cosmetic contours of the face.           ,"Complications include infection, areas of numbness and unsatisfactory results. If a foreign material is used such as silicone the patient's body can reject the material causing multiple symptoms and excessive scarring. Patients can infrequently have bad reactions to anesthesia."
339,Brazilian butt lift (cosmetic buttocks surgery),A particular type of buttocks lift where fat is removed from the thighs and lower back and placed in the buttocks area to produce a more cosmetic contour.,"Complications include blood clots, infection, areas of numbness and unsatisfactory results. Patients can infrequently have bad reactions to anesthesia."
340,Buttocks lift,A buttocks lift can be done alone or as part of a total body lift. The procedure is done to improve the contour of the buttocks. The surgeon can remove excess skin and/or add tissue by performing fat injections or an implant. The Brazilian butt lift is a particular buttocks lift.,"Complications include blood clots, infection, areas of numbness and unsatisfactory results. Patients can infrequently have bad reactions to anesthesia."
341,Tympanoplasty (ear drum repair),"Tympanoplasty is an eardrum repair. The surgeon repairs a damaged or perforated ear drum and sometimes the adjacent small bones of the middle ear. Typically a graft from a vein or muscle sheath is used, but occasionally an artificial material is required. Infection and trauma are the most common causes of ear drum damage.     ","Failure of the graft to heal, narrowing of the ear canal, scarring or adhesion's in the middle ear, hearing loss, dislocation of the prosthesis or facial nerve injury. The surgery can result in post-operative pain and/or infection. Patients can infrequently have bad reactions to anesthesia."
342,Stapedectomy (removal of middle ear bone),"During a stapedectomy the surgeon removes the innermost bone (stapes) of the three bones (the stapes, the incus, and the malleus) of the middle ear. The removed bone is replaced with a small plastic tube surrounding a short length of stainless steel wire. This procedure is performed to improve hearing loss that results from abnormal bone growth of the stapes (otosclerosis).","Complications include: increased hearing loss, vertigo (room spinning), damage to the other bones of the middle ear, facial nerve damage, perforated ear drum, temporary loss of taste, ringing in the ears (tinnitus), and infection. Occasionally the adverse effects are serious enough to require repeat surgery. Patients can infrequently have bad reactions to anesthesia."
343,Cochlear implant (implanted hearing device),A surgical procedure involving the implantation of an electronic hearing device that helps produce hearing sensations in patients with severe hearing loss. The person wears a device behind the ear that picks up sounds and sends signals to the implanted device.,"Complications may include: facial nerve damage, cerebrospinal fluid leakage, dizziness or vertigo, ringing in the ears (tinnitus), taste disturbances, numbness, and infection. Patients can infrequently have bad reactions to anesthesia."
344,Myringotomy and tympanostomy (ear tubes),The surgeon makes a small incision in the eardrum (tympanic membrane) to drain fluid. Most of the time a small tube (tympanoplasty tube) will be placed to prevent the fluid from re-accumulating. The most common cause of the fluid buildup is a chronic middle ear infection (otitis media).,"Complications include: persistent ear infection, thickening of the eardrum, persistent perforation after the tube falls out, chronic ear drainage, scarring of the eardrum, abnormal reaction to the tube, and infection. Patients can infrequently have bad reactions to anesthesia."
345,Deviated septum (septoplasty),"Surgical repair of a deviated septum is called a septoplasty. The surgery consists of removing, reshaping and repositioning the septum back to the center of the nose. The surgery is performed when the deviated septum causes frequent sinus infections, obstructive breathing, noisy breathing or frequent nosebleeds. ","Perforated septum, the need for a repeat surgery, and infection. Patients can infrequently have bad reactions to anesthesia."
346,Tonsillectomy (removal of tonsils),"Tonsillectomy is a surgical procedure to remove the tonsils. The tonsils are removed because of chronic infection, and also to relieve the obstruction in obstructive sleep apnea. Many times the adenoids are removed as well (adenoidectomy). ","Bleeding after surgery, injury to the soft palate and uvula, and infection. Patients can infrequently have bad reactions to the general anesthesia including allergic reactions.              "
347,Grommet removal (eardrum tube removal),A grommet is another name for a tympanoplasty tube. The tubes are usually removed after a year if they do not fall out on their own. The tubes are placed to drain fluid from the middle ear. ,Rarely damage to the eardrum or infection. 
348,Grommet insertion (eardrum tube insertion),A grommet is another name for a tympanoplasty tube. These tubes are placed in the eardrum to remove trapped fluid in the middle ear. The most common cause of the fluid accumulation is a chronic infection. The fluid causes hearing problems and sometimes dizziness. The tubes are usually left in for one year. Or the tube may come out on its own with healing of the eardrum.,Damage to the eardrum. All surgery comes with the risk of infection and blood clots. Patients can infrequently have bad reactions to the general anesthesia including allergic reactions.
349,KUB (x-ray of abdomen),"A KUB is an abdominal x-ray usually performed to look for intestinal blockage, free air (air that has escaped from the intestine because of a bowel perforation) or proper placement of a nasogastric (nose to stomach) tube.",A KUB requires only a small amount of radiation and is considered a safe procedure.
350,Renal ultrasound (kidney ultrasound),"An ultrasound (sonogram) consists of high frequency sound waves. A renal ultrasound is done to evaluate the kidney's size, position, and shape. The test can help diagnose kidney stones, tumors, and cysts. A Doppler ultrasound exam may also be performed to evaluate blood flow to the kidneys.",None
351,Scrotal ultrasound (ultrasound of contents of testicle sac),"An ultrasound (sonogram) consists of high frequency sound waves. A scrotal ultrasound can detect fluid collections, cysts, tumors and inflammation. A Doppler ultrasound exam may also be performed to evaluate blood flow to the testes. This is a good test to help diagnose testicular torsion (a twisted testicle that cuts off blood supply).",None
353,Cystoscopy with retrograde pyelography (x-ray evaluation of urinary system),"Along with cystoscopy the provider injects contrast into one or both ureters. These are the tubes that connect the bladder to the kidneys. An x-ray is done enabling a view of the ureters and kidneys. The procedure can detect kidney stones, strictures, cysts, and tumors.            ","Perforation of the bladder, injury of the ureter, or allergic reaction to the contrast dye. Infection after the procedure."
354,Ureteroscopy (camera examination of tubes between kidney and bladder),A small lighted tube is inserted through the urethra and bladder into the ureter (the tube connecting the bladder and kidneys). The scope is equipped with an instrument that can open blockages and/or help remove kidney stones stuck in the ureter.  ,Infection. Rarely bladder or ureter perforation. Patients can infrequently have a bad reaction to anesthesia. 
355,Transrectal ultrasound with prostate biopsy (ultrasound guided prostate tissue sample),"A diagnostic imaging procedure to guide prostate biopsy. An ultrasound (sonogram) consists of high frequency sound waves. An ultrasound device is inserted into the rectum to view the prostate, measure the prostate size and identify areas of concern. The device has an attachment that can take needle biopsies. The procedure is done to diagnose cancer.",The main risks of the procedure include infection and bleeding from the rectum or bladder. There may be blood in the semen with ejaculation for 2-3 weeks following the procedure.
356,"GreenLight PVPTM (Photo-selective Vaporization of the Prostate, laser)",GreenLight PVPTM (Photo-selective Vaporization of the Prostate) is a laser treatment for benign prostatic hyperplasia to reduce prostate size. During the procedure a thin fiber is inserted into the urethra through a cystoscope and green laser energy is applied to the prostate. The reduction in the size of the prostate allows better urinary flow.,"Complications include: bleeding from the bladder, infection, and painful urination. Longer term complications include retrograde ejaculation, incontinence, and erectile dysfunction (impotence)."
357,Prostate needle biopsy (needle tissue sample of prostate),A fine needle is inserted into the prostate to obtain tissue for analysis. The procedure is done to diagnose prostate cancer.,"Infection, bleeding at the biopsy site. There may be blood in the semen with ejaculation for 2-3 weeks following the procedure.  "
358,"Cystometrogram (CMG, bladder function test)","A cystometrogram measures the bladder's ability to store, contract, and expel urine. A catheter is inserted into a patient's bladder and fluid is inserted to fill the bladder. Pressure measurements are taken after the catheter is removed and the person tries to urinate. The test is generally done when people have problems with urinary retention and/or incontinence.","Complications include: painful urination after the procedure, infection, and noticeable blood in the urine. "
359,"Prostate specific antigen (PSA, prostate cancer screening blood test)","Prostate-specific antigen (PSA) is a protein produced by cells of the prostate gland. The level is measured with a blood test. The amount of PSA increases as the prostate enlarges with age. PSA levels also increase from prostate infections, with prostate cancer, and with trauma to the prostate. The levels are followed over time and are used by the provider to map out a treatment plan. Not all patients with an elevated PSA require further evaluation and/or treatment. Discussions with the treating doctor and patient will determine the best options.",None
360,"Carpal tunnel surgery  (open release surgery, wrist nerve)",Open release surgery is performed to treat carpal tunnel syndrome. A 2-inch incision is made over the wrist.The carpal tunnel ligament is cut to make more room in the carpal tunnel and take pressure off the median nerve. The procedure is generally done as an outpatient under local anesthesia. ,"Complications include: infection, nerve injury, and/or wrist stiffness. Pain may persist despite surgery. "
361,"Urinalysis (UA, microscopic examination of urine)","A urinalysis is a simple and common test to help detect urinary tract infections, and other bladder and kidney problems. The urine is analyzed for the presence of protein, blood, glucose and other substances. The urine is also examined under microscope for white blood cells, red blood cells and bacteria. The presence of white blood cells indicates an infection and red blood cells are seen in traumatic injuries, kidney stones and other diseases.",None
362,Blood test for heart damage (troponin test),Troponin is a protein that is released into the blood stream when heart muscle is damaged.  A blood test for troponin and an electrocardiogram (ECG) are the most commonly used tests to diagnose a heart attack.,None
364,"Angiogram, arm (x-ray of upper extremity blood vessels)","An angiogram is a procedure that uses x-ray imaging to see the inside of the arteries. An intravenous dye is injected into the artery of the arm and x-rays are taken to view the blood vessel. The test is done to detect blockages of the artery, tears of the artery, and abnormal enlargements of the artery called aneurysms. ",The artery can be damaged when the needle is inserted into the vessel. Patients can have an allergic reaction to the intravenous dye and rarely the reaction can be life threatening. The dye can also injure the kidneys. Patients with pre-existing kidney disease and diabetes are more likely to develop kidney damage from the dye.
367,Endoscopic carpal tunnel surgery (minimally invasive wrist surgery),Traditional carpal tunnel surgery requires a 2 inch incision to reach the carpal ligament. With the endoscopic technique one or two 1/2 inch incisions are made. A small camera is inserted into the incision to visualize and cut the carpal ligament causing the constriction and pressure on the median nerve. The procedure is generally done as an outpatient under local anesthesia.,"Complications include: infection, nerve injury, wrist stiffness, and/or wrist weakness. Pain may persist despite surgery."
369,Cervical discectomy (neck disc surgery),"Cervical discectomy with fusion involves relieving the pressure on the nerves or spinal cord by removing the offending disc. A bone graft is placed between the bones above and below where the disc was removed, which fuses the two bones together. The surgeon reaches the disc by making an incision in the front of the neck (anterior) and the operation is often called an anterior cervical discectomy. Hardware may be inserted to help stabilize the bones and speed healing after surgery.                ","Complications include: hoarseness, swallowing problems, degeneration of the adjacent vertebrae, fractures of the hardware installed, migration of the bone graft requiring a second surgery, nerve damage and chronic pain. All surgery comes with the risk of infection and blood clots. Patients can infrequently have bad reactions to the general anesthesia."
370,Decompression laminectomy (removal of back of spinal bones),"Decompression laminectomy is the removal of the entire bony lamina, a portion of the enlarged facet joints, and the thickened ligaments overlying the spinal cord and nerves. The lamina are two broad plates, extending posteriorly from the pedicles, fusing together to complete the roof of the vertebral arch. Reasons for this surgery include spinal stenosis, degenerative disk disease, herniated disc, and sciatica.","Complications include: Nerve damage, persistent pain. All surgery comes with the risk of infection and blood clots. Patients can infrequently have bad reactions to anesthesia."
371,Foraminotomy (spinal nerve decompression),Foraminotomy is a surgical procedure done to relieve pressure on a nerve as it exits the spinal canal. The openings to allow nerves to exit the spine are called neural foramina. Most often the pressure is cause by bone spurs or ligaments. The most common reason for the surgery is sciatica or other persistent nerve pain caused by a narrowed neural foramen.  ,Complications include: nerve damage or persistent pain. All surgery comes with the risk of infection and blood clots. Patients can infrequently have bad reactions to anesthesia.
372,Lumbar fusion (surgical fusion of lower spine vertebrae),"A lumbar fusion is the locking together (fusing) of multiple spinal vertebrae of the back to help relieve the pressure placed on the nerves from movement of the spine. The surgeon removes the disc material between the vertebrae and replaces it with a bone graft. Sometimes metal hardware is placed to bridge the vertebrae as well. The bone graft can be taken from the patient's hip (autograft bone) during the spine fusion surgery, harvested from cadaver bone (allograft bone) or manufactured (synthetic bone graft substitute). Reasons for the surgery include pain and numbness caused by a herniated disc, spinal stenosis, and spondylolisthesis.","Complications include: vertebrae failing to fuse, hardware fracture, bone graft migration, nerve damage or persistent pain. All surgery comes with the risk of infection and blood clots. Patients can infrequently have bad reactions to anesthesia."
373,Anterior cervical fusion (neck fusion),"An anterior cervical fusion is the locking together (fusing) of multiple spinal vertebrae of the neck to help relieve the pressure placed on the nerves from movement of the spine caused by spinal stenosis, herniated disc, and bone spurs. The surgeon approaches the spine from the front of the neck (anterior), removes the disc material between the vertebrae, and replaces it with a bone graft. The bone graft allows the vertebrae to fuse together. The bone graft can be taken from the patient's hip (autograft bone) during the spine fusion surgery, harvested from cadaver bone (allograft bone) or manufactured (synthetic bone graft substitute). Hardware may be used to help bridge the vertebrae together. ","Complications include: hoarseness, swallowing problems, degeneration of the adjacent vertebrae, failure of the hardware installed, migration of the bone graft, nerve damage and chronic pain. All surgery comes with the risk of infection and blood clots. Patients can infrequently have bad reactions to anesthesia."
374,Posterolateral gutter fusion (surgical fusion of spinal bones),"A posterolateral gutter fusion is a type of lumbar fusion. A lumbar fusion is the locking together (fusing) of multiple spinal vertebrae of the back to help relieve the pressure placed on the nerves from movement of the spine. The surgeon approaches the spine from the posterior lateral area of the back. Disc material between the vertebrae is removed, and replaced it with a bone graft.  Metal hardware may be used to help bridge the vertebrae together. The bone graft can be taken from the patient's hip (autograft bone) during the spine fusion surgery, harvested from cadaver bone (allograft bone) or manufactured (synthetic bone graft substitute). Reasons for the surgery include pain and numbness caused by a herniated disc, spinal stenosis, and spondylolisthesis.","Complications include: vertebrae failing to fuse, hardware fracture, bone graft migration, nerve damage or persistent pain. All surgery comes with the risk of infection and blood clots. Patients can infrequently have bad reactions to anesthesia."
375,"Posterior lumbar interbody fusion (PLIF, fusion of lower spinal bones)","A type of lumbar fusion procedure. A lumbar fusion is the locking together (fusing) of multiple spinal vertebrae of the back to help relieve the pressure placed on the nerves from movement of the spine. The procedure is done from the back and includes removing the disc between two vertebrae and inserting a bone graft into the space created between the two vertebral bodies. The bone graft can be taken from the patient's hip (autograft bone) during the spine fusion surgery, harvested from cadaver bone (allograft bone) or manufactured (synthetic bone graft substitute). Reasons for the surgery include pain and numbness caused by a herniated disc, spinal stenosis, and spondylolisthesis. ","Complications include: vertebrae failing to fuse, hardware fracture, bone graft migration, nerve damage or persistent pain. All surgery comes with the risk of infection and blood clots. Patients can infrequently have bad reactions to anesthesia."
376,"Anterior lumbar interbody fusion (ALIF, fusion of back bones)","A type of lumbar fusion procedure. The surgery is done by approaching the spine from the front though the abdomen. The disc material between two vertebrae is removed and bone material is inserted to produce the fusion. Sometimes a posterior fusion is performed as well. Reasons for the surgery include pain and numbness caused by a herniated disc, spinal stenosis, and spondylolisthesis. ","Complications include: vertebrae failing to fuse, hardware failure, bone graft migration, nerve damage or persistent pain. All surgery comes with the risk of infection and blood clots. Patients can infrequently have bad reactions to anesthesia."
377,"Anterior posterior spinal fusion (fusion of front, back of spine)","A type of lumbar fusion. The surgeon performs both anterior and posterior fusion to achieve maximum spine stability. A lumbar fusion is the locking together (fusing) of multiple spinal vertebrae of the back to help relieve the pressure placed on the nerves from movement of the spine. Reasons for the surgery include pain and numbness caused by a herniated disc, spinal stenosis, and spondylolisthesis. Hardware is often used to stabilize the spine. This type of surgery is usually done when the spine is particularly unstable.","Complications include: vertebrae failing to fuse, hardware failure, bone graft migration, nerve damage or persistent pain. All surgery comes with the risk of infection and blood clots. Patients can infrequently have bad reactions to anesthesia."
378,Disc replacement (spinal disc replacement),Replacing the damaged disc between the vertebrae with an artificial disc is an alternative to a spinal fusion for chronic back and neck pain secondary to degenerative disc disease and a herniated disc.,Complications include: chronic pain form nerve damage; a necessary repeat surgical procedure from failure of the artificial disc. All surgery comes with the risk of infection and blood clots. Patients can infrequently have bad reactions to anesthesia.
379,"Deep Brain Stimulation (DBS, electrode implantation in brain)","Deep brain stimulation (DBS) is a neurosurgical treatment which involves the implantation of a brain pacemaker that stimulates the brain with mild electrical signals. The procedure is done to treat Parkinson's disease not responding to drug therapy. It has also been used to treat chronic pain, tremor and dystonia.","Complications include changes in personality and behavior such as: apathy, hallucinations, compulsive gambling, hypersexuality, cognitive dysfunction, and depression. Risks from anesthesia depend on the type use for the procedure."
380,"Anterior cervical corpectomy (removal of neck bone, disc)",The spine is approached from the anterior (front) part of the neck. The surgeon removes a vertebra and disc material that is causing pressure on the spinal cord (spinal stenosis). The surgeon then proceeds with a neck fusion using hardware to stabilize the spine. ,"Complications include: hoarseness, swallowing problems, degeneration of the adjacent vertebrae, failure of the hardware installed, migration of the bone graft, nerve damage and chronic pain. All surgery comes with the risk of infection and blood clots. Patients can infrequently have bad reactions to the general anesthesia."
381,"Microdiscectomy (removal of small portion of disk, bone in spine)",A small portion of the bone and/or disc material that is impinging on the nerve is removed. The procedure is done to relieve the pain of a herniated disc. The surgery is more effective in relieving leg pain than back pain and is much less invasive than a total removal of the disc and fusion.,Complications include chronic pain and failure of the procedure requiring a repeat procedure. All surgery comes with the risk of infection and blood clots. Patients can infrequently have bad reactions to anesthesia.
382,Percutaneous discectomy (minimally invasive removal of spinal disk),Small instruments are inserted through the skin into the disc between the vertebrae. The disc material is removed by cutting it out or using a laser to remove the material. X-rays are used to guide the instrument. The procedure is done to relieve the pain of a herniated disc. It can usually be performed using local anesthesia.,"Complications include infection, persistent pain and failure of the procedure requiring a repeat procedure. "
383,Percutaneous endoscopic laser discectomy (minimally invasive laser removal of spinal disk),Percutaneous endoscopic laser discectomy is a type of percutaneous discectomy where the surgeon uses a laser to remove the disc material. A small laser is inserted through the skin guided by x-rays. The procedure is done to relieve the pain of a herniated disc. It can usually be performed using local anesthesia. ,"Complications include infection, persistent pain and failure of the procedure requiring a repeat procedure. "
384,Percutaneous pedicle screws (minimally invasive spinal stabilization),"Pedicle screws are used to stabilize the spine and allow the vertebrae to fuse. Pedicle screws are connected with rods. These screws are usually placed through an open incision. In the percutaneous route the screws are placed through a small skin incision, often referred to as a minimally invasive technique.      ","Complications include: vertebrae failing to fuse, hardware fracture, nerve damage and/or persistent pain. All surgery comes with the risk of infection and blood clots. Patients can infrequently have bad reactions to anesthesia."
385,"Transforaminal lumbar interbody fusion (TLIF, lower back spinal fusion)","Transforaminal lumbar interbody fusion (TLIF) is a type of lumbar fusion. A lumbar fusion is the locking together (fusing) of multiple spinal vertebrae of the back to help relieve the pressure placed on the nerves from movement of the spine. The bone graft can be taken from the patient's hip (autograft bone) during the spine fusion surgery, harvested from cadaver bone (allograft bone) or manufactured (synthetic bone graft substitute). The front portion of the spine is stabilized with a bone graft and interbody spacer. The rear column is secured in place with pedicle screws, rods, and bone graft.","Complications include: vertebrae failing to fuse, hardware fracture, bone graft migration, nerve damage and/or persistent pain. All surgery comes with the risk of infection and blood clots. Patients can infrequently have bad reactions to anesthesia."
386,Vertebroplasty (minimally invasive treatment of spine fracture),Vertebroplasty is a procedure used to treat compression fractures of the thoracic and lumbar spine. Using x-ray guidance a needle is inserted into the compressed vertebra and acrylic cement is inserted. When the cement dries the bone regains stability and strength.      ,"Complications include: leaking of acrylic cement outside of the vertebral body, infection, bleeding, numbness, and tingling. The patient may continue to have back pain following the procedure. "
387,Lumbar facet rhizotomy (deadening of spinal nerves with heat),A procedure that is used to treat lower back pain being caused by an irritated nerve near a facet joint of the lower back. A needle is inserted into the back near the nerve causing the pain. A small wire is passed through the needle and a radio frequency current is used to deaden the nerve.         ,"Complications include bleeding, infection, and nerve damage. Nerve damage can result in increased pain, numbness, and/or leg weakness. "
388,Lumbar facet joint injection (low back joint injection for pain),A procedure that is used to treat lower back pain being caused by an irritated nerve near a facet joint of the lower back. A needle is inserted near the irritated nerve causing the pain. A local anesthetic and a corticosteroid are injected into the area. The anesthetic usually gives some immediate relief and the corticosteroid may diminish pain for months. If the pain returns a more permanent procedure such as a lumbar facet rhizotomy is considered.       ,"Complications include bleeding, infection, allergic reaction, and nerve damage. Nerve damage can result in increased pain, numbness and/or leg weakness. "
389,"Epidural steroid injection (ESI, injection into space around spinal cord)","An epidural steroid injection is performed to help relieve back pain or leg pain caused by spinal stenosis, degenerative disc disease, sciatica, spondylolysis, or a herniated disc. A needle is inserted into the sac surrounding the spinal cord and nerves but does not enter the area containing the spinal cord. A local anesthetic and a corticosteroid are injected into this area. The anesthetic usually gives some immediate relief and the corticosteroid may diminish pain for several weeks or more. ","Complications include bleeding, infection, allergic reaction, and nerve damage. Nerve damage can result in increased pain, numbness and/or leg weakness."
390,Arthrography (x-ray of joint),Arthrography is performed to outline the joints and ligaments. A dye is inserted into the joint and x-rays are taken to identify any injuries.        ,"Infection, bleeding, or allergic reaction to the dye."
391,Bone scintigraphy (bone scan),"Bone scintigraphy, also called a bone scan, is a diagnostic test to create images of bones for evaluation. Radioactive material is injected into a blood vessel and collects in the bones. It is then detected by a scanner. A bone scan detects increased metabolic activity and can be used to diagnose bone infections, fractures or cancer.",Rarely an allergic reaction to the injected radioactive material can occur.
392,"Electromyogram (EMG, recording of muscle electricity)","An electromyogram (EMG), also called electromyography, is a test that measures the electrical activity of the muscle at rest and with contractions. The impulses are measured by inserting needle electrodes into the muscle. The EMG graphs this electrical activity. An EMG is used to help diagnose diseases, such as muscular dystrophy, myositis (inflammation of the muscles), peripheral nerve damage, amyotrophic lateral sclerosis, myasthenia gravis, carpal tunnel syndrome, and a pinched nerve from a herniated disc.",Complications are rare. The nerve or muscle can be irritated from insertion of the electrodes.
393,Video fluoroscopy (x-rays that capture motion of a body part),"Video fluoroscopy uses a video to capture and store a rapid series of x-ray pictures as a person performs a bodily function, such as swallowing. The video enables the doctor to watch the function of the body in real time motion. It is used most often to detect swallowing problems.",Complications of a single video swallow are rare. 
394,"Carpal tunnel release (mini open technique, wrist nerve)","In the mini open carpal tunnel release the surgeon makes a 1 inch incision over the carpal tunnel ligament to allow direct visualization during the procedure. Through this small incision the carpal tunnel ligament is cut releasing the pressure on the median nerve. The procedure is done to help relieve numbness, pain and weakness in the hand. This technique tends to cause less pain and it may minimize scarring and stiffness afterward.","Complications include: pain, increased numbness and tingling, infection, scarring, stiffness and diminished wrist strength."
395,Needle aponeurotomy (minimally invasive treatment of bent fingers),Needle aponeurotomy is a procedure to reduce the contraction caused by the diseased palmar fascia in Dupuytren's contracture. Very small puncture wounds are made in the hand and the tip of a needle is used to divide the contracted palmar fascia.,Complications include infection from the needle insertion and/or nerve damage.
396,Arthroplasty (joint surgery),Arthroplasty is the general term for surgery to improve joint function. The most common type is to replace the affected joint with an artificial joint. Other techniques involve removing bone and scar tissue around the joint to increase movement.      ,"Complications include bleeding, infection, blood clots and reactions to anesthesia. Other complications are dependent on the joint being repaired.  "
397,Joint fusion (arthrodesis),Joint fusion is surgery that decreases the movement of the joint. It can be done on any joint in the body and is usually performed to improve stability and decrease pain.          ,"Complications include bleeding, infection, blood clots and reactions to anesthesia. Other complications are dependent on the joint being fused.  "
398,Knee arthroplasty (knee replacement),"A surgical procedure to replace the knee with an artificial joint. The damaged cartilage and bone of the knee joint (tibia, femur, and patella) are replaced with a combination of metal and plastic components. The most common reasons for knee replacement are arthritis and other conditions which deteriorate the cartilage and bone of the joint.","Knee stiffness, blood loss and nerve injury are risks. The surgery can result in post-operative pain, infection or blood clots of the legs (deep vein thrombosis) or lungs (pulmonary embolus). Patients can infrequently have bad reactions to the general anesthesia including allergic reactions and very rarely a heart attack or stroke."
399,Hip arthroplasty (hip replacement),A surgical procedure to replace the hip with an artificial joint. The cup shaped hip socket and the ball of the thigh bone are replaced with metal and plastic components.  The most common reasons for hip replacement are arthritis and other conditions which deteriorate the cartilage and bone of the joint.,"Joint dislocation, bone fracture, hardware fracture, loosening of the joint, and change in leg length are all risks. The surgery can result in post-operative pain, infection or blood clots of the legs (deep vein thrombosis) or lungs (pulmonary embolus). Patients can infrequently have bad reactions to the general anesthesia including allergic reactions and very rarely a heart attack or stroke."
400,Arthroscopic surgery (joint surgery using camera),Arthroscopic surgery involves the insertion of a tube with a camera into the joint and examination of the inside of the joint. Many times the problem can be identified and repaired at the same time. Many joints can be repaired with this procedure but the knee is the most common.            ,"Complications include infection, injury to the joint, ligaments, cartilage, nerves or blood vessels. Patients can infrequently have bad reactions to anesthesia."
401,Rotator cuff repair (shoulder muscle repair),"The rotator cuff is part of the shoulder joint and is made up of 4 muscles and tendons. Surgery is done primarily to repair the tendons, and remove bone spurs. The procedure can be performed through a larger incision (open technique) or through a tube with a camera requiring only a small incision (arthroscopic technique).","Complications include infection, injury to the joint, ligaments, cartilage, nerves or blood vessels. Patients can infrequently have bad reactions to anesthesia. Stiffness of the shoulder, failure of the surgery to relieve symptoms, failure of the repair to heal and weakness of the shoulder may occur."
403,Laparoscopic banding (weight loss surgery),A type of weight loss surgery. The surgeon inserts a band around the upper part of the stomach creating a small pouch. This procedure makes the stomach smaller causing patients to feel full after eating small amounts of food. The procedure has been demonstrated to help patients lose weight and decrease the risk of type 2 diabetes. Some patients that already have diabetes have normal sugar levels after the surgery. There are different types of bands. Some are adjustable by adding or removing fluid from the band through a valve under the skin.,"Complications include: injury to the stomach, frequent nausea and vomiting, damage to the surrounding intestines, inflammation of the stomach (gastritis), heartburn, stomach ulcers, and malnutrition. Scarring inside the abdomen can result in intestinal obstruction. All surgery comes with the risk of infection and blood clots. Patients can infrequently have bad reactions to anesthesia."
404,Disk removal (spinal disk removal),"A surgical procedure to remove part of a herniated disk in the spine. This can relieve some of the pressure on a nerve causing pain in the neck, back or leg.","Spinal fluid leak and nerve injury. A recurrent herniated disc can occur. Any surgery can result in pain, infection or blood clots of the legs (deep vein thrombosis) or lungs (pulmonary embolus). Patients can infrequently have bad reactions to anesthesia."
405,Tenotomy (cutting of a tendon),"Tenotomy is the cutting of a tendon. The procedure is done to lengthen a muscle that has been shortened. It is most commonly done to treat a club foot, a contracted bicep or a shortened Achilles tendon.         ","Complications include injury to the joint, ligaments, cartilage, nerves or blood vessels. All surgery comes with the risk of infection and blood clots. Patients can infrequently have bad reactions to anesthesia."
406,Ganglion cyst removal,"Ganglion cyst removal, or ganglionectomy, is the removal of a fluid filled sac found over the wrist, finger or bottom of the foot. The procedure consists of draining the fluid with a needle, followed by removal of the cyst surgically.","Complications include injury to the joint, ligaments, cartilage, nerves or blood vessels. All surgery comes with the risk of infection."
407,Bone grafting (bone replacement),"Bone grafting is a procedure that places bone in an area to stimulate bone growth. The procedure is commonly performed when a fracture doesn't heal correctly, to strengthen a bone, or to fuse a joint. If the bone comes from another person it is called an allograft. The most common allograft donors are from a person who has died (cadaver donor). If the bone graft is taken from the patient it is called an autograft. The most common donor sites for an autograft are the pelvis and lower leg.        ",Failure of the graft to stimulate bone growth.  All surgery comes with the risk of infection.
408,Bankart procedure (shoulder stabilization surgery),"A Bankart procedure, also known as a Broca-Perthes-Bankart procedure, is performed to stabilize a shoulder that is frequently coming out of joint (dislocating). The surgery can be performed through a skin incision (open procedure) or through an arthroscope.","Complications include infection, injury to the joint, ligaments, cartilage, nerves or blood vessels. Patients can infrequently have bad reactions to anesthesia. Stiffness of the shoulder, failure of the surgery to relieve symptoms, and/or failure of the repair to stop recurrent dislocations may occur."
409,Shoulder joint replacement,"Shoulder joint replacement surgery involves replacing the joint with a prosthesis. Reasons for the procedure include chronic pain and loss of movement from joint damage. The most common causes of joint damage include: osteoarthritis, rheumatoid arthritis, trauma including fractures, rotator cuff injuries, avascular necrosis, and failed previous shoulder surgeries. Most patients can perform simple tasks 2 weeks after surgery.","Complications include infection, injury to the joint, ligaments, cartilage, nerves or blood vessels. Patients can infrequently have bad reactions to the general anesthesia. The surgery may not relieve the stiffness or chronic pain of the shoulder.  Additional complications may include:  dislocation of the artificial joint, loosening of the artificial joint over time, or allergic reaction to the artificial joint."
410,Hip osteotomy (hip joint reshaping),"A surgical procedure in which the bones of the hip joint are cut, reoriented, and fixed in a new position. The procedure is performed to orient the weight bearing of the femur in line with areas of healthy cartilage. Typically a metal plate or pin is placed to keep the femur in its new orientation. Two common types of hip osteotomy are varus rotational osteotomy and pelvic osteotomy.","Complications include injury to the joint, ligaments, cartilage, nerves or blood vessels. All surgery comes with the risk of infection and blood clots. Patients can infrequently have bad reactions to the general anesthesia. The surgery may not relieve the stiffness or chronic pain of the hip."
411,Hip revision surgery (artificial hip joint repair),Hip revision surgery (total hip arthroplasty) is a procedure that repairs a previous hip replacement surgery. The surgeon removes the artificial hip joint (prosthesis) and replaces it with a new artificial joint. Sometimes a bone graft will be performed as well. The most common reasons for an artificial joint to stop functioning are normal wear and tear and infection. ,"Complications include injury to the joint, ligaments, cartilage, nerves or blood vessels. All surgery comes with the risk of infection and blood clots. Patients can infrequently have bad reactions to the general anesthesia including allergic reactions and very rarely a heart attack or stroke. The surgery may not relieve the stiffness or chronic pain of the hip. Additional complications may include:  dislocation of the artificial joint, loosening of the artificial joint over time, or allergic reaction to the artificial joint."
412,Knee revision surgery (artificial knee joint repair),Knee revision surgery (total knee arthroplasty) is a procedure that repairs a previous knee replacement surgery. The surgeon removes the artificial knee joint (prosthesis) and replaces it with a new artificial joint. Sometimes a bone graft will be performed as well. The most common reasons for an artificial joint to stop functioning are normal wear and tear and infection. ,"Complications include injury to the joint, ligaments, cartilage, nerves or blood vessels. All surgery comes with the risk of infection and blood clots. Patients can infrequently have bad reactions to the general anesthesia including allergic reactions and very rarely a heart attack or stroke. The surgery may not relieve the stiffness or chronic pain of the knee. Additional complications may include:  dislocation of the artificial joint, loosening of the artificial joint over time, or allergic reaction to the artificial joint."
413,Finger reattachment,Surgery performed to reattach an amputated finger. The amputated finger should be wrapped in clean moist dressing (preferably sterile gauze) and placed in a plastic bag and brought to the hospital or doctor as quickly as possible.                   ,"Infection, a reaction to anesthesia and/or failure of reattachment. "
415,Kneecap removal (patellectomy),"The removal of the kneecap also called patellectomy. The patella may be removed because of persistent or very frequent patella dislocations, chronic pain or after severe fractures.","Complications include injury to the joint, ligaments, cartilage, nerves or blood vessels.  All surgery comes with the risk of infection and blood clots. Patients can infrequently have bad reactions to anesthesia. The surgery may result in knee stiffness and may not improve chronic knee pain. "
416,Shoulder resection arthroplasty (shoulder joint surgical repair),Surgery that removes the end of the collar bone (clavicle) and reconstructs the acromio clavicular (AC) joint. Injury or arthritis can damage the AC joint leading to decreased shoulder motion and pain. This procedure helps to relieve these symptoms. ,"Complications include injury to the joint, ligaments, cartilage, nerves or blood vessels. All surgery comes with the risk of infection and blood clots. Patients can infrequently have bad reactions to the general anesthesia. The surgery may not relieve the stiffness or chronic pain of the shoulder."
417,Leg lengthening and shortening,"A surgical procedure that is performed to correct leg length differences.  Surgery consists of lengthening a leg, shortening a leg or preventing a leg from continued growth. The type of surgery depends on the amount of length difference between the two legs and the age of the patient. Surgery is usually performed early in life.","Complications include injury to the joint, ligaments, cartilage, nerves or blood vessels. All surgery comes with the risk of infection and blood clots. Patients can infrequently have bad reactions to anesthesia. The surgery may not produce the desired result."
418,Webbed finger or toe repair,"Surgery performed to repair a birth defect consisting of fusion of the fingers or toes, also called syndactyly. The tissue between the fused fingers or toes usually consists of just skin. Rarely there can also be bone, nerves, muscle and/or blood vessels. The most commonly affected digits are the long and ring fingers, and the second and third toes. Surgical repair is usually performed between the ages 6 and 24 months. Rarely webbing of the fingers or toes occurs from severe burn injuries.","Complications are uncommon, but may include infection or reaction to the anesthesia. The surgery may not produce the desired result."
420,"Ultraviolet light B (UVB, skin disease light treatment)",UVB is ultraviolet light B and is a form of phototherapy used to treat psoriasis. There is a narrow and wide band type of UVB. Studies have revealed the narrow band to be more effective. The UVB penetrates the skin and slows down the growth of skin cells that cause psoriasis. The treatments are done on a regular basis and can be given in the office or in the home.,"Initially there may be nausea, itching, and skin redness. These side effects usually diminish with further treatments."
421,"PUVA treatment (UVA and psoralen, light therapy)","PUVA is UVA (ultraviolet light A) combined with the medication psoralen to treat psoriasis. Psoralen can be applied topically or taken as a pill. UVA alone is not effective. PUVA works the best on guttate psoriasis, stable plaque psoriasis, and psoriasis involving the soles of the feet and palms of the hands.","Initially there may be nausea, itching, and skin redness. These side effects usually diminish with further treatments."
422,Mohs micrographic surgery (skin cancer removal surgery),"An office based surgery that removes skin cancer. It is most effective for basal cell carcinomas but is also used for squamous cell cancers and certain types of melanomas. The doctor removes very thin layers of cells and each layer is immediately viewed under a microscope to ensure all the cancer is removed while minimizing the amount of damage done to healthy tissue. The procedure is recommended for cancers where a scar would be very visible, in cancers with hard to determine borders, and for large aggressive cancers. ","Bleeding, pain and infection are the most common side effects. "
423,Blue light acne treatment (light therapy),"A high intensity narrow band of blue light is applied to areas of acne to kill the bacteria thought to cause acne, Propionibacterium acnes (P. acnes). Since these bacteria grow rapidly multiple treatments are needed.","Swelling, redness, stinging and burning following treatment."
424,Microcurrent facial (non-invasive electrical face lift),A non-surgical technique that is thought to improve the appearance of the skin. Gentle electric currents are used to stimulate the skin cells to produce chemicals that improve the appearance of the skin. The procedure is painless and does not require any anesthesia. ,Mild irritation of the skin.  
425,Thermage (noninvasive cosmetic skin procedure),A procedure that uses radio waves to tighten and firm the skin. Can be used to remove wrinkles and unwanted contours. The radio waves heat up a protein in the skin called collagen causing it to contract. The contraction of the collagen causes the skin to tighten and remove wrinkles. Initially the procedure was only performed on the face but now can be used in other areas of the body. The procedure takes about an hour in the doctor's office. Thermage is best recommended for wrinkles that are less than 2mm in depth. The results last 6-24 months.,"Swelling, redness, blisters, peeling, bumps and/or dimpling. Side effects are rare and generally resolve in a short period of time."
427,"Endoluminal gastroplication (ELGP, minimally invasive GERD treatment)",A treatment for chronic gastroesophageal reflux disease (GERD). The doctor performs an endoscopy (a flexible tube with a cameras inserted through the mouth into the esophagus). Through the endoscope pieces of esophagus are sutured into a pleat (plicated) just below the lower esophageal sphincter. These pleats reduce the acidic stomach contents from entering the esophagus and reduce the symptoms of GERD. The procedure is performed as an outpatient procedure.,"Complications include injury to the esophagus or throat, bleeding of the esophagus, pain, and failure of the procedure to reduce the GERD symptoms. Rarely perforation of the esophagus can lead to a life threatening problem. The anesthesia runs the risk of allergic reactions. "
428,Esophageal pH test (measurement of esophageal acid),The test measures the acidity (pH) in the esophagus. A low pH means stomach acid is refluxing back up into the esophagus. This helps diagnose gastroesophageal reflux disease (GERD). A tube is inserted through the nose into the esophagus just above the lower esophageal sphincter. The pH is monitored for a 12-24 hour period. ,Complications are rare. Minor discomfort can occur when the tube is inserted through the nose.
429,Flexible sigmoidoscopy (camera examination of colon),"A flexible tube with a camera is inserted into the rectum. The doctor examines the inside of the rectum and the last part of the colon called the sigmoid colon. Reasons for the procedure include screening for colorectal cancer and to help diagnose infections and inflammatory bowel disease, such as Crohn's disease or ulcerative colitis.",Discomfort and bloating. Injury to the rectum or lower colon. Colonic perforation can rarely occur.
430,Hydrogen breath test (test for bacterial overgrowth),A test used to detect lactose intolerance or excessive bacteria growth in the intestine. After fasting for 12 hours the patient breathes into a balloon to measure the amount of hydrogen. The patient then drinks a sweet solution and similar breath samples are taken every 15-120 minutes to measure the amount of hydrogen. ,Complications are very rare.
431,Liver biopsy (liver tissue removal),"A sample of the liver is taken to examine under the microscope. A liver biopsy is usually performed in one of two ways. A percutaneous liver biopsy involves inserting a needle through the skin of the abdomen into the liver and obtaining a small piece of liver tissue. A transjugular liver biopsy involves putting a catheter into the jugular vein and advancing it into the liver. Once inside the liver, a special biopsy tool is inserted through the catheter to obtain a small piece of liver. ","Infection, bleeding, and injury to the liver or other organs. "
432,Fecal fat (stool fat measurement),"A test that measures the amount of fat in the stool. Excessive fat is found in the feces when the patient is unable to properly digest ingested fat, a disorder called fat malabsorption.  ",None
433,Lactose tolerance test (test for lactose intolerance),A test that measures a patient's ability to digest lactose. Lactose is a sugar found in dairy products such as milk and cheese. The most common test is the hydrogen breath test. An older test done infrequently today is the lactose tolerance blood test.,None
434,Rectal biopsy (tissue sample of the rectum),"A small piece of rectal tissue is taken to examine under the microscope to look for signs of inflammation, infection or cancer. The procedure is done through a scope inserted into the rectum.","Pain, bleeding, infection, or perforation of the rectum."
435,"Sweat test (chloride sweat test, screening test for cystic fibrosis)",A test that measures the amount of chloride in the sweat. It is the most commonly used non-genetic test to diagnose cystic fibrosis.,None
436,Hysterosalpingography (x-ray of uterus and fallopian tubes),A test performed to determine if the communication from the ovaries through the fallopian tubes (the tubes that connect the ovaries to the uterus) to the uterus is free of obstruction. Contrast dye is injected through the cervix into the uterus and x-rays are taken to ensure the dye reaches the ovaries. The most common reason to perform this test is to help determine the cause of infertility. ,"Allergic reaction to the contrast, uterine infection, fallopian tube infection, pain and a hole in the uterus (perforation)."
437,"Intrauterine insemination (IUI, infertility treatment)",A flexible tube is inserted into the uterus and washed sperm are inserted into the uterus. The procedure is done just after the ovary has released an egg (ovulation) in an attempt to create a pregnancy. ,"Pain, cramping, infection and multiple pregnancies. The patient may not become pregnant."
438,"In vitro fertilization (IVF, infertility treatment)","A method to fertilize eggs outside the body. A woman's egg and a man's sperm are joined in a laboratory dish. The embryo (combined egg and sperm) are then implanted into the uterus. This process is called an embryo transfer. The steps of the procedure include: stimulating the ovaries to make eggs (ovulation induction), collecting the eggs (follicular aspiration), combining the egg and sperm (insemination), and transferring the embryo. ","Abdominal pain, nausea, vomiting. The patient may not become pregnant."
439,"Zygote intra fallopian transfer (ZIFT, infertility treatment)",Similar to in vitro fertilization except the combined egg and sperm (embryo) is inserted into the fallopian tube instead of the uterus as is performed with in vitro fertilization. The procedure is also referred to as tubal embryo transfer (TET). Unlike in vitro fertilization the woman must undergo laparoscopic surgery to enable the doctor to insert the embryo directly into the fallopian tube.,"Abdominal pain, nausea, vomiting. All surgery comes with the risk of infection and blood clots. Patients can infrequently have bad reactions to anesthesia including allergic reactions. The patient may not become pregnant."
440,"Gamete intrafallopian transfer (GIFT, infertility treatment)",The woman's eggs are removed and mixed with washed sperm then immediately placed in the fallopian tubes. GIFT differs from in vitro fertilization (IVF) and Zygote Intra-Fallopian Transfer (ZIFT) since the formation of the embryo occurs within the fallopian tube instead of in the laboratory as in IVF and ZIFT. The woman must undergo laparoscopic surgery to enable the doctor to insert the embryo directly into the fallopian tube.   ,"Abdominal pain, nausea, vomiting. All surgery comes with the risk of infection and blood clots. Patients can infrequently have bad reactions to anesthesia including allergic reactions. The patient may not become pregnant."
441,"Intra cytoplasmic sperm injection (ICSI, infertility treatment)",The sperm are injected directly into the eggs in the laboratory. This procedure is selected if the sperm are felt to be too weak to penetrate the egg themselves or if the numbers of sperm are too low. Once the embryos are formed they are implanted into the women using numerous techniques.,The patient may not become pregnant.
442,Preimplantation genetic screening (identification of genetic defects),The embryo made in the laboratory is tested for genetic disorders before it is transferred to the uterus.  ,None
444,"Gradient sperm washing, filtration and improvement (infertility treatment)",Special solutions are used to purify the sperm before they are combined with the egg to make embryos. The procedure produces sperm with higher likelihoods of creating viable embryos.,None
445,"Microsurgical epididymal sperm aspiration (MESA, surgical sperm removal)",The doctor makes an incision in the scrotal skin of the testicle and using a microscope collects sperm using a special tube called a micropipette. This produces a higher number of active sperm to be used in immediate egg combination or can be frozen for later use.  ,"Infection, pain or damage to the testicle."
446,"Testicular sperm extraction (TESE, surgical sperm removal)",This technique is reserved for those men where Microsurgical Epididymal Sperm Aspiration (MESA) does not produce enough sperm. The doctor makes an incision in the scrotal skin of the testicle and a piece of testicle tissue is immediately evaluated to determine if usable sperm are present in the testicle. If mature sperm are present the procedure is completed and sperm are collected for use. Since the number of sperm is generally small the technique is usually combined with Intra cytoplasmic sperm injection (ICSI) to maximize success.,"Pain, infection or injury to the testicle or surrounding structures."
447,"Testicular sperm aspiration (TESA, surgical sperm removal)",The doctor inserts a needle through the scrotal skin of the testicle and into the testicular tissue to extract sperm. The technique generally does not produce enough sperm for more than one cycle of in vitro fertilization.,"Pain, infection or injury to the testicle or surrounding structures."
448,Testis percutaneous biopsy (tissue sample of testicle),Similar to Testicular Sperm Aspiration (TESA) this technique uses a larger needle in an attempt to obtain more usable sperm. The needle is inserted through the scrotal skin of the testicle and into the testicular tissue.  ,"Pain, infection or injury to the testicle or surrounding structures."
449,Testis microdissection (surgical sperm removal),This procedure is reserved for men with low levels of available sperm. An incision is made in the scrotal skin of the testicle and a microscope is used to find testicular tissue that is producing usable sperm. Since this technique typically produces only small numbers of sperm these sperm must be used within 24 hours of being gathered. ,"Pain, infection or injury to the testicle or surrounding structures."
450,Embryo cryopreservation (freezing and storage),Embryos can be frozen immediately after fertilization for future use. If needed these embryos are thawed and then examined for viability. Not all embryos survive the freezing process but viable thawed embryos have the nearly the same success rate as unfrozen embryos. Embryos are usually frozen in the 2 to 8 cell stage.,None
451,Micromanipulation (assisted fertilization),A specialized procedure that utilizes microsurgery techniques to combine sperms and eggs. The most common procedure using this technique is intracytoplasmic sperm injection (ICSI).        ,None
452,Tubal ligation (surgical female sterilization),"The fallopian tubes are surgically blocked to prevent pregnancy, also referred to as ""tying the tubes"". The fallopian tubes connect the ovaries to the uterus. After intercourse, sperm moves from the vagina, into the uterus and then into fallopian tubes to reach an egg for fertilization. The fertilized egg uses these tubes to reach the uterus for implantation in the uterine wall. The tubes can be blocked multiple different ways including cutting the tubes, clamping the tubes, burning the tubes and inserting an implant into the tubes. The procedure is usually done laparoscopically or during a C-section. Reversal of the procedure is possible but not always successful.","The procedure can damage the bladder, intestines or ovaries. Rarely patients can still become pregnant after the procedure.  All surgery comes with the risk of infection and blood clots. Patients can infrequently have bad reactions to anesthesia."
453,Anterior cervical discectomy (neck disc surgery),Cervical discectomy with fusion is most often performed to relieve pressure on the nerves or spinal cord by removing the offending disc or bony spurs. A bone graft is placed between the bones where the disc was removed. This allows the two vertebrae to fuse together. The spine is approached from the anterior (front) part of the neck. Hardware is often used to help the bones heal after surgery.,"Complications include: hoarseness, swallowing problems, degeneration of the adjacent vertebrae, failure of the installed hardware, migration of the bone graft, nerve damage and chronic pain. All surgery comes with the risk of infection and blood clots. Patients can infrequently have bad reactions to the general anesthesia."
454,C section (surgical delivery of baby),A surgical procedure that removes the baby from a mother's uterus through an incision in her abdomen. A C section is also called a cesarean section and is performed when the mother cannot deliver the baby through the vagina or if the baby is in distress.,"Any major surgery can result in infection, pain, and the development of blood clots in the legs or lungs after surgery. A C-section can result in an intra-abdominal infection, intestinal obstruction, or damage to the uterus or other organs in the pelvis. Complications from anesthesia are possible but uncommon."
455,"Comprehensive metabolic panel (CMP, blood test)","A Chem-12 is also called a Comprehensive Metabolic Panel (CMP) or a SMA-12. This test measures blood chemistries and proteins that help diagnose many conditions, including diabetes, kidney and liver diseases. The Chem-12 tests for electrolytes (sodium, potassium, carbon dioxide, and chloride), kidney tests (creatinine, blood urea nitrogen), proteins (albumin, total protein), liver tests (alkaline phosphatase, alanine amino transferase, aspartate amino transferase, bilirubin), glucose and calcium. The electrolytes become abnormal for many reasons including dehydration and adverse reactions to medications. Kidney malfunction causes the creatinine and blood urea nitrogen to increase. Problems with the liver results in elevations in the liver tests. Diabetes is diagnosed by demonstrating elevated glucose levels.",None.
456,"HDL cholesterol (high-density lipoprotein, good cholesterol)","HDL (high-density lipoprotein) cholesterol is considered  good cholesterol. Cholesterol is a wax-like substance in the body and is necessary for normal body function. Having too much LDL (low-density lipoprotein) or bad cholesterol can cause fatty deposits in blood vessels (atherosclerosis), which can lead to heart attacks and strokes. High levels of HDL  cholesterol are associated with a decreased risk of developing atherosclerosis. ",None
457,"LDL cholesterol (low-density lipoprotein, bad cholesterol)","LDL (low-density lipoprotein) cholesterol is considered bad cholesterol. Cholesterol is a wax-like substance in the body and is necessary for normal body function. Too much LDL cholesterol can cause fatty deposits in blood vessels (atherosclerosis), which can lead to heart attacks and strokes.  High levels of LDL (bad cholesterol) increase the risk of developing atherosclerosis. ",None
458,Complete blood count (CBC),"A complete blood count (CBC) test measures the number of red blood cells (RBC), white blood cells (WBC), and platelets. The size and shape of the red blood cells, and the types of white blood cells are identified. This test is done to diagnose anemia, infections, cancer, and other blood diseases. Anemia is defined as a low hematocrit and/or low hemoglobin. Elevation of the WBC is usually associated with an infection. Platelets are needed to clot the blood and having too low a number is called thrombocytopenia. ",None
459,"Computed tomography angiogram (CTA, CT image of arteries)","A diagnostic exam involving a CT scan and intravenous contrast that can be used to diagnose problems of the arteries of the body including aneurysms, blood clots, dissections and traumatic injuries.","CT scans require radiation. Multiple exposures to radiation increase the risk of cancer later in life. The contrast dye used in a CTA can injure the kidneys, especially if the person has underlying kidney disease. Some patients can be allergic to the contrast resulting in a rash to life-threatening swelling and low blood pressure."
460,"Coronary artery bypass graft (CABG, surgery to improve heart blood flow)","A surgical procedure to bypass the blockage and restore blood flow in one or more coronary (heart) arteries. For each bypassed artery, a blood vessel, usually taken from the leg or chest, is grafted into the artery above and beyond the blockage.  It can be done on one or multiple arteries. By restoring blood flow to the heart, it can prevent heart attacks.","The major risks include heart attack, stroke, bleeding requiring surgery and death. The surgery can result in post-operative pain, infection or blood clots of the legs (deep vein thrombosis) or lungs (pulmonary embolus). Also some patients have side effects or allergic reactions to general anesthesia."
461,Sacroiliac joint injection (lower back joint injection),"The sacroiliac joints connect the lower back to the pelvis. There is a joint on each side of the back. Inflammation, arthritis, and/or injury of this area can cause persistent back pain. Using an x-ray for guidance a local anesthetic and steroid are injected into the area to reduce inflammation and pain.",Pain at the site of injection. Infection or an allergic reaction to the anesthetic or injected drug can rarely occur. Symptoms may get worse despite the injection.
462,Trigger point injections (pain management treatment using muscle injections),"Trigger points are tight bands or ""knots"" of muscle that cause pain. The injections are done most often in the arms, legs, neck and/or back. A local anesthetic, often combined with a corticosteroid, is injected into the trigger point to reduce pain.",Local pain at the injection site. Infection or an allergic reaction to the anesthetic or injected drug can rarely occur. Symptoms may get worse despite the injection.
463,Medial branch block (spinal nerve block),Back pain can be caused by inflammation of the facet joints. These are the joints that connect the vertebrae (bones of the spine). The medial branch nerves are small nerves that send pain signals to the brain when the facet joints are inflamed from arthritis. Local anesthetic is injected using x-ray guidance to numb these nerves. Pain relief from the procedures implicates the facet joint as the area causing the pain and may be an indication for other procedures to produce longer lasting pain relief. ,"Pain at the injection site. Rarely an infection, bleeding, or an allergic reaction from the anesthetic can occur. Symptoms may get worse despite the injection."
464,Lumbar sympathetic block (lower back injection for pain),The sympathetic nerves are located on both sides along the back. At times pain is carried in the sympathetic nerves that supply the legs. A local anesthetic is injected to numb these nerves and relieve pain from conditions such as complex regional pain syndrome and post herpetic neuralgia (persistent pain from shingles).,"Pain at the site of injection. Rarely an infection, bleeding, or an allergic reaction from the anesthetic can occur. Symptoms may get worse despite the injection."
465,Radiofrequency nerve ablation (nerve block with radio waves),Radio waves are used to heat one or more nerves and destroy their ability to carry pain signals to the brain. The skin over the area is numbed with a local anesthetic. Using x-ray guidance a thin needle is inserted into the area. The radio waves are directed through the needle to the nerve causing the pain. Multiple needles may need to be placed during the procedure. It is one of the treatments for facet joint arthritis.,"Pain at the site of injection. Rarely an infection, bleeding, or an allergic reaction from the anesthetic can occur. Symptoms may get worse despite the injection."
466,Stellate ganglion block (nerve block in the neck),"The stellate ganglion is part of the sympathetic nervous system of the neck. These sympathetic nerves supply the face, neck and arms. Pain signals from certain conditions are carried along the sympathetic nervous system. After local anesthetic of the skin, a needle is inserted in the front of the neck and anesthetic with or without a corticosteroid is injected to numb the stellate ganglion. This procedure is performed to relieve pain from conditions such as complex regional pain syndrome and post herpetic neuralgia (persistent pain from shingles).","Pain at the site of injection. Rarely an infection, bleeding, or an allergic reaction from the anesthetic can occur. Symptoms may get worse despite the injection."
467,"AC joint separation repair (acromioclavicular, shoulder joint repair)",Surgery to repair a torn or damaged coracoclavicular ligament. This ligament connects the acromion to the clavicle in the shoulder. Surgery is reserved for the most serious acromioclavicular joint separations (AC joint separations). The ligament is usually repaired using surrounding tissue or a graft.,"Complications include injury to the joint, ligaments, cartilage, nerves or blood vessels. All surgery comes with the risk of infection and blood clots. Patients can infrequently have bad reactions to anesthesia. Pain and/or stiffness may persist after the surgery. "
477,Bunionectomy (surgical removal of bunion),A bunion is also called hallux valgus. There are numerous ways to surgically fix a bunion and the procedure selected depends on the severity of the deformity and the patient. In most cases an incision is made and the excess bone is removed. The great toe is placed in proper alignment and surgical wires are used to maintain the correct position while the toe heals. The surgery can be done with local anesthesia by numbing the foot at the ankle or the patient can be given general anesthesia.,"Complications include injury to the joint, ligaments, cartilage, nerves or blood vessels. All surgery comes with the risk of infection and blood clots. Patients can infrequently have bad reactions to anesthesia. The surgery may not completely relieve pain or deformity of the foot."
478,Hammer toe repair,An incision is made over the affected toe and part of the tendon and joint are removed. Ligaments are cut to re-align the toe in its proper orientation. After the toe is straightened part of the bone is removed and the incision is closed. The foot can be numbed at the ankle or the patient can be given general anesthesia. ,"Complications include injury to the joint, ligaments, cartilage, nerves or blood vessels. All surgery comes with the risk of infection and blood clots. Patients can infrequently have bad reactions to anesthesia including allergic reactions. The surgery may not relieve the pain or deformity of the foot."
479,Neuroma excision (surgical removal of a swollen nerve),An incision is made over the neuroma and the fibrous nerve tissue is removed. The surgery can be done with local anesthesia by numbing the foot at the ankle or the patient can be given general anesthesia.,"Complications include injury to the joint, ligaments, cartilage, nerves or blood vessels. All surgery comes with the risk of infection and blood clots. Patients can infrequently have bad reactions to anesthesia including allergic reactions. The surgery may not completely relieve pain."
480,Plantar fasciotomy (surgical cutting of foot ligament),An incision is made over the heel. The inflamed tissue is removed and the plantar fascia is cut from the heel. The foot can be numbed at the ankle or the patient can be given general anesthesia. The procedure is most commonly performed to treat chronic plantar fasciitis.,"Complications include injury to the joint, ligaments, cartilage, nerves or blood vessels. All surgery comes with the risk of infection and blood clots. Patients can infrequently have bad reactions to anesthesia including allergic reactions. The surgery may not relieve the foot pain."
481,Endoscopic plantar fasciotomy (minimally invasive foot surgery),A tube with a camera (endoscope) is inserted through two small incisions in the foot. The inflamed tissue is removed and the plantar fascia is removed from the heel. It is felt the endoscopic approach enables quicker healing than the open technique which requires a larger incision. The foot can be numbed at the ankle or the patient can be given general anesthesia.,"Complications include injury to the joint, ligaments, cartilage, nerves or blood vessels. All surgery comes with the risk of infection and blood clots. Patients can infrequently have bad reactions to anesthesia including allergic reactions. The surgery may not relieve the foot pain."
483,"Pulmonary function tests (PFTs, measurement of how lungs are working)","A group of tests that measure how well the lungs work. The patient breathes into a disposable mouth piece. A technician measures the amount of air that moves in and out of the lungs and how forcefully the patient can push the air out. The tests also measure how well oxygen is delivered to the body and how much carbon dioxide is removed. The tests can help diagnose lung diseases such as asthma, chronic obstructive pulmonary disease (COPD), chronic bronchitis, emphysema, and pulmonary fibrosis. ",None.
484,Rapid flu test,A test that can identify infection with the influenza virus. The test is usually performed in less than an hour. Most tests can detect influenza A and B. A swab or washing of the nasal cavity is usually performed.,The test is not always accurate. A person can have influenza and the rapid flu test can be negative.
485,Rapid strep test,A swab of the throat that can rapidly detect the presence of a streptococcal infection. The streptococcal bacterium is the organism that causes strep throat.,Swabbing the back of the throat can be uncomfortable. The test is not always accurate. A person can have strep throat and the rapid strep may be negative.
486,Panorex (dental x-ray of upper and lower jaw),"A special x-ray that takes a panoramic image of the teeth and the jaw. The test is done to identify cavities of the tooth, or problems with the jaw bone such as fractures.",Frequent exposure to x-rays has a small risk of radiation induced cancer later in life.
487,"Peak expiratory flow rate (PEFR, measurement of airflow through lungs)",A breathing test that measures how forcibly air can be exhaled. The test is used to detect obstruction of the airways such as seen in asthma or chronic obstructive pulmonary disease (COPD). ,None
488,Polysomnography (sleep study),"Also called a sleep study. This test measures brain waves, oxygen levels, heart rate, breathing rate, eye movements, and leg movements during sleep. The full test is performed in the hospital or in a sleep center. The test is done to identify sleep apnea, restless leg syndrome, narcolepsy, or problems with REM sleep. ",None.
489,Tonometry (test to measure pressure inside eye),"A test that measures the pressure inside the eye (intraocular pressure). There are multiple methods to measure the pressure including: applanation tonometry, electronic indentation tonometry, pneumotonometry, and indentation tonometry (Schiotz). An elevated intraocular pressure is found in glaucoma. A rise in intraocular can happen without symptoms. Thats why the pressure is measured during a routine eye exam.",Minor discomfort.
490,"Prothrombin time (PT, blood clotting test)","One of the blood tests that measures the blood's ability to clot. A prolonged prothrombin (PT) means that blood clots less readily. The test is most often used to determine the correct dose of warfarin (Coumadin). To standardize the test results around the world, the test is also reported as INR (international normalized ratio). A prolonged PT also occurs in people with advanced liver disease.",None.
491,Platelet aggregation test (blood clotting test),"A blood test that measures how well platelets clump together and form blood clots. The test will be abnormal if the platelets are diseased or if the patient is taking certain medications, such as aspirin based preparations or nonsteroidal anti-inflammatory drugs.",None
492,Progesterone level (blood test measurement of female hormone),Progesterone is a naturally occurring hormone and rises and falls during a woman's menstrual cycle and during pregnancy. A level is often measured during the evaluation of infertility.,None
493,Blood cell count (reticulocyte count),"A blood test that measures the percentage of red blood cells that are immature cells (reticulocytes). Increased numbers of immature red blood cells indicate that the bone marrow is responding appropriately to anemia. For example, this is seen when a patient loses blood or if red blood cells are destroyed. ",None.
494,Rheumatoid factor (blood test for autoimmune disease),"A blood test that measures the amount of rheumatoid factor antibody in the blood. The test is done to help diagnose rheumatoid arthritis. However, many patients with rheumatoid arthritis have a negative rheumatoid factor level.",None.
495,Renal vascular ultrasound (ultrasound of kidney blood vessels),"A special ultrasound that evaluates the blood flow through the renal artery supplying the kidneys. If blood flow is decreased because of narrowing of the renal artery, its called renal artery stenosis. The most common cause is hardening of the arteries (atherosclerosis). An ultrasound uses high frequency sound waves to study organs inside the body.",None.
496,Skin biopsy (skin sample),A small piece of skin is removed for examination under a microscope. The most common reason for the test is to determine the cause of a rash or diagnose skin cancer. There are 3 types: a shave biopsy takes a thin slice of skin; a punch biopsy uses a circular sharp tool and removes a round section of skin including the deeper layers; an excisional biopsy removes more skin and tissue using a scalpel.,Pain during the biopsy and scar formation. There is a small risk of infection. Very rarely surrounding nerves or blood vessels can be damaged.
497,Slit lamp exam (specialized eye exam),"An exam using a special instrument to look at the structures in the front part of the eye. This exam is done to detect problems with the eyelids, conjunctiva, cornea, anterior chamber, and lens.",None.
498,"Corticotropin releasing hormone test (CRH test, blood test)","This test helps determine why a patients blood cortisol level is higher than normal. The cortisol level is drawn, then the patient is injected with a dose of synthetic corticotropin releasing hormone (CRH). Next the patient gets a second blood cortisol test. The test is used in difficult to diagnose cases of Cushings disease (over active adrenal glands). ", None
499,Thyroid scan (image of thyroid using radioactive material),"A test to image the thyroid gland in the neck. The patient swallows a small amount of radioactive iodine. The thyroid gland uses iodine to make thyroid hormone. Normal or overactive thyroid tissue takes up the radioactive iodine. The radioactivity is measured using a special camera, which also creates images of the gland. The test is done to evaluate thyroid nodules and to help determine the cause of an elevated thyroid hormone level in the blood (hyperthyroidism).",Radiation exposure is low but multiple exposures to radiation may increase cancer risk later in life. This risk is felt to be greater with babies and children.
500,Thyroid blood tests,"Blood tests used to measure the activity of the thyroid gland and/or the levels of thyroid hormones. The first test usually performed is the thyroid stimulating hormone (TSH). TSH is made by the pituitary gland and it stimulates the release of thyroid hormone from the thyroid gland. A high blood TSH level means a person does not have enough thyroid hormone (hypothyroidism). A low TSH means there is too much thyroid hormone (hyperthyroidism) or the pituitary gland is not making sufficient TSH. Other blood tests can measure the actual amount of thyroid hormone. There are two types in the body, thyroxine (T4) and triiodothyronine (T3). ",None.
501,Peritoneal dialysis (blood filtering),"A type of dialysis to remove toxins from the blood and correct chemical imbalance in people with kidney failure.  This is an alternative to hemodialysis. A catheter is surgically inserted into the abdominal cavity before starting peritoneal dialysis. At home, the patient runs fluid (dialysate) into and out of the abdominal cavity.  The lining of the abdominal wall (peritoneum) cleans the toxins from the blood and these toxins are removed when the dialysate is removed. ",Inserting the catheter can cause damage to the abdominal contents. An infection of the abdominal cavity (peritonitis) is the most common complication and can be very serious. Carrying extra fluid in the abdominal cavity can stretch and weaken the abdominal wall. 
502,Dialysis catheter insertion,"In order to receive hemodialysis a patient needs a special catheter to remove blood from the body, to pass through the dialysis machine, and to return the clean blood back to the patient. Both passage ways are contained in the same catheter. These catheters are usually placed in the neck in the internal jugular vein. ",Damage to the vein or surrounding artery can occur. Collapse of the lung is a rare complication. Infection of the blood stream is a risk as well.
503,Hemodialysis (filter and clean blood),A dialysis procedure that uses a machine to remove toxins from the blood and correct chemical imbalance in people with kidney failure. ,Infection of the catheter used for dialysis. Low blood pressure during dialysis. Fatigue and weakness for several hours after dialysis. 
504,Cortisol (24 hour urine test of hormone level),A 24 hour urine collection sent to the laboratory to measure the total amount of cortisol produced by the adrenal glands. Cortisol is a steroid hormone that is essential for normal functioning of circulation and metabolism. A 24 hour urine collection is needed because cortisol levels fluctuate during the day. The most common reason for the test is to diagnose Cushings disease or other condition that causes excessive cortisol production. ,None.
505,Audiology test (hearing test),"Measures the ability to hear sounds at multiple different tones and intensity. The test is performed to detect early hearing loss from trauma, infections, medications, and chronic exposure to loud noises. ",None.
507,Spinal fluid analysis,"Spinal fluid, also known as cerebrospinal fluid (CSF) surrounds the brain and spinal cord. A spinal tap (lumbar puncture) is performed to remove some of this fluid for analysis. The fluid is sent to the laboratory to test for red blood cells, white blood cells, glucose, and protein. The fluid is also cultured to identify any infectious agents. Other tests can also be performed dependent on what disease the provider is trying to detect. ","None. Complications from the spinal tap include: infection, bleeding, and nerve injury. Another potential problem is leaking of cerebrospinal fluid (CSF) causing a spinal headache (postural headache). The pain of a spinal headache decreases with lying flat and increases with standing up."
508,Sputum culture (test for infection in lung mucous),Sputum coughed up from the lung is cultured to identify the organism that may be causing a lung infection (pneumonia). A culture to identify bacteria is the most common type performed but cultures to identify a virus or fungus can also be done.,None.
509,Stool culture (test of stool for infection),"A test that identifies disease causing organisms in the stool. Bacteria cultures are the most common test performed. There are many types of bacteria that live in human stool that do not cause disease. The most common disease-causing bacteria are salmonella, shigella, campylobacter, Escherichia coli (E. coli) and Clostridium difficile.",None.
510,Stool for clostridium difficile (test of stool for bacteria),This test identifies toxins made by the bacteria Clostridium difficile. Clostridium difficile can cause diarrhea. This condition almost always occurs in people that have recently received antibiotics and/or have been hospitalized. The diarrhea can be mild or severe. The severe form is known as pseudomembranous colitis. ,None.
511,Stool ova and parasite exam (test of stool for parasites),"A stool study that looks for parasites or the eggs of parasites. The most common types of parasites are helminths (tapeworms, roundworms and pinworms) and protozoa (giardia, amoeba and cryptosporidium). ",None
512,"Stool WBCs (white blood cells, test of stool for infection)","A stool study that looks for white blood cells (WBCs) in the stool. The stool does not normally contain WBCs. When it does, it means there is inflammation (such as colitis) or an infection of the intestine. ",None.
513,Tuberculosis skin test (PPD skin test),"A skin test that measures the immune response to the tuberculosis (TB) bacteria Mycobacterium tuberculosis. A person will have a positive test if they have TB, have been exposed to TB or if they received a vaccine against TB (BCG vaccine). The test is performed by placing a small amount of purified protein derivative (PPD) under the skin. The site is inspected in 48-72 hours by a medical professional who will look for a bump in the skin and measure the size.",There is a slight chance of having a very severe skin reaction.
514,Thoracentesis (remove fluid from lung),"A procedure done to remove fluid from the space between the lung and the chest wall. Normally this area contains very little fluid. Heart failure, inflammation or infection of the lung lining (called the pleura), trauma and cancer are the most common reasons for fluid to build up in this space. This accumulation of fluid is called a pleural effusion. Removing this fluid can help a patient breath and diagnose the cause of the fluid. The fluid is removed by numbing the overlying skin of the chest and inserting a needle into the chest cavity.","Pain at the needle insertion site. Infection and/or a collapse of the lung (pneumothorax) can occur. Rarely a blood vessel, nerve or the lung can be injured."
515,"Thyroid stimulating hormone (TSH, blood test to detect thyroid problems)",Thyroid stimulating hormone (TSH) is blood test used to determine if there is a normal amount of thyroid hormone in the blood. TSH is a protein produced by the pituitary gland. The amount released into the blood stream depends on the level of thyroid hormone in the blood. A high blood TSH level means a person does not have enough thyroid hormone (hypothyroidism). A low TSH means he or she has too much thyroid hormone (hyperthyroidism) or the pituitary gland is not making sufficient TSH.,None.
516,Toxicology screen (drug test),"There are two basic toxicology screens, one using a urine test and the other a blood test. The urine toxicology screen is used most often. The substances that can be tested on a toxicology screen include: marijuana (tetrahydrocannabinol/THC), opiates, cocaine, amphetamines, benzodiazepines, barbiturates, and phencyclidine (PCP). The substances are cleared from the body at different rates.",None. 
523,"Angiogram, leg (x-ray of lower extremity blood vessels)","An angiogram is a procedure that uses x-ray imaging to see the inside of the arteries. An intravenous dye is injected into the artery of the leg and x-rays are taken to view the blood vessel. The test is done to detect blockages of the artery, tears of the artery, and abnormal enlargements of the artery called aneurysms.","The artery can be damaged when the needle is inserted into the vessel. The intravenous dye can cause an allergic reaction, which sometimes may be severe. The dye can also injure the kidneys. Patients with pre-existing kidney disease and diabetes are more likely to have kidney damage from the dye."
524,PICC line (long term IV catheter),"A PICC line is a special intravenous line inserted into the arm and thread into a blood vessel in the upper chest. A PICC line can be used for longer periods of time as compared to normal intravenous lines placed in the arm. The procedure is done to provide patients with a way to give intravenous therapies over an extended period of time. It's used most often to give patients antibiotics, chemotherapy, or total parental nutrition (TPN).",Infection can develop at the insertion site and can involve the catheter itself. Rarely these infections can be serious and involve the blood stream. A blood clot can also develop in the vein.
526,Head CT (CAT scan),"A computer enhanced x-ray of the head that provides detailed pictures of the brain and surrounding structures.  The test can be done with or without intravenous dye (contrast). Bleeding in and around the brain can be detected without contrast. But for most other conditions, CT with contrast provides better images.","CT scans require radiation. Multiple exposures to radiation increase the risk of cancer later in life. At times intravenous contrast is given with a CT scan. The contrast can injure the kidneys, especially if the person has underlying kidney disease. Some patients can be allergic to the contrast resulting in a rash to life-threatening swelling and low blood pressure."
527,Chest CT (CAT) scan with dye,"A computer enhanced x-ray of the chest that provides detailed pictures of the lungs and other structures in the chest. The intravenous dye (contrast) is used to detect blood clots (pulmonary embolus), after traumatic injuries to identify blood vessel damage, and to better define other problems in the chest. High resolution CT scans can see the blood vessels of the heart (coronary arteries) and estimate the amount of blockage of these arteries.","CT scans require radiation. Multiple exposures to radiation increase the risk of cancer later in life. At times intravenous contrast is given with a CT scan. The contrast can injure the kidneys, especially if the person has underlying kidney disease. Some patients can be allergic to the contrast resulting in a rash to life-threatening swelling and low blood pressure."
528,Chest CT (CAT) scan without dye,"A computer enhanced x-ray of the chest that provides detailed pictures of the lungs and other structures in the chest. When used without intravenous dye (contrast), the test is usually done to identify cancers, infections, and abnormal fluid collections around the lungs (pleural effusions) or around the heart (pericardial effusions).",CT scans require radiation. Multiple exposures to radiation increase the risk of cancer later in life.
529,Abdominal pelvic CT (CAT) scan without intravenous dye,"A computer enhanced x-ray of the abdomen and pelvis that provides detailed pictures of the internal organs and other structures in and around the abdomen and pelvis. This test helps detect abnormalities of the liver, spleen, pancreas, kidneys, uterus, ovaries, bladder, stomach and intestines. Usually, oral contrast is given before the test. But intravenous dye is not given with this test.",CT scans require radiation. Multiple exposures to radiation increase the risk of cancer later in life.
530,Abdominal pelvic CT (CAT) scan with dye,"A computer enhanced x-ray of the abdomen and pelvis that provides detailed pictures of the internal organs and other structures in and around the abdomen and pelvis. This test can identify abnormalities of the appendix, liver, spleen, pancreas, kidneys, uterus, ovaries, bladder, stomach and intestines. Intravenous dye (contrast) is used to obtain better images of the blood vessels and internal organs. ","CT scans require radiation. Multiple exposures to radiation increase the risk of cancer later in life. At times intravenous contrast is given with a CT scan. The contrast can injure the kidneys, especially if the person has underlying kidney disease. Some patients can be allergic to the contrast resulting in a rash to life-threatening swelling and low blood pressure. "
531,Facial CT (CAT) scan without dye,"A computer enhanced x-ray that provides detailed images of the face, jaw, and facial bones. This procedure is performed to identify fractures, infections, cancers, and congenital abnormalities. ",CT scans require radiation. Multiple exposures to radiation increase the risk of cancer later in life.
532,Brain MRI (magnetic resonance imaging) with and without dye,"MRI is magnetic resonance imaging, a special imaging test that does not use x-rays. This test provides very detailed images of the brain, structures of the face, and sinuses. In general a MRI is better at determining acute strokes, infections and cancers than a CT scan. An intravenous dye called gadolinium is sometimes used to obtain better images.",Gadolinium has been associated with a serious skin and connective tissue disease called nephrogenic systemic fibrosis (NSF). Patients with chronic kidney disease are at increased risk of developing NSF after gadolinium. More information can be found at http://www.fda.gov/Drugs/DrugSafety/DrugSafetyNewsletter/ucm142889.htm. 
533,Neck MRI without dye,"MRI is magnetic resonance imaging, a special imaging test that does not use x-rays. This test provides very detailed images of the neck muscles, ligaments, nerves, bones, and soft tissue. This test is used to identify traumatic injuries, infections, and cancer.",None
534,Back MRI without dye,"MRI is magnetic resonance imaging, a special imaging test that does not use x-rays. This test provides very detailed images of the back and spinal cord. This procedure can help identify arthritis, cancers, infections, fractures, injured nerves, a damaged spinal cord or a herniated disc.",None
535,Lower extremity joint MRI without dye (leg MRI),"MRI is magnetic resonance imaging, a special imaging test that does not use x-rays. This test provides very detailed images of the joint and surrounding muscles and bones. This procedure can help identify arthritis, traumatic injuries, ligament tears, tendon ruptures, meniscus injuries, infections and fractures.",None
536,Breast ultrasound,"A diagnostic imaging test. The ultrasound device is pressed against the breast, and sound waves from the device bounce off tissues and create echoes. The pictures can determine if a breast mass is solid or cystic. Simple cysts are almost always benign. A solid mass may be benign or malignant. ",None.
537,Pelvic ultrasound,"A diagnostic imaging test. The ultrasound device is pressed against the lower abdomen, and sound waves from the device bounce off tissues and create echoes. Pelvic ultrasounds are routinely performed during pregnancy.  Pelvic ultrasound is also used to get pictures of pelvic organs, including the bladder, the uterus and ovaries in a woman, and the prostate in a man. This test can help identify cysts, free fluid in the pelvis, changes consistent with infection, ectopic pregnancy and abnormal growths.",None.
538,Rubella titer (German measles blood test),A test that looks for antibodies against the rubella (German measles) virus. This test is used to identify if someone has immunity against rubella either from a vaccine or a prior infection. The test can also help determine if someone is currently infected or has recently been infected with rubella.,None.
539,"Diphtheria, tetanus and pertussis vaccine (DTaP, Tdap and Td)","A vaccine that protects against diphtheria, tetanus and pertussis. There are two types of the vaccines that are used: DTaP and Tdap. Children should get DTaP vaccine at 2 months, 4 months, 6 months, 15-18 months, and 4-6 years. DTaP is given to children less than 7 years of age and Tdap is used for people older than age 11. The CDC recommends a Tdap booster at age 11 or 12. Also a Tdap booster should be given during every pregnancy, preferably in the third trimester. Adults will also need a Td (tetanus and diphtheria) booster every ten years after their Tdap vaccine. The following people should not receive the vaccine: people with a history of a severe allergic reaction after the vaccine; and those who have experienced a coma or multiple seizures within 7 days of receiving the vaccine. Any patient with a history of seizures, other nervous system diseases, a history of Guillain Barre, or are ill at the time of the vaccination should talk to their healthcare provider before receiving this vaccine.","The CDC believes becoming infected and developing diphtheria, tetanus or pertussis poses a much greater risk to people compared to the risk of a side effect from the vaccine. Serious reactions are rare. For more information see http://www.cdc.gov/vaccines/hcp/vis/vis-statements/dtap.html 
"
540,"Measles, mumps, rubella vaccine (MMR)","A vaccine that protects against mumps, measles and rubella. Children should receive this vaccine between 12-15 months and at 4-6 years of age. Adults should get the vaccine if they were born after 1956 and if they are not sure if they have been vaccinated or if they only received one vaccine before entering school. The MMR vaccine may be given at the same time as other vaccines. The following patients should not receive the vaccine: those with a history of a severe allergic reaction to the vaccine; those with a severe allergic reaction to gelatin or the antibiotic neomycin; those with HIV or any other disease that depresses the immune system; those receiving medications that depress the immune system including 2 weeks or more of high dose steroids; and those with cancer or being treated for cancer. The patients with the following should talk to their healthcare provider before receiving the vaccine: a history or family history of seizures; a family history of immune system diseases; a history of diseases of the blood including a low platelet count; recent history of a blood transfusion; or those who might be pregnant.
","The CDC believes becoming infected and developing mumps, measles or rubella poses a much greater risk to people compared to the risk of a side effect from the vaccine. Serious complications are rare. There is no association between MMR and autism.
"
541,Breast biopsy (breast tissue removal),A breast biopsy involves removing some breast tissue either through an incision or by using a needle. This procedure is performed to diagnose the cause of a breast mass or other breast abnormality. ,Pain and scar formation. There is a small risk of infection. Rarely surrounding nerves or blood vessels can be damaged.
542,Inguinal hernia repair (groin hernia surgery),A surgical procedure to repair a defect in the abdominal wall surrounding the inguinal canal. People with this type of hernia have intestines or other abdominal contents that push into and through the inguinal canal. This is the most common type of hernia in men. The repair can often be done with a laparoscope.,"Any surgery can result in infection, pain, and the development of blood clots in the legs or lungs after surgery. Patients can infrequently have bad reactions to anesthesia."
543,Laparoscopic vaginal hysterectomy (minimally invasive uterus removal),Surgical removal of the uterus through the vagina with laparoscopic assistance. A laparoscope is a special tube with a camera that is inserted into the abdomen through a small incision in the abdomen.,"Injury to intestines, ovaries, bladder, or pelvic vessels. The surgery can result in post-operative pain, infection or blood clots of the legs (deep vein thrombosis) or lungs (pulmonary embolus). Patients can infrequently have bad reactions to anesthesia. "
544,Uterine fibroid removal (surgical removal of uterine growths),"Surgical removal of fibroids in the uterus. Depending on the size of the fibroid(s), the procedure is performed with a laparoscope using small incisions or through a larger incision in the abdomen. Fibroids are noncancerous overgrowths of muscular and fibrous tissue of the uterus.","Injury to intestines, ovaries, bladder, or pelvic vessels. The surgery can result in post-operative pain, infection or blood clots of the legs (deep vein thrombosis) or lungs (pulmonary embolus). Patients can infrequently have bad reactions to anesthesia."
545,Tympanometry (ear drum testing),Measures how well the eardrum (tympanic membrane) moves. A tool is inserted into the ear that delivers a puff of air to measure the eardrum movement. Fluid behind the eardrum can prevent the eardrum from moving normally. An infection (otitis media) or a malfunctioning eustachian tube can cause abnormal fluid build-up. A hole in the eardrum can also cause abnormal movement of the eardrum.,Very rarely the eardrum can be damaged.
546,Knee arthroscopy (camera knee joint examination),"A tube with a camera is inserted into the knee joint to identify any damage to the bone, cartilage, meniscus, ligaments or joint capsule. Many times the repair of the damaged tissue can be performed at the same time. This procedure can be done under general anesthesia or regional anesthesia. ","Complications include injury to the joint, ligaments, cartilage, nerves or blood vessels. All surgery comes with the risk of infection and blood clots. Patients can infrequently have bad reactions to anesthesia."
547,"Hep lock (saline lock, IV catheter)",An attachment to an intravenous (IV) catheter that contains saline or a blood thinning agent called heparin. It prevents the IV catheter from clotting when its not being used.,Pain from the needle or catheter that remains in place. Infection or the development of a blood clot in the vein occurs very rarely.
548,Lumbar MRI without dye (lower back MRI),"MRI is magnetic resonance imaging, a special imaging test that does not use x-rays. A MRI of the lower back can identify ligaments, muscles, nerves, discs, bones, and the spinal cord. It is the best test to detect arthritis, herniated discs, spinal infections, spinal cord damage, nerve injuries, and cancers of the back and spinal cord. ",None. 
549,Cervical spine MRI without dye (neck MRI),"MRI is magnetic resonance imaging, a special imaging test that does not use x-rays. The bones of the neck make up the cervical spine. A MRI of the cervical spine can identify ligaments, muscles, nerves, discs, bones, and the spinal cord. It is the best test to detect arthritis, herniated discs, spinal infections, spinal cord damage, nerve injuries, and cancers of the spinal cord. ",None.
550,Thoracic spine MRI without dye (upper back MRI),"MRI is magnetic resonance imaging, a special imaging test that does not use x-rays. The bones of the middle back make up the thoracic spine. A MRI of the thoracic spine can identify ligaments, muscles, nerves, discs, bones, and the spinal cord. It is the best test to detect arthritis, herniated discs, spinal infections, spinal cord damage, nerve injuries, and cancers of the spinal cord. ",None. 
551,Lumbar MRI with dye (lower back MRI),"MRI is magnetic resonance imaging, a special imaging test that does not use x-rays. A MRI of the lower back can identify ligaments, muscles, nerves, discs, bones, and the spinal cord. It is the best test to detect arthritis, herniated discs, spinal infections, spinal cord damage, nerve injuries, and cancers of the back and spinal cord. A dye named gadolinium is used to provide more detailed pictures. This can help detect the difference between inflammation, traumatic injury or cancer. ",Gadolinium has been associated with a serious skin and connective tissue disease called nephrogenic systemic fibrosis (NSF). It appears patients with chronic kidney disease are at increased risk of developing NSF after gadolinium. More information can be found at http://www.fda.gov/Drugs/DrugSafety/DrugSafetyNewsletter/ucm142889.htm
552,Cervical spine MRI with dye (neck MRI),"MRI is magnetic resonance imaging, a special imaging test that does not use x-rays. The bones of the neck make up the cervical spine. A MRI of the cervical spine can identify ligaments, muscles, nerves, discs, bones, and the spinal cord. It is the best test to detect arthritis, herniated discs, spinal infections, spinal cord damage, nerve injuries, and cancers of the spinal cord. A dye named gadolinium is used to provide more detailed pictures. This can help detect the difference between inflammation, traumatic injury or cancer.",Gadolinium has been associated with a serious skin and connective tissue disease called nephrogenic systemic fibrosis (NSF). It appears patients with chronic kidney disease are at increased risk of developing NSF after gadolinium. More information can be found at http://www.fda.gov/Drugs/DrugSafety/DrugSafetyNewsletter/ucm142889.htm. 
553,Thoracic spine MRI with dye (upper back MRI),"MRI is magnetic resonance imaging, a special imaging test that does not use x-rays. The bones of the middle back make up the thoracic spine. A MRI of the thoracic spine can identify ligaments, muscles, nerves, discs, bones, and the spinal cord. It is the best test to detect arthritis, herniated discs, spinal infections, spinal cord damage, nerve injuries, and cancers of the back and spinal cord. A dye named gadolinium is used to provide more detailed pictures. This can help detect the difference between inflammation, traumatic injury or cancer.",Gadolinium has been associated with a serious skin and connective tissue disease called nephrogenic systemic fibrosis (NSF). It appears patients with chronic kidney disease are at increased risk of developing NSF after gadolinium. More information can be found at http://www.fda.gov/Drugs/DrugSafety/DrugSafetyNewsletter/ucm1428
554,Lumbar CT scan without dye (lower back CAT scan),"A test using computer enhanced x-rays that provides detailed images of the bones (lumbar spine) and spinal cord in the lower back. This test can help diagnose fractures, infections, arthritis, cancers, herniated discs, and lumbar spinal stenosis. ",CT scans require radiation. Multiple exposures to radiation increase the risk of cancer later in life.
555,Lumbar CT scan with dye (lower back CAT scan),"A test using computer enhanced x-rays that provides detailed images of the bones (lumbar spine) and spinal cord in the lower back.  Dye (contrast) is given in the vein to provide better images of the blood vessels and other structures. This test can identify fractures, infections, arthritis, cancers, herniated discs, spinal stenosis, spinal cord injuries, and nerve damage of the lower back.","CT scans require radiation. Multiple exposures to radiation increase the risk of cancer later in life. The intravenous contrast dye can injure the kidneys, especially if the person has underlying kidney disease. Some patients can be allergic to the contrast resulting in a rash to life-threatening swelling and low blood pressure."
556,Cervical spine CT without dye (neck CAT scan),"A test using computer enhanced x-rays that provides detailed images of the bones (cervical spine) and spinal cord in the neck.  This test can help diagnose fractures, infections, arthritis, cancers, herniated discs, and cervical spinal stenosis.",CT scans require radiation. Multiple exposures to radiation increase the risk of cancer later in life.
557,Cervical spine CT with dye (neck CAT scan),"A test using computer enhanced x-rays that provides detailed images of the bones (cervical spine) and spinal cord. Dye (contrast) is given in the vein to provide better images of the blood vessels and other structures. This test can identify fractures, infections, arthritis, cancers, herniated discs, spinal stenosis, spinal cord injuries, and nerve damage of the neck.","CT scans require radiation. Multiple exposures to radiation increase the risk of cancer later in life. The intravenous contrast can injure the kidneys, especially if the person has underlying kidney disease. Some patients can be allergic to the contrast resulting in a rash to life-threatening swelling and low blood pressure."
558,Thoracic spine CT scan without dye (upper back CAT),"A test using computer enhanced x-rays that provides detailed images of the bones (thoracic spine) and spinal cord in the middle back. This test can help diagnose fractures, infections, arthritis, cancers, and herniated discs.",CT scans require radiation. Multiple exposures to radiation increase the risk of cancer later in life.
559,Thoracic spine CT scan with dye (upper back CAT),"A test using computer enhanced x-rays that provides detailed images of the bones (thoracic spine) and spinal cord in the middle back. Dye (contrast) is given in the vein to provide better images of the blood vessels and other structures. This test can identify fractures, infections, arthritis, cancers, herniated discs, spinal cord injuries, and nerve damage of the middle back.","CT scans require radiation. Multiple exposures to radiation increase the risk of cancer later in life. The intravenous contrast dye can injure the kidneys, especially if the person has underlying kidney disease. Some patients can be allergic to the contrast resulting in a rash to life-threatening swelling and low blood pressure."
560,Brain MRI with dye,"MRI is magnetic resonance imaging, a special imaging test that does not use x-rays. This test provides very detailed images of the brain and surrounding structures. In general a MRI is better than a CT scan at determining acute strokes, infections and tumors. An intravenous dye called gadolinium is used to obtain better images.","Gadolinium has been associated with a serious skin and connective tissue disease called nephrogenic systemic fibrosis (NSF).  Patients with chronic kidney disease are at increased risk of developing NSF after gadolinium. More information can be found at http://www.fda.gov/Drugs/DrugSafety/DrugSafetyNewsletter/ucm142889.
"
561,Brain MRI without dye,"MRI is magnetic resonance imaging, a special imaging test that does not use x-rays. This test provides very detailed images of the brain and surrounding structures. In general a MRI is better at determining acute strokes, infections and tumors than a CT scan.",None
562,Chest MRI without dye,"MRI is magnetic resonance imaging, a special imaging test that does not use x-rays. It provides very detailed images of the chest, heart, lungs, esophagus and mediastinum. ",None.
563,Chest MRI with dye,"MRI is magnetic resonance imaging, a special imaging test that does not use x-rays. It provides very detailed images of the chest, heart, lungs, esophagus and mediastinum. An intravenous dye called gadolinium is used to obtain better images. Chest MRI with dye is usually ordered to look for clots, tears or other abnormalities in blood vessels.","Gadolinium has been associated with a serious skin and connective tissue disease called nephrogenic systemic fibrosis (NSF). It appears patients with chronic kidney disease are at increased risk of developing NSF after gadolinium. More information can be found at http://www.fda.gov/Drugs/DrugSafety/DrugSafetyNewsletter/ucm142889.
"
564,Brain CTA (CT angiogram),A computer enhanced x-ray that enables a doctor to see abnormalities of the brain and blood vessels of the brain. Intravenous dye (contrast) is given when detailed pictures of the arteries in the neck and inside the brain are needed to determine diagnosis and treatment of problems such as aneurysms and arteriovenous malformations (AVMs). ,"CT scans require radiation. Multiple exposures to radiation increase the risk of cancer later in life. The intravenous contrast can injure the kidneys, especially if the person has underlying kidney disease. Some patients can be allergic to the contrast resulting in a rash to life-threatening swelling and low blood pressure."
565,Brain CT (CAT) scan without dye,"A computer enhanced x-ray that enables a doctor to see abnormalities of the brain. A head CT scan is an excellent test to look for evidence of bleeding in or around the brain. It can be done quickly, which is important when a person has symptoms of an acute stroke (brain attack). ",CT scans require radiation. Multiple exposures to radiation increase the risk of cancer later in life.
566,Brain CT (CAT) scan with dye,A computer enhanced x-ray that enables a doctor to see abnormalities of the brain. Intravenous dye (contrast) is given to provide detailed pictures of blood vessels. ,"CT scans require radiation. Multiple exposures to radiation increase the risk of cancer later in life. The intravenous contrast dye can injure the kidneys, especially if the person has underlying kidney disease. Some patients can be allergic to the contrast resulting in a rash to life-threatening swelling and low blood pressure."
567,Neck CTA (CT image of neck arteries),"A computer enhanced x-ray that enables a doctor to see abnormalities of blood vessels of the neck. Intravenous dye (contrast) is given to provide detailed pictures of blood vessels. This test is most often used to detect blocked arteries causing strokes, damaged neck arteries or veins, aneurysms, or blood clots. ","CT scans require radiation. Multiple exposures to radiation increase the risk of cancer later in life. The intravenous contrast dye can injure the kidneys, especially if the person has underlying kidney disease. Some patients can be allergic to the contrast resulting in a rash to life-threatening swelling and low blood pressure."
568,Lower extremity joint MRI with dye (leg MRI),"MRI is magnetic resonance imaging, a special imaging test that does not use x-rays. This test provides very detailed images of the joint and surrounding muscles and bones. This test can help identify arthritis, traumatic injuries, ligament tears, tendon ruptures, meniscus injuries, infections and fractures. An intravenous dye called gadolinium is used to obtain better images.","Gadolinium has been associated with a serious skin and connective tissue disease called nephrogenic systemic fibrosis (NSF). It appears patients with chronic kidney disease are at increased risk of developing NSF after gadolinium. More information can be found at http://www.fda.gov/Drugs/DrugSafety/DrugSafetyNewsletter/ucm142889.
"
569,Upper extremity joint MRI with dye (arm MRI),"MRI is magnetic resonance imaging, a special imaging test that does not use x-rays. This test provides very detailed images of the joint and surrounding muscles and bones. This test can help identify arthritis, traumatic injuries, ligament tears, tendon ruptures, infections and fractures. An intravenous dye called gadolinium is used to obtain better images.","Gadolinium has been associated with a serious skin and connective tissue disease called nephrogenic systemic fibrosis (NSF). It appears patients with chronic kidney disease are at increased risk of developing NSF after gadolinium. More information can be found at http://www.fda.gov/Drugs/DrugSafety/DrugSafetyNewsletter/ucm142889.
"
570,Upper extremity joint MRI without dye (arm MRI),"MRI is magnetic resonance imaging, a special imaging test that does not use x-rays. This test provides very detailed images of the joint and surrounding muscles and bones. This test can help identify arthritis, traumatic injuries, ligament tears, tendon ruptures, infections and fractures.",None.
571,Upper extremity CT scan without dye (arm CAT scan),"A test using computer enhanced x-rays that provides detailed images of the bones, tendons, muscles, and joints of the arm. ",CT scans require radiation. Multiple exposures to radiation increase the risk of cancer later in life.
572,Upper extremity CT scan with dye (arm CAT scan),"A test using special x-rays that provides detailed images of the blood vessels, bones, tendons, muscles, and joints of the arm. Dye (contrast) is given in the vein when information regarding blood supply or abnormalities of blood vessels is especially important.","CT scans require radiation. Multiple exposures to radiation increase the risk of cancer later in life. The intravenous contrast can injure the kidneys, especially if the person has underlying kidney disease. Some patients can be allergic to the contrast resulting in a rash to life-threatening swelling and low blood pressure."
573,Lower extremity CT scan without dye (leg CAT scan),"A test using computer enhanced x-rays that provides detailed images of the bones, tendons, muscles, and joints of the leg. ",CT scans require radiation. Multiple exposures to radiation increase the risk of cancer later in life.
574,Lower extremity CT scan with dye (leg CAT scan),"A test using computer enhanced x-rays that provides detailed images of the blood vessels, bones, tendons, muscles, and joints of the leg. Dye (contrast) is given in the vein when information regarding blood supply or abnormalities of blood vessels is especially important.","CT scans require radiation. Multiple exposures to radiation increase the risk of cancer later in life. The intravenous contrast can injure the kidneys, especially if the person has underlying kidney disease. Some patients can be allergic to the contrast resulting in a rash to life-threatening swelling and low blood pressure."
575,Triangular fibrocartilage complex repair (wrist cartilage surgical repair),"A surgical procedure to repair a damaged triangular fibrocartilage complex (TFCC). The TFCC is cartilage that acts as a cushion and helps provide support to the wrist where it connects to the forearm bones. The surgeon can do an open or arthroscopic repair. The open repair requires a bigger incision. In the arthroscopic approach, the surgeon can makes a small incision to insert an instrument with a camera to visualize and repair the damage. ","Complications include injury to the joint, ligaments, cartilage, nerves or blood vessels, and infection. Patients can infrequently have an adverse reaction to anesthesia. "
576,Cervical facet joint injection (neck joint injection for pain),A procedure that is used to treat neck pain caused by an irritated nerve near a facet joint in the neck. A needle is inserted near the irritated nerve causing the pain. A local anesthetic and a corticosteroid are injected into the area. The anesthetic usually gives some immediate relief and the corticosteroid may diminish pain for months. ,"Complications include bleeding, infection, allergic reaction, headache, and nerve damage. Nerve damage can result in increased pain, numbness and/or arm weakness."
577,Facet joint injection (spinal injection for pain),A procedure that is used to treat neck or back pain being caused by an irritated nerve near a facet joint of the neck or back. A needle is inserted near the irritated nerve causing the pain. A local anesthetic and a corticosteroid are injected into the area. The anesthetic usually gives some immediate relief and the corticosteroid may diminish pain for months. ,"Complications include bleeding, infection, allergic reaction, headache, and nerve damage. Nerve damage can result in increased pain, numbness and/or weakness of an arm or leg."
578,Thoracic facet joint injection (upper back injection for pain),A procedure that is used to treat mid back pain being caused by an irritated nerve near a facet joint of the mid back. A needle is inserted near the irritated nerve causing the pain. A local anesthetic and a corticosteroid are injected into the area. The anesthetic usually gives some immediate relief and the corticosteroid may diminish pain for months. ,"Complications include bleeding, infection, allergic reaction, headache, and nerve damage. Nerve damage can result in increased pain or numbness."
579,"Intrauterine device (IUD, birth control device )","An Intrauterine device (IUD) is a form of birth control used by women. Either a copper containing device or a hormone containing device is inserted in the uterus to prevent pregnancy. This procedure is 99.2 to 99.9% effective in preventing pregnancy. IUDs do not protect against sexually transmitted diseases, including HIV. ","Complications include cramping, bleeding, and pain. Very rarely the IUD pokes a hole in the uterus during placement. If a patient becomes pregnant with an IUD there is an increased risk of having a miscarriage or an ectopic pregnancy. "
580,Arthrodesis (joint fusion),Arthrodesis is also called joint fusion. Joint fusion is surgery that decreases the movement of the joint. It can be done on any joint in the body and is usually performed to improve stability and decrease pain. ,"Complications include bleeding, infection, blood clots and reactions to anesthesia. Other complications are dependent on the joint being fused. "
581,Flu (influenza) vaccine,A vaccine designed to protect against the flu. The flu is caused by the influenza virus and each year experts predict which type of flu virus will be most common. Since the virus may change from one year to the next a new vaccine is needed every fall. The vaccine can protect a patient from getting sick or it can make the illness milder if a person is infected with a related but different influenza strain. The Center for Disease Control (CDC) recommends everyone 6 months and older to get the flu vaccine each year and this should occur before December.,"The risk of a vaccine causing serious harm or death is extremely rare. The following people should not receive the vaccine: severe allergy to chicken eggs, previous severe reaction to the vaccine, children younger than 6 months, patients with a moderate to severe illness with a fever, and patients with a history of Guillain-Barre syndrome. For more information see http://www.cdc.gov/vaccines"
582,HPV (human papiloma virus) vaccine,"A vaccine designed to protect against contracting HPV, which can help to prevent cervical cancer. There are different types of HPV vaccines available. The vaccine is recommended for girls and boys as young as 11 or 12 years of age, usually given as a 3-dose series. The vaccine is also recommended for females 13-26 and males 13-21 who did not receive all 3 doses when they were younger.","These vaccines were not associated with any serious reactions in controlled studies. Less severe reactions that may occur are pain, redness, fever, or other allergic reactions. The following people should not get the vaccine: anyone having a severe reaction to the vaccine in the past, anyone who has had a severe reaction to any vaccine, and people who are significantly sick at the time of the vaccine (it is better to wait until the patient is well). For more information see http://www.cdc.gov/vaccines
"
583,Hepatitis A vaccine,"A vaccine designed to protect against the hepatitis A virus. The vaccine is recommended for the following people: all children 12-23 months of age, anyone older than 1 year traveling or living in countries with a high prevalence of hepatitis A (Mexico, Central America, South America, Asia excluding Japan, Africa, Eastern Europe), ages 2-18 years who live in areas of the U.S. with high incidence of the infection, men who have sex with men, intravenous drug users, patients with chronic liver disease, patients receiving clotting factor medications, and family members adopting a child from a region where the disease is common. The vaccine is proven to protect against Hepatitis A virus for at least 10 years. The vaccine is given in 2 divided doses. The initial dose should be followed up with a booster 6-12 months later. ","The risk of a vaccine causing serious harm or death is extremely rare. Less severe reactions that may occur are pain, redness, fever, or other allergic reactions. The following people should not get the vaccine: anyone having a severe reaction to the vaccine in the past, anyone who has had a severe reaction to any vaccine, and people who are significantly sick at the time of the vaccine (it is better to wait until the patient is well). For more information see http://www.cdc.gov/vaccines"
584,Hepatitis B vaccine,"A vaccine designed to protect against the hepatitis B virus. The vaccine is recommended in all children at birth and any patient who has a high risk of acquiring the infection. The vaccine is given in 3 divided doses before the child reaches 18 months (1 dose at birth, the second dose 1-2 months later, the third dose between 6 and 18 months). The vaccine may be given at the same time as other vaccines.","The risk of a vaccine causing serious harm or death is extremely rare. Less severe reactions that may occur are pain, redness, fever, or other allergic reactions. The following people should not receive the vaccine: patients with a severe allergic reaction to yeast, previous severe reaction to the vaccine, and people who are significantly sick at the time of the vaccine (it is better to wait until the patient is well). For more information see http://www.cdc.gov/vaccines
"
585,Meningitis (meningococcal) vaccine,"A vaccine designed to protect against the bacteria Neisseria meningitidis (meningococcus). Meningococcus can cause very serious infections involving the blood or brain and spinal cord (meningitis). The vaccine is recommended in all children at the age of 11 or 12 followed by a booster shot at age 16. The following of other groups should receive the vaccine: college students living in close quarters (dormitories), U.S. military recruits, people living in parts of the world with high rates of the disease, patients with a damaged spleen, patients without a spleen, some patients with immune deficiencies, and people who have been exposed to the disease.","The risk of a vaccine causing serious harm or death is extremely rare. Less severe reactions that may occur are pain, redness, fever, or other allergic reactions. The following people should not get the vaccine: anyone having a severe reaction to the vaccine in the past, anyone who has had a severe reaction to any vaccine, and people who are significantly sick at the time of the vaccine (it is better to wait until the patient is well). For more information see http://www.cdc.gov/vaccines
"
586,Pneumococcal (pneumonia) vaccine,"A vaccine designed to protect against the bacteria Streptococcus pneumoniae (pneumococcus). Pneumococcus is one of the bacteria that can cause pneumonia. There are two types of vaccine: pneumococcal conjugate vaccine (PCV13) and pneumococcal polysaccharide vaccine (PPSV). The following patients should receive PCV13: infants and children less than 2 years old, children 2-5 years old who are not adequately vaccinated, children 6-18 years old with higher risks of infection (sickle cell disease, HIV-infection, other immune compromising diseases, cochlear implant, or cerebrospinal fluid leaks). The following patients should receive both PCV13 and PPSV: all people over 65, patients 2-64 years old with a disease that lowers their immune system, patients 19-64 years old who have asthma or smoke, and people who live in nursing homes or long term care facilities. The two vaccines should not be given at the same visit and when possible PCV13 should be given first and PPSV at a later date. ","The risk of a vaccine causing serious harm or death is extremely rare. Less severe reactions that may occur are pain, redness, fever, or other allergic reactions. The following people should not get the vaccine: anyone having a severe reaction to the vaccine in the past, anyone who has had a severe reaction to any vaccine, and people who are significantly sick at the time of the vaccine (it is better to wait until the patient is well). For more information see http://www.cdc.gov/vaccines"
587,Chicken pox (varicella) vaccine,A vaccine designed to protect against the Varicella virus. The vaccine is recommended for all children under 13 and for everyone 13 or older who has never had chickenpox. The vaccine is divided in two doses recommended to be given at 12 to 15 months and a second dose at age 4 to 6 years. ,"The risk of a vaccine causing serious harm or death is extremely rare. Less severe reactions that may occur are pain, redness, fever, or other allergic reactions. The following people should not get the vaccine: anyone having a severe reaction to the vaccine in the past, people who are significantly sick at the time of the vaccine (it is better to wait until the patient is well), and pregnant patients (they should wait until after having the baby). Any patient with a weakened immune system should contact their doctor before receiving the vaccine. For more information see http://www.cdc.gov/vaccines"
588,Tetanus vaccine (Td vaccine),"A vaccine designed to protect against tetanus infections. Tetanus vaccine can be given alone. However, it is most often given with a vaccine against diphtheria and sometimes against pertussis. The booster vaccine is recommended every 10 years starting at age 19. Individuals who have sustained puncture type wounds should also receive the booster if it has been more than 10 years since the last booster. Patients who have experienced a dirty or contaminated wound will need a booster if their last vaccine was more than 5 years ago. ","The risk of a vaccine causing serious harm or death is extremely rare. Less severe reactions that may occur are pain, redness, fever, or other allergic reactions. The following people should not get the vaccine: anyone having a severe reaction to the vaccine in the past, any child who has had a brain or nervous system disorder within 7 days after a previous vaccine, and people who are significantly sick at the time of the vaccine (it is better to wait until the patient is well). For more information see http://www.cdc.gov/vaccines"
589,Shingles vaccine,A vaccine designed to protect against the herpes zoster (shingles) virus. The shingles vaccine can also reduce the severity of symptoms in people who still get the virus. A single dose of the shingles vaccine is recommended for adults 60 years of age and older. Scientific studies show the vaccine reduces the risk of developing shingles by about 50%. ,"The risk of a vaccine causing serious harm or death is extremely rare. Less severe reactions that may occur are pain, redness, fever, or other allergic reactions. The following people should not get the vaccine: anyone having a severe reaction to the vaccine in the past, anyone who has had a severe reaction to neomycin or gelatin, patients with a weakened immune system, and people who are significantly sick at the time of the vaccine (it is better to wait until the patient is well). For more information see http://www.cdc.gov/vaccines"
590,Camp physical,A camp physical is an exam that helps to determine the health of the individual before attending the camp and an opportunity to discuss important health issues with parents and children. There are two main parts to a camp physical which are obtaining a detailed medical history and a physical exam.  The physical may vary depending on the requirements set forth by the requested organization. The physicals are required yearly.,None
591,School physical,A school physical is an exam that helps to determine the health of the individual before attending the school and an opportunity to discuss important health issues with parents and children. There are two main parts to a school physical which are obtaining a detailed medical history and a physical exam.  The physical may vary depending on the requirements set forth by the requested organization. The frequency of physicals is determined by the primary care clinician.,None
592,Sports physical,"A sports physical is an exam that helps to determine the health of the individual before participating in sports and an opportunity to discuss important health issues with parents and children.  There are two main parts to a sports physical, which are obtaining a detailed medical history and a physical exam.  The physical may vary depending on the requirements set forth by the requested organization. The physicals are usually done yearly.",None
593,Blood pressure screening,Blood pressure screening should begin at age 18 according to recommendations by the U.S. Preventive Services Task Force.  Blood pressure is measured by two numbers. The top number is called the systolic which is the pressure in the blood vessels when the heart beats. The bottom number is called the diastolic which is the pressure in the blood vessel between heart beats. Normal blood pressure is the systolic number 120 or less over the diastolic number 80 or less. Blood pressure checks should be done at least once every 2 years when blood pressure is less than 120/80 and at least yearly if 120- 139/80-89.,None
594,Health screening,"Health screening is a test or exam to find a condition before symptoms begin. Screening tests may help find diseases or conditions early, when they are easier to treat. Recommended screening tests or exams vary depending on your gender, age, family history and risk factors for diseases. ",None
595,Employment physical,An employment physical is an exam that helps to determine the health of the individual and to determine if the individual is fit to perform the tasks required by him or her to complete the job duties outlined by the employer.  There are two main parts to an employment physical which are obtaining a detailed medical history and a physical exam.  The physical exam may vary depending on the requirements set forth by the requested organization. The frequency of physicals is determined by the employer. ,None
596,Breathing treatment with nebulizer,"A nebulizer is a device that delivers asthma or COPD (Chronic Obstructive Pulmonary Disease) medication directly into the lungs. The nebulizer machine turns the liquid medication into a mist that is inhaled into the lungs of an individual who may be having breathing difficulty and /or if the individual is having a difficult time with using an inhaler. The individual receiving the breathing treatment often uses a facemask for the mist to enter the lungs. Nebulizer treatments are used on all age groups, but most often on infants and children. Each breathing treatment may last 5-10 minutes or longer.","Sore or dry throat, headaches, nausea, vomiting or nervousness. In rare cases, individuals being treated for respiratory problems may experience worse symptoms following the breathing treatment. "
597,Ear wax removal,"Ear wax removal may be necessary when too much wax builds up in the ear canal leading to ear pain, ear fullness and/or decreased hearing. Removal of the ear wax may start with softening of the ear wax with a few drops of mineral oil or hydrogen peroxide to allow for the loosened wax to work its way out naturally. Gentle irrigation with water may also be necessary with a bulb syringe. If your ear continues to be impacted with ear wax, your provider may use a curette with or without a microscope to remove the impacted ear wax.","Pain, infection, and bleeding may occur of the inner ear skin or ear drum. In rare cases eardrum perforation or hearing loss may occur. "
598,Splinter removal,"A splinter is a small sliver of wood. The size and location of the splinter will determine the splinter removal method. Most superficial splinters may be removed by individuals themselves. Deeper or more difficult splinters may need to be removed by the provider. The area surrounding the splinter will be thoroughly cleansed to limit the chance of any infection. The medical provider use forceps or other devices to grab the splinter to remove from the skin. If the splinter is deep a local anesthetic may be applied to limit the pain during the procedure. A small incision may also be required to retrieve the splinter. When possible a splinter should be removed as soon as possible to prevent skin swelling and redness (inflammation), or an infection.","If the splinter is not removed completely, complications may occur such as inflammation of the skin and surrounding tissue and infection.  "
599,Staple or suture removal,"Staples or sutures may be left in place from 5-14 days on average depending on the location and the size of the wound. Your healthcare provider will give you specific instructions on the length the staples or sutures are needed to be left in place based on your individual wound. The wound should be cleaned prior to the removal of the sutures or staples. Staples are generally removed using a sterile staple extractor, while sutures are removed using a combination of a forceps or tweezers with scissors. Once the staples or sutures are removed the wound is cleaned again and a dressing is applied over the wound.  ","If the wound has healed without any symptoms or signs of infection or inflammation, suture or staple removal is almost always uneventful. However, there is always a possibility that a wound could reopen or sutures/staples could be hidden and left in the skin. "
600,Diabetes screening,"Screening to determine if an individual has pre-diabetes or diabetes can be done with one of three different tests called fasting blood glucose, oral glucose tolerance test or with a blood test for hemoglobin A1C. The American Diabetes Association recommends routine screening for diabetes to begin at approximately age 45. Screening should begin at a younger age for people at higher than average risk for diabetes, such as being obese or having a family history of diabetes. ",None
601,Medication renewal,A convenient service to help patients not miss any doses or suffer interruption in their medication schedule. Its called medication adherence. The clinician indicates the number of refills when the prescription is initially written. ,"Certain medications may not be eligible for the service, such as narcotics, medications that may interact with other medications the individual is taking, or medications that need prior authorization to fill."
603,Rotavirus vaccine,"Rotavirus is the most common cause of severe vomiting and diarrhea in children. There are two vaccines RotaTeq/RV5 and Rotarix/RV1, both have been shown to be effective and relatively safe in preventing the great majority of rotavirus illnesses. The vaccine dose and schedule is dependent on the type given and is given in 2-3 doses (1 dose each at 2, 4 and 6 months of age).","A small number of infants may experience fussiness, diarrhea and/or vomiting. Babies with the following conditions should not receive the vaccine: history of severe allergic reactions to the vaccine or to latex; those with a decreased immune system from diseases, cancer, medications, or other medical treatments such as radiation therapy; those who are currently suffering from a moderate to severe rotavirus infection; and those with a history of an intestinal disease called intussusception. For more information see http://www.cdc.gov/vaccines 
"
605,Polio vaccine,"The polio vaccine protects patients against the polio virus. Prior to the discovery of the vaccine, polio was a common disease worldwide, including the United States. Widespread immunization has made this a rare disease. There are 2 types of vaccines, an inactivated polio vaccine (IPV) and an oral polio vaccine (OPV). In the U.S., only the inactivated vaccine is used. It is given as an injection and is administered as 4 doses (at 2 months, 4 months, 6 -18 months and 4-6 years of age). IPV can be given with other vaccines. OPV is still used in other parts of the world.","IPV is generally considered safe. But it should be avoided in people with a history of severe allergic reaction to the vaccine; with a history of severe reaction to the antibiotics neomycin, streptomycin or polymyxin B; or who are moderately to severely ill at the time the vaccine was scheduled. For more information see http://www.cdc.gov/vaccines 
"
607,Haemophilus influenza type B (Hib) vaccine,"This vaccine protects patients against the serious infection caused by the Haemophilus influenzae type b (Hib) bacteria. This infection most often affects children less than 5 years old and can cause pneumonia, epiglottitis, and infections involving the heart, joints, bones, and blood stream. The vaccine should be given in 3-4 doses, with the first 2 doses at 2 months and 4 months. Depending on the brand of vaccine, at least one additional dose is given before 15 months.","The vaccine is generally considered safe. But patients with a history of severe allergic reactions to this vaccine and those who are moderately to severely ill at the time of scheduled vaccination should not receive this vaccine. For more information see http://www.cdc.gov/vaccines 
"
609,Gram Stain,"A gram stain is a test used to identify bacteria. Lab technicians place a thin layer of a sample on a microscope slide and apply a series of stains. The color, size, and shape of the cells are some qualities used to determine the type of bacteria. Samples can be obtained from bodily fluids or tissue from a biopsy.",None
611,Iron level,Iron is a mineral that is an essential component of red blood cells. An iron level measures the amount of iron in the blood. Low levels of iron may be a cause of anemia.,None
613,Fungal test (KOH Prep),"A KOH test is a lab test that identifies fungus. A sample, such as a skin scraping, is placed on a microscope slide. Then, potassium hydroxide (KOH) is applied to the sample, destroying all material other than fungal cells. The fungal cells are then visible to the laboratory technician under the microscope. ",None
617,Throat culture,"A throat culture is a lab test that checks for bacterial or fungal infections of the throat. The most common bacterial infection is due to group A streptococcus (strep throat). A throat culture is performed by using a sterile cotton swab and rubbing it against the back of the throat. The sample is then placed in a special container and incubated for 18-48 hours. If nothing grows, the culture is considered ""negative"". If there is growth, the lab technician will identify the type of bacteria or fungus present.  ","Complications may include gagging, mild pain or discomfort.  When performed properly, the accuracy of a throat culture to determine if you have strep throat is about 95%."
619,Transesophageal echocardiogram (TEE),"Transesophageal echocardiogram is an imaging study that uses ultrasound (sound waves that create a picture) to study the heart's position, motion of the walls, and valves. The test involves a flexible tube with an ultrasound transducer tip that is placed down the throat and into the esophagus. This test provides a more detailed picture of the heart than a standard echocardiogram because the rib cage is not in the way.  This test can be used most often to look at the heart valves for evidence of infection (called endocarditis). It can also help diagnose an enlarged heart, other valve disorders, weakened heart muscle and blood clots inside the heart.","Transesophageal echocardiogram has a relatively low risk of complications. Occasionally, the medication that helps relax the body during the procedure may produce nausea, trouble breathing or an allergic reaction. Some individuals may experience a sore throat for a few hours after the test.  Rarely, the probe may damage the esophagus."
621,"Blood type, screen, and crossmatch","Blood typing is a lab test that identifies a person's specific red blood cell type. Blood types are based on the ABO system. There are a variety of proteins (antigens) on the outside of red blood cells and blood typing defines these proteins and gives the blood type a name (A positive, O negative, etc). Cross matching takes this process one step further and identifies minor proteins that are different than those defined in the typing procedure. Together with typing, cross-matched blood assures compatibility during a transfusion. Blood typing and cross-matching are frequently performed prior to surgery, or when a blood transfusion is anticipated.",None
623,Thyroid ultrasound,"Thyroid ultrasonography is a diagnostic imaging test of the thyroid. During the exam, the ultrasound probe is pressed against the front of the neck. Sound waves from the device bounce off tissues and create echoes which are turned into pictures. A thyroid ultrasound is most often performed to evaluate an enlarged thyroid or a lump felt by the doctor during a physical exam. Most lumps are benign nodules. Sometimes a lump may be a cyst. ",None
625,Uric acid level,A uric acid level is a blood test that measures the chemical that is left after the body breaks down purines. Purines are natural substances that are present throughout the body and in many foods. A high blood uric acid increases the risk of gout and kidney damage.,None
627,Urine culture,"A urine culture is a lab test that checks for bacterial or fungal infections in the urine. Urine is usually collected with a method called a ""clean catch"". To avoid contamination, you wipe the genital area first and then capture the urine in a sterile cup. A catheter is sometimes used to obtain a sample. The sample is then placed in a special container and incubated for 18-48 hours. If nothing grows, the culture is considered ""negative"". If there is growth, the lab technician will identify the type of bacteria or fungus present. ",None
629,Vaginal wet prep/culture,"A clinician will perform a pelvic exam to obtain a sample of vaginal fluid. A drop of the fluid can be placed on a slide to identify certain infections such as trichomonas and bacterial vaginosis. This is known as a wet prep. If needed, the rest of the sample may be placed in a special container and sent to the lab for culture. This can detect other types of bacterial, parasitic or fungal infections in the vagina. The sample is incubated for 18-48 hours. If nothing grows, the culture is considered ""negative"". If there is growth, the lab technician will identify the type of bacteria, parasite or fungus present. ",None although there may be minor vaginal discomfort during the pelvic exam.
631,Wood's light analysis,"Wood's light analysis is a test that utilizes a handheld black light. The light is held 4-5 inches over the skin in a dark room. Normally, your skin will not change color under the ultraviolet light. If your skin does shine under the light, it may indicate a fungal or bacterial infection of the skin.",None
633,Chest x-ray,"A diagnostic imaging test that shows an x-ray image of the chest, lungs, ribs, heart, large arteries and diaphragm. Chest x-rays are most often done to help diagnose a lung infection, to look for a large heart or fluid in the lung, or to help determine the reason for a persistent cough or shortness of breath. ",A chest x-ray requires only a small amount of radiation and is considered safe if performed infrequently. Women who may be pregnant should always inform the doctor and x-ray technician prior to having it done.
635,Fasting blood sugar (glucose),Fasting blood glucose is a blood test that measures the glucose (sugar) level of the blood prior to your first meal. No food or drink is suggested for 10-12 hours prior to the test.  This test is often performed to screen for diabetes.,None
639,Semen analysis,"Semen analysis is a laboratory test that evaluates the quality and quantity of a man's sperm. The most common reason to perform the test is to determine whether a man will have trouble fathering a child (infertility). It is also used to determine the effectiveness of a vasectomy. Test results include sperm concentration (amount), motility (movement) of the sperm, morphology (shape) of the sperm cells, pH and agglutination of sperm (clumping of sperm).",None
641,Cold agglutinins,"A blood test for cold agglutinins looks for the presence of a type of protein that causes red cells to clump together when exposed to a cool temperature. They are sometimes produced by the immune system in response to an infection, such as an infection caused by an organism called Mycoplasma.",None
643,"Basic metabolic panel (BMP, Chem-7)","A Basic Metabolic Panel (BMP or Chem-7) is a blood test that measures the levels of seven blood chemistries. Its one of the most commonly used blood tests to help diagnose and monitor many conditions, including diabetes, kidney disease and acid/base abnormalities. The Chem-7 tests for electrolytes (sodium, potassium, chloride and bicarbonate), kidney function (creatinine, blood urea nitrogen), and glucose (sugar).",None
645,Anterior cruciate ligament (ACL) reconstruction,ACL reconstruction is a surgical procedure to rebuild the anterior cruciate ligament (ACL) in the center of the knee. The ACL keeps the shin bone in place. This surgery is usually done under general anesthesia. Tissue for the ACL repair is either taken from your own body (hamstring or knee cap tendon) or from a donor. This surgery is usually performed with knee arthroscopy (using small incisions and a scope).,"Complications include injury to the joint, ligaments, cartilage, nerves or blood vessels. All surgery comes with the risk of infection and blood clots. Patients can infrequently have bad reactions to anesthesia."
649,Core biopsy,"Core biopsy is a procedure done under local anesthesia where a needle is passed through the skin and into a mass or lump to obtain a sample of the tissue. The needle is hollow and the sample of cells is collected into the hollow needle. The tissue is then examined under a microscope to find any abnormality. Most often, core biopsies are done for breast masses or lumps.",Complications occur rarely but may include moving abnormal cells into unaffected tissue when the needle is removed. Some individuals may experience a small amount of pain. There is also the risk of scarring or infection.
651,Cancer antigen 125 (CA-125),"A CA-125 blood test is used to help diagnose and manage ovarian cancer. Elevated serum CA-125 levels are associated with ovarian carcinoma of epithelial origin in approximately 80% of women. Levels may be elevated in other cancers as well. Declining CA-125 levels usually correlate with treatment response. The test is not accurate enough to be used for routine ovarian screening of the general population. However, high-risk individuals may undergo CA-125 screening regularly.","There are no significant complications of the CA-125 blood test. However, the test has poor sensitivity and specificity.  So, it is not a useful screening test for ovarian cancer. Also, a high CA-125 by itself cannot be used to diagnose ovarian cancer. "
652,H. pylori blood antibody test,"A Helicobacter pylori (H. pylori) antibody test is a blood test which checks for a present or past infection (antibodies to H. pylori).  This blood test is unable to determine if the infection has resolved after being treated. The presence of H. pylori antibodies may not mean you have a current infection but means you have been exposed/infected at some point with H. Pylori. This test may be useful for people with upper abdominal pain. If antibodies are present in the blood, treating the infection may relieve symptoms.  ",None
654,Urea breath test (H. pylori),"The urea breath test is a test which determines if you are infected with the H. pylori bacteria.  Typically, you are advised to be off antibiotics, bismuth medication (Pepto-Bismol) and proton pump inhibitors (PPI) for two weeks prior to the test.  During the test, you will swallow a tagged urea substance which will change to ammonia and carbon dioxide if you have an active H. pylori infection.  This test will measure the carbon dioxide in your exhaled breath after 10 minutes of swallowing the substance.  This test is used to diagnose the infection and/or confirm treatment of an H. pylori infection after treatment. A normal result does not contain tagged carbon dioxide as compared with an abnormal result which does contain tagged carbon dioxide. ",None
656,Valsalva's maneuver,"A maneuver that is performed by forcibly exhaling against a closed airway. It is done to help diagnose the cause of a heart murmur during the physical exam. This maneuver increases the pressure in the thoracic cavity with a resultant decrease in the venous blood return to the heart. The decreased blood return causes a decrease in the amount of blood pumped by the heart. The person experiences a decrease in blood pressure, light-headedness and possibly fainting. ","Complications may be due to low blood pressure, which could include lightheadedness and possibly fainting.  Precautions should be taken before performing The Valsalva maneuver should be done with the person sitting or lying down."
658,VQ scan (lung ventilation perfusion scan),"A ventilation perfusion lung scan (V/Q scan) is a nuclear medicine imaging test. The test looks at both the air flow through the lungs (ventilation) and blood flow through the lungs (perfusion). In the first part of the test, radioactive albumin is injected into a vein and an image is taken while you lie on a mobile table. The second part of the test involves inhaling radioactive gas through a mask while another image is taken. A radiologist then compares the two images and interprets them. V/Q scans are most often performed to look for a blood clot in the lung (pulmonary embolism). ","A V/Q scan requires a small amount of radiation exposure, similar to an x-ray. A needle stick is required so there may be some pain and a very small risk of infection. The radioisotopes used for the injection and breathing parts of the test contain radioactive material that evaporates very quickly. Therefore, the radiation risk is minimal but caution is advised for pregnant or breast-feeding women."
660,Alveoloplasty,"Alveoloplasty is a type of surgery that smooths the jawbone in areas where teeth have been removed or lost. It also is done in preparation for temporary or permanent dentures. This procedure is also called alveoplasty. Alveoloplasty can be done alone. However, it is usually done at the same time that teeth are extracted. Oral and maxillofacial surgeons usually perform alveoloplasties. Some general dentists also do them. Local anesthesia, IV sedation (medicine given in a vein), or general anesthesia may be used. To perform an alveoloplasty, the surgeon first makes a cut in the gum to expose the bone. The necessary bone is removed with instruments and sometimes a rotary drill. A file is used to smooth the bone. Then the gums are stitched closed, typically with dissolvable sutures.","After the procedure, the area will be sore for about a week. Some swelling and bruising may occur. Risks include excessive bleeding, infection, or injury to the nerve that provides feeling to the lips and chin. Call your surgeon if you have significant bleeding or swelling, signs of infection such as fever or chills, or loosening of stiches. "
662,Crown Lengthening,"Crown lengthening is a common procedure performed to expose more tooth above the gum line. This is done when a tooth needs a filling or crown, but not enough of the tooth is showing. Crown lengthening is done by a periodontist. This is a dentist who specializes in gum disease. A local anesthetic is used to numb the area. The periodontist will make cuts that pull the gums away from the teeth. Sometimes it's enough to remove only gum tissue. But usually bone that surrounds the tooth must be removed as well. Once enough of the tooth is exposed, the gums are put back in place using a surgical dressing or are stitched together.","Usually, the treated area may be sore or bleed for about a week after the procedure. The treated teeth may be more sensitive to heat or cold. This usually goes away with time. There is a risk of an infection developing after surgery. Contact your periodontist if you have bleeding that doesnt stop, if you think the area may be infected, or if you notice tender lumps beneath the lower jaw or in the neck. Gums should usually heal for a couple of months before placement of a permanent crown or filling."
664,Frenectomy,"A frenectomy is a procedure to remove a fold of mouth tissue called a frenum. Frenums are found between the upper two front teeth, under the tongue, and on the sides of the gums. A frenum is removed when it causes problems. A frenectomy can be performed in a hospital operating room under general anesthesia or in a dental office under local anesthesia. The surgery can be done in as little as 10 to 15 minutes.","A frenectomy generally heals without problems and with little pain. Bleeding and infection are a risk of any procedure, but are rare after a frenectomy. In rare cases, a frenectomy in the lower jaw can bruise a nerve and cause numbness in the lower lip and chin. This can last several months."
666,Gingival Flap Surgery,"Gingival flap surgery is used to treat gum disease. Usually, this procedure is done if scaling and root planing, or deep cleaning, does not eliminate the gum infection. Gingival flap surgery is done by a periodontist. This is a dentist who specializes in gum disease. First the area will be numbed. The periodontist will separate the gums from the teeth in order to access the roots and bone. Inflamed tissue will be removed from between the teeth and from any holes in the bone. Then the root surfaces will be thoroughly cleaned. Another procedure may be done at the same time to repair bone defects. The gums will then be put back over the treated area and stitched in place. An antiseptic mouth rinse is usually prescribed for a couple of weeks.","Some bleeding, swelling or discomfort is normal after the procedure. It is important to keep the mouth as clean as possible during the healing period to prevent infection. The treated teeth may become more sensitive to heat or cold. Gums in the area may recede over time. Contact your periodontist if bleeding does not stop or if pain and swelling get worse several days after surgery."
668,Gingivectomy and Gingivoplasty,"Gingivectomy is the removal of gum tissue by surgery. It is usually performed to remove overgrown gum tissue or gaps (pockets) between the teeth and gums. The procedure can improve how the gums look and make them easier to keep clean. Gingivoplasty is used to change the shape of gums when they are unusual or have formed abnormally.  Gingivectomy and gingivoplasty procedures are both done by a periodontist. This is a dentist who specializes in gum disease. A local anesthetic is used to numb the area. After the gums have been reshaped, a surgical dressing may be used to cover the area. An antiseptic mouth rinse may be prescribed until regular brushing and flossing can resume at the area of surgery.","There are no major risks to either procedure. Infection may occur, but it is unusual. Normally, the affected area may ooze blood for the first 24 to 48 hours. After that, it should not bleed much. Contact your periodontist if you have bleeding that doesnt stop, if you think the area may be infected, or if you notice tender lumps beneath the lower jaw or in the neck."
670,Hemisection,"Hemisection is the process of separating a tooth with two roots into two halves. This procedure is done when decay or bone loss from periodontal disease extends into the area between the roots. A hemisection provides easier access to this area, so it can be treated and kept clean. After numbing the affected area, the dentist will make a cut and separate the gums from the bone. This exposes the roots and the area between them. The dentist will then separate the tooth into two halves and remove any decay from the tooth or roots. Each half of the tooth may be covered with a temporary crown. Root canal therapy will be needed before the final crowns are put in place. A hemisection usually takes 60 minutes. It may take longer if  periodontal disease or decay is severe.","Swelling, light bleeding and discomfort are normal after a hemisection. An antiseptic mouth rinse is usually prescribed until normal brushing and flossing can resume.  After a few months, the area should have healed well enough for placement of permanent crowns. The two teeth that result from hemisection will have less bone support than the original tooth. Discuss with your periodontist the prospects of long-term success of this procedure, as well as other options."
672,Molar Uprighting,"Molar uprighting corrects a tilted molar. A molar can tilt out of position if a tooth next to it is removed. A tilted molar can cause food to get stuck between teeth. Chewing can make tilting worse and destroy the bone in front of the tooth. Before molar uprighting, the dentist will plan the treatment using plaster casts or models of the teeth, photographs and X-rays. Molar uprighting is done using braces. This procedure takes a few months to a year. The amount of time depends on how severely the tooth is tilted. After the molar has been uprighted, a dental implant or bridge may be used to replace the missing tooth.","Normally, there is discomfort for a few days after the braces are placed. There may also be discomfort when adjustments are made. The braces may cause irritation. This will usually disappear after a few days. Tooth decay and gum disease can occur if teeth are not brushed and flossed regularly. Contact your dentist if irritation or discomfort lasts longer than a week, or if your braces or appliance break."
674,Sinus Lift,"A sinus lift is surgery that adds bone to the upper jaw in the area of the molars and premolars. Some people need this procedure before they can get dental implants in the upper jaw. A sinus lift is sometimes called a sinus augmentation. The bone is added between the jaw and the maxillary sinuses, which are on either side of the nose. To make room for the bone, the sinus membrane has to be moved upward, or ""lifted."" A sinus lift usually is done by a specialist. This could be either an oral and maxillofacial surgeon or a periodontist. Sinus lifts have become common during the last 15 years as more people get dental implants to replace missing teeth.","The main risk of a sinus lift is that the sinus membrane could be punctured or torn. If the membrane is torn, the surgeon will either stitch the tear or place a patch over it. If the repair is not successful, the surgeon may stop the procedure and give the hole time to heal. Infection occurs very rarely after sinus lifts. Implants may be placed four to nine months after sinus lift surgery."
676,Whitening,"Whitening lightens teeth and helps to remove stains and discoloration. It is a popular cosmetic dental procedure, performed by most dentists. To maintain the bright white color, the procedure will need to be repeated. There are two main types of whitening procedures. Vital whitening is performed on teeth that have live nerves. A bleaching product that contains some form of hydrogen peroxide is applied to the tooth surface. In the dentist's office, the bleaching gel is activated by a specialized light or laser so teeth get white faster. Non-vital whitening is done on a tooth that has had root-canal treatment and no longer has a live nerve. The whitening agent is applied inside the tooth. Only dentists can perform non-vital whitening. But vital whitening can be done either in the dentist's office or at home. Products bought over the counter contain a weaker whitening agent than those used in the dentist's office. Therefore, whitening may take longer. A dentist also can make a custom mouthpiece and supply bleaching gel to use at home.",Tooth whitening is unlikely to cause serious side effects. The teeth and gums may become more sensitive for a short while. Women should not have teeth whitened while pregnant.
678,Bone Grafts (Dental),"A bone graft is used to recreate bone and soft tissue lost due to gum (periodontal) disease, cavities or dental infections. A bone graft is also called regenerative surgery. It's usually done by a specialist, such as an oral and maxillofacial surgeon or a periodontist. These procedures can be performed in a dental office with local anesthesia, or by an oral surgeon using IV sedation (medicine given in a vein). The specialist begins by separating the gums from the teeth. Then the affected area is thoroughly cleaned and holes in the bone are filled with bone or synthetic glasses. The bone is covered with a barrier of skin or a synthetic material. Then the gums are stitched back in place. During the next three to six months, the body fills in the treated area with new bone and soft tissue.","Normally, there is some swelling and bleeding of the treated area. The treated teeth or area may become more sensitive to heat and cold. Gums may recede over time. Any exposed tooth roots may develop cavities. It is important to keep the mouth as clean as possible during recovery to help prevent infection. Contact your dentist if bleeding does not stop or if pain and swelling get worse one week after surgery."
680,Gum Graft,"Gum grafts are used to cover exposed tooth roots in an area where the gums have receded (pulled away from the teeth). Gums can recede because of gum (periodontal) disease, naturally thin gum tissue, or trauma. Gum grafts help prevent further recession. This can stop sensitivity and improve the look of a tooth. Soft tissue used for gum grafts may be taken from the roof of the mouth or from the gum around a nearby tooth. A local anesthetic is used to numb this ""donor"" area and the area that will receive the graft.  Then the desired amount of tissue is removed from the donor area and stitched into place at the new location. The site is usually covered with a surgical dressing. The donor area is also closed with stitches. Antiseptic mouth rinses are usually prescribed until normal brushing and flossing can begin again.","Typically, there are no long-term side effects after a gum-graft procedure. Swelling, discomfort and bleeding from the surgical areas are common during the first couple of weeks after the procedure. Risks include infection and graft rejection. Keeping the mouth clean is important. Sometimes the new gum tissue may need to be reshaped. This procedure is called gingivoplasty. "
682,Osseous Surgery,"Osseous surgery reshapes the bone that holds one or more teeth in place. This procedure eliminates deep pockets and bone defects caused by periodontitis, a form of gum disease.  Osseous surgery is often used to treat bone loss around multiple teeth. It is usually done by a periodontist, a dentist who specializes in gum disease. Before the procedure, a local anesthetic is used to numb the area. To access the roots and bone, the periodontist will cut the gum tissue away from each tooth being treated. The roots will be cleaned and the bone will be reshaped using a hand-held drill. The dentist will then stitch the gums back into place. An antiseptic mouth rinse is usually prescribed until normal brushing and flossing can resume.","Normally, there is some bleeding and swelling after the surgery. The treated teeth may become more sensitive to heat and cold. Gums in the area may recede over time. It is important to keep the mouth as clean as possible during the healing period to help prevent infection. Contact your periodontist if bleeding does not stop or if pain and swelling get worse one week after surgery."
684,Root Resection,"During root resection, one or more roots of a tooth are removed. This procedure is done when bone loss from periodontal (gum) disease extends into the area between the roots and deep periodontal pockets have formed. Severe tooth decay that cannot be treated also may require removing a root. Root resection involves cutting into the inside of the tooth, where there are blood vessels and nerves. For this reason, the remaining roots will need root canal treatment. To perform a root resection, the dentist will numb the area and then separate the gums from the tooth to expose the roots. After removing the affected root(s), the dentist will make sure those that remain are smooth and clean on the outside. Then the gums will be stitched back into place. An antiseptic mouth rinse is usually prescribed until normal brushing and flossing can resume.","There may be some discomfort, swelling and light bleeding for a few days. Risks include infection, accidental damage to nearby teeth, or a hole in the sinus for root resection on an upper molar. Root resections are done less often than in the past because other options, such as dental implants, are available. Discuss treatment options with your dentist."
686,Scaling and Root Planing,"Scaling and root planing is the most common and conservative form of treatment for periodontal (gum) disease. Scaling is the removal of calculus (commonly called tartar) and plaque that attach to the tooth surfaces. Scaling especially targets the area below the gum line, along the root. Plaque is more likely to stick to rough surfaces.  For this reason, the root surface is also made smooth in a process called root planing. Scaling and root planing usually requires more than one visit. Typically, each visit may target one-quarter or one-half of the mouth.",The mouth may be sore and teeth may be sensitive to heat and cold for several days or weeks after treatment. Some bleeding may occur as well. The gums will shrink (recede) after successful treatment. This exposes part of the root and may increase the risk of root cavities.
688,Bonding,"Bonding is a procedure that uses a tooth-colored composite resin (plastic) to repair a tooth. Bonding can be used on teeth that are decayed, chipped, broken or discolored. Bonding is one of the easiest and least costly cosmetic dental treatments. Unlike veneers, it can be done in a single visit. The procedure usually takes 30 to 60 minutes. Bonding of multiple teeth may require several visits. Bonding is applied in layers. Each layer is hardened by an ultraviolet light or laser. Depending on the size and depth of the cavity, anesthesia  may not be needed.","Bonded teeth can easily be stained for the first 48 hours after bonding is applied. Avoid tea, coffee, cigarette smoke and other staining substances during this time. Bonding usually lasts several years before needing repair. However, bonding material may chip due to biting or chewing habits. Contact your dentist if you notice sharp edges on your teeth, if the teeth feel strange when you bite down, or if the bonding chips."
690,Fluoride Treatments and Supplements,"Fluoride is used to strengthen teeth and prevent tooth decay. Dental-office fluoride treatments are commonly given to children as their teeth are developing. Fluoride treatments help to prevent decay in both children and adults. Anyone who is at risk of dental decay can benefit from fluoride treatments. Topical fluoride treatments are applied directly to the teeth, often in the form of a gel, foam or varnish. Fluoride supplements can be prescribed to children who are at high risk of dental decay and don't get enough fluoride in drinking water. Fluoride rinses and fluoride in toothpaste also help fight cavities.","Fluoride is safe and effective when used properly. At high doses, it is toxic and may cause nausea. It is very difficult to receive toxic doses because home products use such small amounts of fluoride."
692,Inlays and Onlays,"A dental inlay or onlay is used to restore a damaged or decayed tooth. An inlay is similar to a filling, but it lies within the cusps (bumps) on the chewing surface of the tooth. An onlay is larger. It replaces one or more decayed cusps. Dental inlays and onlays can be made of gold, composite resin (plastic) or ceramics. A direct inlay or onlay can be placed in one visit. The dentist will remove any decay and shape the remaining tooth. The resin will be molded, hardened in the office, then cemented to the tooth. An indirect inlay or onlay is made in a laboratory. It requires two office visits. The tooth will get a temporary filling between visits.","Inlays and onlays can come loose if the cement washes out or combines with saliva while it is being applied. After the procedure, it is important to brush, floss and visit the dentist regularly. Contact your dentist if the tooth is sensitive for more than a few days, if your bite feels different or if the inlay or onlay becomes loose or falls out."
694,Recontouring,"Dental recontouring is performed to change the length, shape or surface of a tooth. Recontouring can correct minor cosmetic imperfections or small areas where plaque or tartar are likely to build up. X-rays may be taken to determine if the tooth's enamel is thick enough to withstand recontouring. To recontour the tooth, the dentist will use a sanding disk or fine diamond burs to remove small amounts of tooth enamel. Usually an injection of local anesthesia is not necessary.  Sandpaper may be used to shape and smooth imperfections between teeth. After reshaping is complete, the teeth will be polished.",Recontouring does not pose any major risks. The tooth may become sensitive if the enamel is thin after recontouring. Contact your dentist if the teeth become sensitive enough to bother you.
696,Apicoectomy,"An apicoectomy may be needed when an infection develops in the bone, under the tooth, after root canal treatment. This procedure can fix the problem about 90% of the time so the tooth doesn't need to be extracted. In an apicoectomy, the root tip, or apex, is removed along with the infected tissue. A filling is then placed to seal the end of the root. An apicoectomy is also called endodontic microsurgery because it is often done using an operating microscope. Most apicoectomies take 30 to 90 minutes. The length will depend on the location of the tooth and the complexity of the root structure. Most apicoectomies are done by a root canal specialist (endodontist).","Some bruising, swelling and numbness may occur in the area for a few days after the surgery. They should disappear within two weeks. Stitches may need to be removed two to seven days after the procedure, or they may dissolve by themselves. The main risk is that 10% of the time the infection comes back. In that case, the tooth may need to be extracted. Other risks include possible infection or nerve damage. An apicoectomy usually lasts for the life of the tooth."
698,Dental Sealants,"A sealant is a clear or tinted plastic protective coating for teeth that is used to prevent cavities. Sealants are painted onto the chewing surfaces of the back teeth (molars and premolars). These are the areas where most cavities form. Sealants cover the grooves and crevices on the tooth surface where food often gets caught. This prevents bacteria from growing in the grooves and crevices and causing cavities. In the past, sealants usually were used only in children. But adults who have a high risk of cavities also can get sealants. Not only are they very effective, they cost a lot less than filling cavities. Applying sealants is quick and painless. It can be done during a routine dental visit.","Risks are very rare. Sealants can cause problems in people who are allergic to plastics or components of plastics. There has also been some concern about the possible harmful effects of bisphenol A (BPA). This chemical is found in some sealants. However, studies show that any release of BPA from sealants is very small and limited to the time right after they are applied. The American Dental Association (ADA) and the U.S. Food and Drug Administration have found that sealants are safe. Based on current research, the ADA says that any low level of BPA exposure from sealants ""poses no known health threat""."
700,Veneers,"Veneers are thin shells of ceramic or resin materials that are bonded to the front parts of teeth. Veneers are used to correct cosmetic defects or the way that teeth come together. If most of the tooth remains, veneers can improve the look of the tooth without cutting it down enough to place a crown. Most veneers do require removal of a small amount of enamel (the outer coating of the teeth). Veneers look like natural teeth.  Porcelain veneers resist stains from coffee, tea or smoking better than resin veneers do. Resin veneers cost less, but they chip easily and don't last as long as ceramic veneers. Veneers require two or three dental visits.","Biting fingernails, chewing on pens, or putting extreme pressure on the teeth can cause veneers to come off, break, or chip. The veneers may not exactly match the color of your other teeth, and they may fall off. Teeth also can become sensitive when enamel is removed."
702,Vital Pulpotomy,"Vital pulpotomy usually is done in children when decay in a tooth has reached the crown part of the pulp, but the pulp in the root of the tooth is still healthy. The pulp contains the tooth's nerve. The procedure also is done when the pulp is exposed as a result of injury or trauma. The affected part of the pulp (in the crown) can be removed, leaving the healthy part of the pulp in the root. A successful vital pulpotomy relieves sensitivity and pain.  It also allows tooth roots to continue to develop into mature roots.","The area may be sore for a short time after the procedure. Vital pulpotomy has a high success rate. If the tooth still hurts or the gums swell after a vital pulpotomy, root canal treatment may be needed."
704,Nitrous Oxide,"Nitrous oxide (N2O) is commonly called ""laughing gas."" It relieves pain and anxiety during dental procedures. People first inhale 100% oxygen through a soft nosepiece or mask. Then nitrous oxide is slowly mixed in with the oxygen. Nitrous oxide usually starts to work in less than five minutes. Nitrous oxide relaxes you but does not put you to sleep. You can still respond to your dentist's requests and answer questions. Your speech may be slightly slurred, and your responses may be slower than usual. Nitrous oxide is very safe when used by a properly trained dentist.","Side effects may include headache, nausea or vomiting. Tell your dentist right away about any discomfort or anxiety you feel or concerns you have. Your motor skills and attention can be affected for as long as 15 minutes after you stop breathing the nitrous oxide. Pregnant women should avoid nitrous oxide. People with stuffy noses or breathing problems cannot receive this form of anesthesia. If you are a recovering substance abuser, speak to your drug counselor or psychiatrist about receiving nitrous oxide.  The euphoric feeling that nitrous oxide gives may be harmful to your recovery."
706,Local Anesthesia,"Local anesthesia is medicine that is injected into the gum or inner cheek to numb part of the mouth. Lidocaine is the most common local anesthetic that dentists use. There are many others. They all have names ending in ""-caine."" Novocain is not used anymore because other drugs last longer, work better and are less likely to cause allergic reactions. An injection of local anesthesia can last up to several hours. After leaving the dentist's office, it may be difficult to speak clearly or eat for a while.","Try to avoid eating while your lip and cheek are numb.  You could bite yourself and not even feel it. Side effects to local anesthesia are very rare. One possible side effect is a hematoma. This is a blood-filled swelling that can form when the injection needle hits a blood vessel. Also, the numbing medicine sometimes causes numbness outside of the targeted area. If this happens, the eyelid or mouth can droop. This will stop when the drug wears off. The needle can also injure a nerve, which can lead to numbness and pain for several weeks or months. The nerve usually heals over time.  "
708,Root Canal Treatment,"The pulp, found in the center of the tooth, runs the entire length of the tooth inside the root canal. Pulp contains nerves and blood vessels. Root canal treatment (endodontic therapy) involves the removal of the pulp. Then the root canal is sterilized and filled with an inert material (gutta percha). This procedure is done when infection occurs in a tooth that has a deep cavity or when the pulp is injured by trauma. Afterward, the tooth is restored with a filling or crown. A general dentist or specialist (endodontist) will perform this procedure. Root canal treatment often can save a tooth from being extracted.","The tooth may be sore or sensitive for two to three days after the procedure. Other possible complications include infection or puncturing a hole in the side of the tooth. After about 10% of root canal procedures, symptoms do not go away. The reason may be continuing infection or canal blockage. Treatment may require another root canal procedure or a type of surgery called an apicoectomy."
710,Dental Implants,"Implants are devices made of titanium that replace the roots of missing teeth. They are used to support crowns, bridges or dentures. Implants are placed using local anesthesia and sometimes sedation. In most cases, placing a single dental implant requires less than one hour. The dentist drills a hole in the jawbone, inserts the implant and stitches the gums back into place. The second step comes three to six months later, after the implant has fused with the jawbone. The dentist cuts open the gum and inserts a metal cap into the implant. The crown, bridge or denture is added two to three weeks later, after the gums have healed around the cap. Some newer implants can be placed in only one step. Implants can be inserted only in someone who has healthy gums and enough bone in the jaw to hold the implant.","Complications can include bleeding, infection, and injury to the nerves, sinuses, or nasal cavity. Implant surgery is successful more than 90% of the time. Occasionally, an implant fails to integrate with the surrounding bone. This is more likely to happen with smokers. Implants also can break or fail because of an infection. A ""failed"" implant has to be removed. Another implant can be placed right away or at a later visit."
