chief_complaint_id,n_body_areas,body_areas_list,n_symptoms,symptoms_list,n_diff_dx,diff_dx_list
,17.0,"Head,Neck,Face,Chest,Back,Lower Back,Shoulder,Arms,Hands,Abdomen,Pelvis,Hips,Buttock/Rectum,Legs,Feet,Skin,Other",,,,
1,1.0,Abdomen,2.0,"Upper abdominal pain,Upper belly pain",42.0,"Cholecystitis (inflammation of the gallbladder),Choledocholithiasis (stone in bile duct),Cholelithiasis (gallstones),Constipation,Gastric ulcer (stomach ulcer),Gastritis (stomach inflammation),Gastroenteritis (intestinal infection),Gastroesophageal reflux (GERD, heartburn),Hiatal hernia (stomach pushes through diaphragm),Irritable bowel syndrome (IBS, chronic intestinal pain and cramping),Bowel obstruction (intestinal blockage),Kidney stone (nephrolithiasis),Pancreatitis (pancreas inflammation),Splenic infarction (death of spleen),Celiac disease (celiac sprue),Lactose intolerance,Ventral hernia (bulging of the abdominal wall),Appendicitis,Bronchitis (bronchial tube infection),Cellulitis (skin infection),Colonic diverticulitis (inflammation of pouches in the large intestine),Costochondritis (chest wall inflammation),Dissecting aortic aneurysm (tearing and dilation of the aorta),Endometriosis (uterine tissue outside the uterus),Esophageal stricture (narrowing of the esophagus),Esophagitis (esophageal inflammation),Hernia,Inguinal hernia (groin hernia),Ligament sprain (connection between two bones),Ovarian cyst (female organ fluid collection),Pancreas inflammation (pancreatitis, chronic),Pneumonia (lung infection),Polycystic kidney disease (inherited kidney disorder),Pyelonephritis (kidney infection),Shingles (herpes zoster),Unstable angina (pre heart attack chest pain),Bladder infection (cystitis, UTI, urinary tract infection),Umbilical hernia (belly button hernia),Stomach cancer (gastric cancer),Diverticulosis (weakening of the large intestine wall),Gastroparesis (stomach muscle malfunction),Gallbladder cancer"
10,3.0,"Buttock/Rectum,Abdomen,Pelvis",1.0,Bloody diarrhea,20.0,"Amebiasis (ameba infection),Campylobacter infection (intestinal bacterial infection),Colitis (large intestine inflammation),Colonic diverticulitis (inflammation of pouches in the large intestine),Crohn's disease (regional enteritis, Crohn's colitis, intestinal inflammation),E. coli infection (Escherichia coli, bacterial infection),Intestinal ischemia (decreased intestinal blood flow),Intestinal volvulus (twisting of intestine),Intussusception (telescoping intestine),Mallory Weiss syndrome (esophageal tear),Salmonella infection (common bacterial intestinal infection),Schistosomiasis (parasite infection),Shigellosis (bacterial intestinal infection),Ulcerative colitis (large intestine inflammation),Warfarin (Coumadin) use,Henoch Schönlein purpura (blood vessel inflammation),Clostridium difficile (C. Diff),Food poisoning,Gastrointestinal bleeding (stomach, intestine bleeding),Hemolytic uremic syndrome (HUS, red blood cell destruction, kidney disease)"
100,1.0,Feet,1.0,Toe pain,19.0,"Arthritis (joint inflammation),Calluses and corns,Cellulitis (skin infection),Contusion (bruise, ecchymosis),Dislocation (joint out of place),Gout (uric acid crystals in the joint causing inflammation),Bunion of big toe (hallux valgus),Hammer toes (toe deformity),Laceration (skin cut),Paronychia (infection around the nail),Peripheral neuropathy (nerve damage),Subungual hematoma (blood under nail),Tendonitis (tendon inflammation),Tenosynovitis (tendon sheath inflammation),Toe swelling,Toe fracture,Puncture wound, toe,Ingrown nail (onychocryptosis),Morton's neuroma"
101,1.0,Mouth,2.0,"Tooth pain,Dental problem",7.0,"Dental caries (cavities),Dental abscess (tooth infection),Dry socket (pain after tooth removal),Periodontitis (gum inflammation),Pulpitis (dental root inflammation),Bruxism (teeth grinding),Langerhans cell histiocytosis (Histiocytosis X)"
102,2.0,"Lower Back,Other",1.0,Trauma,9.0,"Abdominal trauma,Back trauma (injury),Chest trauma (injury),Extremity trauma (leg or arm injury),Eye trauma (injury),Facial trauma (injury),Head trauma,Mouth trauma (injury),Neck trauma (injury)"
103,3.0,"Buttock/Rectum,Abdomen,Pelvis",1.0,Traveler's diarrhea,7.0,"Campylobacter infection (intestinal bacterial infection),Cryptosporidia infection (diarrheal parasite infection),E. coli infection (Escherichia coli, bacterial infection),Giardiasis (giardia infection),Rotavirus infection (intestinal viral infection),Shigellosis (bacterial intestinal infection),Salmonella infection (common bacterial intestinal infection)"
104,2.0,"Back,Lower Back",2.0,"Unsteady gait (Trouble walking),Difficulty with walking",29.0,"Altitude illness,Basilar artery migraine (headache),Brain tumor (cancer of the brain),Cerebral palsy (movement disorder),Cerebral vascular accident (stroke),Encephalitis (brain infection),Epidural hematoma (bleeding around brain or spine),Herniated disc (slipped disc, ruptured disc),Meningitis (spinal fluid infection),Multiple sclerosis (MS),Parkinson's disease (movement disorder),Quaternary syphilis (late stage syphilis),Subdural hematoma (bleeding on brain),Tick paralysis (toxin from ticks),Transient ischemic attack (TIA, reversible stroke),Spinal cord tumor,Carotid artery dissection (neck artery tear),Vertebral artery dissection (neck artery tear),Meningioma (brain tumor),Lewy body dementia (common type of dementia),Friedreich's Ataxia (genetic disorder),Post-polio syndrome,Conversion disorder,Hemorrhagic stroke (CVA, cerebrovascular accident),Huntington disease (chorea),Lacunar stroke,Essential thrombocythemia (excessive blood platelets),Charcot-Marie-Tooth disease,Cerebellar Ataxia"
105,1.0,Pelvis,1.0,Vaginal bleeding,18.0,"Dysfunctional uterine bleeding (abnormal vaginal bleeding),Estrogen withdrawal (female hormone),Ovarian cyst (female organ fluid collection),Vaginal cancer (tumor),Vaginal foreign body,Normal menstruation,Idiopathic thrombocytopenia purpura (ITP, low platelets),Cervical cancer (tumor),Menopause (end of menstruation and fertility),Ectopic pregnancy (tubal pregnancy),Cervicitis (inflammation of the lower uterus),Pelvic inflammatory disease (PID, female reproductive organ infection),Polycystic ovarian syndrome (PCOS, female hormonal disorder),Fibroid (uterine muscle tumor),Vulvar squamous cell carcinoma (skin cancer on female genitalia),Warfarin (Coumadin, Jantoven) overdose,Thrombotic thrombocytopenia purpura (TTP, rare blood disorder),Fallopian tube cancer"
106,1.0,Pelvis,1.0,Vaginal bleeding after menopause,6.0,"Cervical cancer (tumor),Endometrial cancer (cancer of the lining of the uterus),Ovarian cancer (female organ cancer),Uterine prolapse (uterine vaginal protrusion),Vaginal atrophy (atrophic vaginitis),Vulvar squamous cell carcinoma (skin cancer on female genitalia)"
107,1.0,Pelvis,1.0,Vaginal bleeding during pregnancy,7.0,"Ectopic pregnancy (tubal pregnancy),Miscarriage,Molar pregnancy (gestational trophoblastic disease, pregnancy-related tumor),Placenta previa (placenta covers cervix),Placental abruption (placenta separation),Uterine rupture (uterine tear during childbirth),Missed abortion"
108,1.0,Pelvis,1.0,Vaginal discharge,20.0,"Bacterial vaginosis (vaginal infection),Candida albicans (yeast infection),Cervicitis (inflammation of the lower uterus),Chlamydia trachomatis infection (STD),Endometritis (inflammation of the uterus),Bacterial vaginosis (BV, garnerella vaginalis),Neisseria gonorrhea infection (sexually transmitted disease),Pelvic inflammatory disease (PID, female reproductive organ infection),Trichomonas vaginalis infection (vaginal infection),Vaginal foreign body,Vesicovaginal fistula (connection between the bladder and vagina),Vaginal yeast (fungal) infection,Cervical cancer (tumor),Genital herpes (HSV type 2 infection),Sexually transmitted disease (STD),Bladder infection (cystitis, UTI, urinary tract infection),Uterine prolapse (uterine vaginal protrusion),Vaginal atrophy (atrophic vaginitis),Vaginitis (vaginal infection inflammation),Fallopian tube cancer"
109,1.0,Pelvis,1.0,Vaginal itching,4.0,"Bacterial vaginosis (vaginal infection),Menopause (end of menstruation and fertility),Pinworms (common intestinal worm),Vaginal yeast (fungal) infection"
11,1.0,Chest,1.0,Pain or soreness of breast,21.0,"Breast abscess (collection of pus in the breast),Breast cancer (tumor),Breast fibroadenoma (benign breast lumps),Cellulitis (skin infection),Contusion (bruise, ecchymosis),Fibrocystic breasts (breast lumpiness),Mastitis (breast infection inflammation),Abrasions (scrapes),Carpal tunnel syndrome (wrist nerve compression),Costochondritis (chest wall inflammation),Ligament sprain (connection between two bones),Lymphangitis (lymph tissue inflammation),Metastatic neoplasm (cancer spread),Ovarian cyst (female organ fluid collection),Pneumonia (lung infection),Shingles (herpes zoster),Sickle cell disease (disease of red blood cells),Bladder infection (cystitis, UTI, urinary tract infection),Lymphoma (lymph node cancer),Hidradenitis suppurativa (chronic collections of pus),Radiation exposure (radiation sickness)"
110,1.0,Pelvis,1.0,Vaginal pain,11.0,"Bacterial vaginosis (vaginal infection),Bartholin abscess or cyst (sac of pus near the vaginal opening),Chlamydia trachomatis infection (STD),Genital herpes (HSV type 2 infection),Lichen planus (chronic skin inflammation),Menopause (end of menstruation and fertility),Sjogren's syndrome (dry eyes and mouth),Trauma,Vaginitis (vaginal infection inflammation),Vaginal yeast (fungal) infection,Human papillomavirus infection (HPV)"
111,2.0,"Head,Ear	Nose",2.0,"Vertigo (Room spinning),Spinning",19.0,"Alcohol (ethanol) abuse,Basilar artery migraine (headache),Benign positional vertigo (sensation of spinning),Cardiac arrhythmia (abnormal heart rate),Concussion,Ear infection, middle ear (otitis media),Low blood pressure (hypotension),Meniere's disease (dizziness and vertigo),Migraine (type of headache),Motion sickness,Ototoxicity (ear toxicity),Ear infection, outer (otitis externa),Vertebral artery dissection (neck artery tear),Vertebral- basilar artery insufficiency (inadequate blood flow to the back of the brain),Vertebral-basilar stroke (stroke in the back of the brain),Vestibular neuronitis (labyrinthitis, vertigo),Astrocytoma (brain tumor),Brain tumor (cancer of the brain),Fibromuscular dysplasia (FMD)"
112,1.0,Eyes,4.0,"Visual problems,Loss of vision (Blindness),Blurry vision,Blindness",53.0,"Acute angle closure glaucoma (increased inner eye pressure),Brain tumor (cancer of the brain),Cerebral contusion (bruise of brain),Cerebral vascular accident (stroke),Conjunctivitis (pink eye),Corneal abrasion (scrape on eye),Corneal foreign body (object in the eye),Diabetes (high blood sugar),Glaucoma (elevated eye pressure),Methyl alcohol intoxication (methanol),Migraine (type of headache),Multiple sclerosis (MS),Optic neuritis (optic nerve inflammation),Orbital cellulitis (soft tissue eye infection),Orbital fracture (broken bone near the eye),Orbital mass (growth near the eye),Pituitary tumor,Quaternary syphilis (late stage syphilis),Increased pressure in the skull (raised intracranial pressure),Temporal arteritis (inflamed scalp artery),Third cranial nerve disorder (disorder of eye movement),Transient ischemic attack (TIA, reversible stroke),Uveitis (iritis, eye inflammation),Carotid artery stenosis (neck artery narrowing),Hydrocephalus (brain fluid build-up),Cerebral aneurysm (brain artery dilation),Pseudotumor cerebri (increased pressure in the skull),Detached retina (retinal detachment),Cataracts (clouding of the eye lens),Head trauma,Vertebral- basilar artery insufficiency (inadequate blood flow to the back of the brain),Amaurosis fugax (momentary vision loss in one eye),Macular degeneration (chronic eye disease),Diabetic retinopathy (diabetic eye disease),Farsightedness (hyperopia/hypermetropia),Graves eye disease (Graves ophthalmopathy),Hemorrhagic stroke (CVA, cerebrovascular accident),Lacunar stroke,Presbyopia (aging vision),Retinitis pigmentosa,Retinoblastoma (pediatric eye cancer),Retrobulbar Neuritis,Scleritis (inflammation of the eye),Takayasu's arteritis (Giant cell arteritis of the young),Strabismus (crossed eyes),Focal seizure (partial seizure),Tay-Sachs disease,Conversion disorder,Night blindness (nyctalopia),Aphakia,Turner syndrome (gonadal dysgenesis),Retinopathy,Corneal ulcer"
113,3.0,"Abdomen,Other,Head",4.0,"Vomiting,Throwing up,Dry heaves,Can't keep food down",57.0,"Carbon monoxide poisoning (odorless, poisonous gas),Diabetic ketoacidosis (DKA, a complication of poorly controlled diabetes),Gastroenteritis (intestinal infection),Labyrinthitis (dizziness and vertigo),Migraine (type of headache),Myocardial infarction (heart attack),Pancreatitis (pancreas inflammation),Cholelithiasis (gallstones),Acidosis (excessive acid in the body),Alcoholism,Anxiety disorder (generalized anxiety disorder, GAD),Appendicitis,Bacterial overgrowth of small intestine,Cholangitis (inflammation of the bile ducts),Cholecystitis (inflammation of the gallbladder),Crohn's disease (regional enteritis, Crohn's colitis, intestinal inflammation),Drug reaction,Endometriosis (uterine tissue outside the uterus),Esophageal foreign body,Esophagitis (esophageal inflammation),Gastritis (stomach inflammation),Gastroesophageal reflux (GERD, heartburn),Gastrointestinal bleeding (stomach, intestine bleeding),Head injury,Hyperemesis gravidarum (severe vomiting in pregnancy),Influenza (seasonal flu),Kidney stone (nephrolithiasis),Parasite infections,Pharyngitis (throat infection),Polyphagia (overeating),Post concussive syndrome (symptoms after a concussion),Prescription drug abuse,Pyelonephritis (kidney infection),Renal failure, chronic (ongoing kidney failure),Tonsillitis (tonsil infection),Ulcerative colitis (large intestine inflammation),Bladder infection (cystitis, UTI, urinary tract infection),Vertigo (spinning sensation),Viral infections,Food poisoning,Medication reaction,Hepatic encephalopathy (confusion from liver failure),Familial dysautonomia (genetic disorder),Food allergy,Glomerulonephritis (kidney disease),Head injury in children,Parathyroid cancer,Takayasu's arteritis (Giant cell arteritis of the young),Traveler's diarrhea (Montezuma's revenge),Tropical sprue,Wilms' Tumor,Abdominal adhesions (scar tissue),Amyloidosis,Traumatic brain injury,Hydronephrosis,Gallbladder cancer,Drug withdrawal syndrome"
114,3.0,"Legs,Shoulder,Other",1.0,General weakness,18.0,"Botulism (bacterial toxin causing muscle weakness),Guillain Barre syndrome (ascending muscle weakness),Hyperkalemia (elevated potassium level),Hypocalcemia (low blood calcium),Hypoglycemia (low blood sugar),Hypokalemic periodic paralysis (inherited muscle weakness and low potassium),Malabsorption syndrome (abnormal intestinal digestion),Motor neuron disease (progressive nerve disorder),Multiple sclerosis (MS),Myasthenia gravis (autoimmune disease of the nerves, muscles),Peripheral neuropathy (nerve damage),Poliomyelitis (polio),Renal failure, chronic (ongoing kidney failure),Rhabdomyolysis (severe muscle breakdown),West Nile virus infection (mosquito-transmitted illness),Polymyalgia rheumatica (PMR, muscle and joint disorder),Myotonia (impaired muscle relaxation),Muscular dystrophy (inherited muscle disease)"
115,,,1.0,Weakness (Muscle localized),26.0,"Carpal tunnel syndrome (wrist nerve compression),Cerebral vascular accident (stroke),Compartment syndrome (increased pressure inside muscles),Herniated disc (slipped disc, ruptured disc),Peripheral nerve transection (nerve injury),Transient ischemic attack (TIA, reversible stroke),Carotid artery stenosis (neck artery narrowing),Brain arteriovenous malformation (blood vessel abnormality in the brain, AVM),Brachial plexus injury (shoulder nerve injury),Meningioma (brain tumor),Astrocytoma (brain tumor),Cerebral aneurysm (brain artery dilation),Central cord syndrome (traumatic spine injury),Cervical spine stenosis (narrowing of spinal canal),Lumbar spinal stenosis (spinal cord compression),Muscular dystrophy (inherited muscle disease),Amyotrophic lateral sclerosis (ALS, Lou Gehrig's disease),Complex migraine (migraine with neurologic changes),Hemorrhagic stroke (CVA, cerebrovascular accident),Lacunar stroke,Neuroblastoma,Arnold Chiari malformation,Conversion disorder,Decompression sickness (bends, caisson's disease),Fibromuscular dysplasia (FMD),Essential thrombocythemia (excessive blood platelets)"
116,1.0,Other,3.0,"Tired,Fatigue,Lack of energy",49.0,"Anemia (low red blood cell count),Anorexia (eating disorder),Cancer (tumor),Cardiomyopathy (weakened heart),Chronic fatigue syndrome (CFS),Congestive heart failure (CHF),Depression (excessive sadness),Diabetes (high blood sugar),Fever (elevated temperature),Fibromyalgia (chronic pain disorder),Hepatitis (liver inflammation),Hypocalcemia (low blood calcium),Hypokalemia (low blood potassium),Hyponatremia (low blood sodium),Hypothyroidism (low thyroid hormone),Infectious mononucleosis (Epstein Barr virus, ""Mono""),Influenza (seasonal flu),Lupus (systemic lupus erythematosus, SLE),Lyme disease (bacterial infection from ticks),Multiple sclerosis (MS),Overdose,Poisoning,Stress,West Nile virus infection (mosquito-transmitted illness),Renal failure, acute (sudden kidney failure),Renal failure, chronic (ongoing kidney failure),Tuberculosis infection (TB),Lymphoma (lymph node cancer),Malnutrition,Sleep apnea (chronic sleep disruption),Thalassemia (Mediterranean anemia, inherited blood disorder),Ewing's sarcoma (cancer),Extragonadal germ cell tumors,Fallopian tube cancer,Friedreich's Ataxia (genetic disorder),Gallbladder and bile duct cancer,Glomerulonephritis (kidney disease),Hepatitis A,Large cell lung cancer,Malignant Mesothelioma,Squamous cell lung cancer,Amyloidosis,Duodenal cancer (small intestine),Gallbladder cancer,Drug withdrawal syndrome,Scurvy (vitamin C deficiency),Beriberi (thiamine (vitamin B1) deficiency),Pancytopenia,Cardiomegaly (enlarged heart)"
117,,,,,1.0,Cushing disease (excessive pituitary gland hormones)
118,2.0,"Arms,Hands",1.0,Wrist pain,19.0,"Carpal tunnel syndrome (wrist nerve compression),Cellulitis (skin infection),Contusion (bruise, ecchymosis),De Quervain's tenosynovitis (hand tendon inflammation),Fracture (broken bone),Gout (uric acid crystals in the joint causing inflammation),Osteoarthritis (bone inflammation),Overuse syndrome (injury from repetitive activity),Pseudogout (calcium deposit arthritis),Septic arthritis (joint infection),Sprain (stretched, torn ligament),Rheumatoid arthritis (type of chronic joint inflammation),Osteoporosis (extremely thin bone),Scaphoid fracture (broken hand bone),Muscle tear,Bone cancer (bone tumor),Sarcoma (soft tissue cancer),Triangular fibrocartilage complex injury (wrist injury),Wrist sprain"
119,,,,,1.0,Adenoiditis (a type of lymph node inflammation)
12,1.0,Legs,2.0,"Calf pain,Lower leg pain",18.0,"Achilles tendon rupture (heel tendon tear),Baker's cyst (fluid sac behind knee),Compartment syndrome (increased pressure inside muscles),Cellulitis (skin infection),Contusion (bruise, ecchymosis),Deep venous thrombosis (DVT, venous blood clot),Dislocation (joint out of place),Fracture (broken bone),Gout (uric acid crystals in the joint causing inflammation),Peripheral vascular disease (blocked blood vessels),Muscle strain (pulled muscle),Muscle spasm (charley horse),Necrotizing fasciitis (life-threatening infection),Achilles tendonitis (heel tendon inflammation),Bone cancer (bone tumor),Sarcoma (soft tissue cancer),Diabetic neuropathy (nerve damage),Thrombophlebitis (superficial)"
120,3.0,"Neck,Throat,Head",1.0,Throat pain,29.0,"Diphtheria infection (bacterial respiratory infection),Pharyngitis (throat infection),Scarlet fever (post strep inflammation),Streptococcus infection (strep throat bacteria),Tonsillitis (tonsil infection),Upper respiratory tract infection (URI, common cold),Mouth cancer (oropharyngeal cancer),Epiglottitis (severe throat inflammation),Allergic rhinitis (allergic reaction in the nose),Aphthous ulcers (mouth stomatitis),Bronchitis (bronchial tube infection),Burning mouth syndrome,Candida albicans (yeast infection),Dental abscess (tooth infection),Enlarged lymph nodes (lymphadenopathy),Esophagitis (esophageal inflammation),Gastroesophageal reflux (GERD, heartburn),Herpes stomatitis (viral mouth infection),Influenza (seasonal flu),Laryngeal carcinoma (throat cancer),Laryngitis (voice box inflammation),Ludwigs angina (severe infection in the floor of the mouth and neck),Mononucleosis (common viral illness),Thrush (oral candidiasis),Ear infection, middle ear (otitis media),Peritonsillar abscess (collection of pus around tonsils),Sinusitis (sinus infection),Viral infections,Rhinitis (nasal inflammation)"
121,5.0,"Other,Arms,Feet,Hands,Head",3.0,"Tremors,Shaking,Twitching",33.0,"Multiple sclerosis (MS),Parkinson's disease (movement disorder),Hypoglycemia (low blood sugar),Alcohol withdrawal syndrome (mild),Febrile (fever) illness,Essential tremor (abnormal rhythmic shaking),Alcoholism,Anxiety disorder (generalized anxiety disorder, GAD),Concussion,Encephalitis (brain infection),Hypothermia (extreme cold exposure),Head injury,Hypocalcemia (low blood calcium),Meningitis (spinal fluid infection),Panic disorder,Peripheral neuropathy (nerve damage),Prescription drug abuse,Restless legs syndrome (nervous system disorder),Schizophrenia (chronic impaired reality perception),Serotonin syndrome (severe medication reaction),Substance abuse,Temporal lobe epilepsy (non-convulsive seizure),Seizure (abnormal brain electrical activity),Muscle spasm (charley horse),Tourette syndrome (repetitive involuntary movements, vocalizations),Amyotrophic lateral sclerosis (ALS, Lou Gehrig's disease),Medication reaction,Friedreich's Ataxia (genetic disorder),Focal seizure (partial seizure),Generalized seizure disorder (generalized epilepsy),Dystonia,Tic Disorder,Complex partial seizures (psychomotor epilepsy)"
122,1.0,Other,,,7.0,"Seizure (abnormal brain electrical activity),Febrile seizure (convulsion in child with a fever),Hypoglycemia (low blood sugar),Parkinson's disease (movement disorder),Alcohol withdrawal syndrome (mild),Peripheral neuropathy (nerve damage),Essential tremor (abnormal rhythmic shaking)"
123,1.0,Other,1.0,"Weight loss, unexplained",31.0,"Malabsorption syndrome (abnormal intestinal digestion),Lymphoma (lymph node cancer),Cancer (tumor),Bulimia nervosa (binge eating, vomiting),Alcohol (ethanol) abuse,Drug overuse,Anorexia nervosa (eating disorder),Crohn's disease (regional enteritis, Crohn's colitis, intestinal inflammation),Ulcerative colitis (large intestine inflammation),Cirrhosis (liver failure and scarring),Diabetes (high blood sugar),Leukemia (blood cell cancer),Depression (excessive sadness),HIV AIDS (Human Immunodeficiency Virus, Acquired Immune Deficiency Syndrome),Endocarditis (heart valve infection),Hemochromatosis (excess iron disorder),Q fever (flu-like bacterial illness),Stomach cancer (gastric cancer),Sarcoidosis (inflammatory disease),Ewing's sarcoma (cancer),Extragonadal germ cell tumors,Friedreich's Ataxia (genetic disorder),Gallbladder and bile duct cancer,Large cell lung cancer,Malignant Mesothelioma,Parathyroid cancer,Polyarteritis Nodosa (PAN),Squamous cell lung cancer,Duodenal cancer (small intestine),Small bowel cancer (small intestine),Gallbladder cancer"
125,1.0,Other,,,17.0,"Alcohol (ethanol) abuse,Anemia (low red blood cell count),Anorexia (eating disorder),Autoimmune disease,Cancer (tumor),Chronic fatigue syndrome (CFS),Chronic pain,Depression (excessive sadness),Drug overuse,Malnutrition,Hypothyroidism (low thyroid hormone),Renal failure, chronic (ongoing kidney failure),Lymphoma (lymph node cancer),Hodgkin's disease (cancer of the lymph system),Polymyalgia rheumatica (PMR, muscle and joint disorder),Panhypopituitarism (pituitary gland malfunction),Thalassemia (Mediterranean anemia, inherited blood disorder)"
126,,,1.0,Tongue swelling,7.0,"ACE inhibitor induced cough (blood pressure medication side effect),Allergic reaction,Anaphylaxis (severe/life threatening allergic reaction),Anaphylactoid reactions (pseudo allergic reaction),Mouth cancer (oropharyngeal cancer),Angioedema (swelling of skin, lips, eyes),Glossitis"
127,1.0,Other,,,15.0,"Aphthous ulcers (mouth stomatitis),Child abuse,Colic (prolonged infant crying episodes),Corneal abrasion (scrape on eye),Dental eruption (appearance of new tooth),Febrile (fever) illness,Inguinal hernia (groin hernia),Intussusception (telescoping intestine),Meningitis (spinal fluid infection),Ear infection, middle ear (otitis media),Pneumonia (lung infection),Strangulation of genitalia (constriction of genital blood supply),Testicular torsion (twisting of testicle),Upper respiratory tract infection (URI, common cold),Bladder infection (cystitis, UTI, urinary tract infection)"
128,1.0,Other,1.0,Inconsolable baby,16.0,"Aphthous ulcers (mouth stomatitis),Appendicitis,Child abuse,Colic (prolonged infant crying episodes),Corneal abrasion (scrape on eye),Fever (elevated temperature),Intussusception (telescoping intestine),Meningitis (spinal fluid infection),Ear infection, middle ear (otitis media),Septic hip (infected hip joint),Sepsis (serious blood infection),Subdural hematoma (bleeding on brain),Testicular torsion (twisting of testicle),Bladder infection (cystitis, UTI, urinary tract infection),Hydrocephalus (brain fluid build-up),Coronary artery anomaly (heart artery malformation)"
129,1.0,Chest,1.0,Wheezing (Noisy breathing),12.0,"Anaphylaxis (severe/life threatening allergic reaction),Asthma,Atypical pneumonia (lung infection),Bronchiolitis (bronchial tube inflammation),Chronic obstructive pulmonary disease (COPD, emphysema),Congestive heart failure (CHF),Respiratory syncytial virus (RSV, pediatric respiratory infection),Inhaled foreign body (in respiratory tract),Bronchitis (bronchial tube infection),Coronary artery anomaly (heart artery malformation),Cystic fibrosis (inherited disease of lungs, digestive system),Emphysema (COPD, lung disease)"
13,2.0,"Chest,Back",2.0,"Chest pressure,Chest tightness, heaviness or pressure",38.0,"Costochondritis (chest wall inflammation),Dissecting aortic aneurysm (tearing and dilation of the aorta),Dressler syndrome (heart sac inflammation following heart attack or heart surgery),Esophagitis (esophageal inflammation),Gastroesophageal reflux (GERD, heartburn),Hiatal hernia (stomach pushes through diaphragm),Mitral valve prolapse (abnormal heart valve),Myocardial infarction (heart attack),Pericarditis (heart sac inflammation),Pneumonia (lung infection),Pneumothorax (collapse of lung),Prinzmetal angina (heart artery spasm),Pulmonary embolism (blood clot in the lungs),Shingles (herpes zoster),Unstable angina (pre heart attack chest pain),Coronary artery disease (CAD, heart disease),Abrasions (scrapes),Alcoholism,Allergic reaction,Anxiety disorder (generalized anxiety disorder, GAD),Arrhythmia (abnormal heart rhythm),Asthma,Bronchitis (bronchial tube infection),Cholelithiasis (gallstones),Congestive heart failure (CHF),Contusion (bruise, ecchymosis),Essential hypertension (high blood pressure),Gastritis (stomach inflammation),Ligament sprain (connection between two bones),Pulmonary fibrosis (lung scarring),Muscle strain (pulled muscle),Stress,Upper respiratory tract infection (URI, common cold),Vasovagal syncope (fainting),Whiplash injury (neck injury),Sarcoidosis (inflammatory disease),Dysthymia (depression, dysthymic disorder),Supraventricular tachycardia (SVT)"
130,2.0,"Neck,Throat",,,13.0,"Peritonsillar abscess (collection of pus around tonsils),Anaphylaxis (severe/life threatening allergic reaction),Laryngitis (voice box inflammation),Smoke inhalation,Mouth cancer (oropharyngeal cancer),Laryngeal carcinoma (throat cancer),Epiglottitis (severe throat inflammation),Inhaled foreign body (in respiratory tract),Croup (upper airway inflammation),Angioedema (swelling of skin, lips, eyes),Retropharyngeal abscess (throat abscess),Diphtheria infection (bacterial respiratory infection),Ludwigs angina (severe infection in the floor of the mouth and neck)"
131,3.0,"Throat,Other,Neck",1.0,Swollen lymph nodes (Large lymph nodes),15.0,"Burkitt lymphoma (lymph node tumor),Lymphoma (lymph node cancer),Mononucleosis (common viral illness),Cervical lymphadenopathy (enlarged neck lymph nodes),Chagas disease (trypanosomiasis),Dengue fever (tropical mosquito borne illness),Kawasaki disease (pediatric blood vessel disease),Schistosomiasis (parasite infection),Syphilis (treponema pallidum),Toxoplasma infection (parasite infection),Hodgkin's disease (cancer of the lymph system),HIV AIDS (Human Immunodeficiency Virus, Acquired Immune Deficiency Syndrome),Staphylococcus aureus (type of bacteria),Cat scratch fever (bacterial infection after cat scratch),Yaws"
132,1.0,Other,1.0,Failure to thrive,13.0,"Anemia (low red blood cell count),Dehydration,Depression (excessive sadness),Autism spectrum disorder (ASD),Malabsorption syndrome (abnormal intestinal digestion),Malnutrition,Hypothyroidism (low thyroid hormone),Cancer (tumor),Tuberculosis infection (TB),Anorexia (eating disorder),Diabetes (high blood sugar),Infection,Familial dysautonomia (genetic disorder)"
133,1.0,Other,,,20.0,"Fifth disease (erythema infectiosum, viral illness),Adenovirus infection (virus infection),Atypical pneumonia (lung infection),Dengue fever (tropical mosquito borne illness),Lupus (systemic lupus erythematosus, SLE),Lyme disease (bacterial infection from ticks),Measles (viral disease with typical rash),Mononucleosis (common viral illness),Rickettsial infections (type of bacterial infection),Scarlet fever (post strep inflammation),Serum sickness (abnormal immune system response),Neisseria meningitidis infection (meningococcus, serious bacterial illness),Smallpox (Variola virus infection),Syphilis (treponema pallidum),Toxic shock syndrome (life-threatening bacterial infection complication),Typhoid fever (salmonella typhi infection from contaminated food or water),Hand foot and mouth disease (Coxsackie virus),Septic shock (low blood pressure from serious blood infection),Erysipelas (bacterial skin infection),Rubella (German measles)"
134,1.0,Head,,,23.0,"Carbon monoxide poisoning (odorless, poisonous gas),Cavernous sinus aneurysm (head vein dilation),Cavernous sinus thrombosis (head vein blood clot),Cavernous sinus tumor (head vein cancer),Cerebellar hemorrhage (bleeding in back of brain),Cerebral contusion (bruise of brain),Cerebral vascular accident (stroke),Epidural hematoma (bleeding around brain or spine),Head injury,Heat stroke,Lupus (systemic lupus erythematosus, SLE),Lyme disease (bacterial infection from ticks),Ramsay Hunt syndrome (viral infection causing facial weakness),Subarachnoid hemorrhage (brain bleeding),Subdural hematoma (bleeding on brain),Carotid artery dissection (neck artery tear),Vertebral artery dissection (neck artery tear),West Nile virus infection (mosquito-transmitted illness),Brain arteriovenous malformation (blood vessel abnormality in the brain, AVM),Meningioma (brain tumor),Astrocytoma (brain tumor),Hydrocephalus (brain fluid build-up),Cerebral aneurysm (brain artery dilation)"
135,1.0,Head,,,16.0,"Lupus (systemic lupus erythematosus, SLE),Meningitis (spinal fluid infection),Ear infection, middle ear (otitis media),Mononucleosis (common viral illness),Streptococcus infection (strep throat bacteria),Pharyngitis (throat infection),Sinusitis (sinus infection),Encephalitis (brain infection),West Nile virus infection (mosquito-transmitted illness),Influenza (seasonal flu),Swine Flu (H1N1 Influenza),Lyme disease (bacterial infection from ticks),Brain abscess (collection of pus in the brain),Heat stroke,Viral infections,Rocky mountain spotted fever (bacterial infection spread by ticks)"
136,2.0,"Head,Other",1.0,Behavioral problem,19.0,"Attention deficit hyperactivity disorder (ADHD),Adjustment disorder (poor adjustment to life stressor),Anorexia (eating disorder),Anxiety disorder (generalized anxiety disorder, GAD),Bulimia nervosa (binge eating, vomiting),Burning mouth syndrome,Drug overuse,Functional disorders (psychogenic illness),Laxative abuse,Marijuana use,Panic disorder,Personality disorder (unhealthy patterns of thinking and behavior),Phobias (irrational fear),Social anxiety disorder (social phobia),Stress,Asperger's syndrome (autism spectrum disorder),Autism spectrum disorder (ASD),Down syndrome (common genetic disorder),Alzheimer's disease (dementia)"
137,1.0,Head,,,28.0,"Altitude illness,Basilar skull fracture (broken skull),Brain abscess (collection of pus in the brain),Brain tumor (cancer of the brain),Carbon monoxide poisoning (odorless, poisonous gas),Cerebral contusion (bruise of brain),Concussion,Encephalitis (brain infection),Epidural abscess (brain or spine pus collection),Epidural hematoma (bleeding around brain or spine),Hypertensive emergency (severely high blood pressure),Meningitis (spinal fluid infection),Increased pressure in the skull (raised intracranial pressure),Skull fracture (broken bone),Subarachnoid hemorrhage (brain bleeding),Subdural hematoma (bleeding on brain),Tick borne encephalitis (brain infection),Typhoid fever (salmonella typhi infection from contaminated food or water),West Nile virus infection (mosquito-transmitted illness),Sagittal sinus thrombosis (venous blood clot in the brain),Brain arteriovenous malformation (blood vessel abnormality in the brain, AVM),Meningioma (brain tumor),Astrocytoma (brain tumor),Hydrocephalus (brain fluid build-up),Cerebral aneurysm (brain artery dilation),Pseudotumor cerebri (increased pressure in the skull),Reyes syndrome (rare liver and brain swelling),Rabies (deadly viral illness transmitted by animals)"
138,1.0,Chest,,,15.0,"Atypical pneumonia (lung infection),Bronchitis (bronchial tube infection),Cocaine overdose,Dressler syndrome (heart sac inflammation following heart attack or heart surgery),Empyema (collection of pus in chest),Esophageal rupture (tear in esophagus),Hepatic abscess (collection of pus in the liver),Lung abscess (collection of pus),Mediastinitis (inner chest inflammation),Myocarditis (heart muscle inflammation),Neisseria meningitidis infection (meningococcus, serious bacterial illness),Pericarditis (heart sac inflammation),Pneumonia (lung infection),Wegener's granulomatosis (granulomatosis with polyangiitis,  blood vessel disease),Q fever (flu-like bacterial illness)"
139,7.0,"Head,Ear	Nose,Face,Throat,Skin,Chest,Shoulder",1.0,Itchy rash (Pruritic rash),28.0,"Anaphylactoid reactions (pseudo allergic reaction),Atopic dermatitis (eczema),Swimmer's itch (cercarial dermatitis),Contact urticaria (hives),Cutaneous larva migrans (parasitic skin disease),Familial cold urticaria (cold-related hives),Fungal infections,Heat rash,Intrahepatic cholestasis of pregnancy (liver disorder in pregnancy),Pityriasis rosea (inflammatory skin rash),Primary sclerosing cholangitis (bile duct disease),Schistosomiasis (parasite infection),Steven Johnson syndrome (rare, serious skin disorder),Symptomatic dermatographism (exaggerated skin response to pressure),Anaphylaxis (severe/life threatening allergic reaction),Allergic reaction,Head lice,Body lice,Pubic lice,Coccidiomycosis (valley fever, fungal infection),Ringworm of the scalp (tinea capitis),Ringworm of the body (tinea corporis),Scabies (skin disease caused by mites),Sea lice,Folliculitis (hair follicle infection),Hot tub follicullitis (hair follicle infection),Flea bite,Mastocytosis (urticaria pigmentosa, skin disease)"
14,1.0,Other,3.0,"Chills,Shakes,Rigors",23.0,"Cellulitis (skin infection),Epiglottitis (severe throat inflammation),Influenza (seasonal flu),Lymphangitis (lymph tissue inflammation),Malaria (mosquito transmitted illness),Meningitis (spinal fluid infection),Mononucleosis (common viral illness),Ear infection, middle ear (otitis media),Pelvic inflammatory disease (PID, female reproductive organ infection),Peritonitis (abdominal cavity inflammation),Pharyngitis (throat infection),Pneumonia (lung infection),Scarlet fever (post strep inflammation),Sinusitis (sinus infection),Upper respiratory tract infection (URI, common cold),Bladder infection (cystitis, UTI, urinary tract infection),Vaccination,Appendicitis,Atypical pneumonia (lung infection),Gastroenteritis (intestinal infection),Laryngitis (voice box inflammation),Pyelonephritis (kidney infection),Tonsillitis (tonsil infection)"
144,,,,,1.0,Subdural hematoma (bleeding on brain)
145,,,1.0,Headache after trauma,12.0,"Subdural hematoma (bleeding on brain),Basilar skull fracture (broken skull),Cerebral contusion (bruise of brain),Cerebrospinal fluid rhinorrhea (leakage of brain fluid from the nose),Epidural hematoma (bleeding around brain or spine),Hemotympanum (blood behind ear drum),Intracranial hemorrhage (bleeding in brain),Concussion,Post concussive syndrome (symptoms after a concussion),Skull fracture (broken bone),Subarachnoid hemorrhage (brain bleeding),Vertebral artery dissection (neck artery tear)"
146,1.0,Head,1.0,Learning difficulties,19.0,"Post concussive syndrome (symptoms after a concussion),Autism spectrum disorder (ASD),Dyslexia (reading disorder),Attention deficit hyperactivity disorder (ADHD),Anxiety disorder (generalized anxiety disorder, GAD),Depression (excessive sadness),Bipolar disorder (manic depressive disorder),Schizophrenia (chronic impaired reality perception),Schizoaffective disorder (features of schizophrenia and mood disorder),Fetal alcohol syndrome,Lead poisoning (toxicity),Failure to thrive - child,Adjustment disorder (poor adjustment to life stressor),Child abuse,Neurofibromatosis (inherited nerve tumors),Fragile X syndrome (genetic disorder),Phenylketonuria (PKU),Developmental delay,Turner syndrome (gonadal dysgenesis)"
147,1.0,Pelvis,1.0,Blood in urine (Hematuria),16.0,"Bladder cancer,Kidney cancer (tumor),Prostate cancer (male anatomy cancer),Bladder stone, urinary,Renal trauma (kidney trauma),Renal infarct (kidney damage from an area of blocked blood flow),Renal vein thrombosis (kidney vein clot),Kidney stone (nephrolithiasis),Benign prostatic hyperplasia (prostate enlargement),Bladder infection (cystitis, UTI, urinary tract infection),Pyelonephritis (kidney infection),Sickle cell disease (disease of red blood cells),Warfarin (Coumadin, Jantoven) overdose,Idiopathic thrombocytopenia purpura (ITP, low platelets),Goodpasture syndrome (disease of kidneys and lungs),Urethral stricture"
148,2.0,"Pelvis,Lower Back",1.0,Urinary retention (Inability to urinate),14.0,"Spinal cord injury, acute,Spinal cord tumor,Cerebral vascular accident (stroke),Cystocele (bladder hernia),Multiple sclerosis (MS),Diabetes (high blood sugar),Benign prostatic hyperplasia (prostate enlargement),Prostate cancer (male anatomy cancer),Bladder cancer,Prostatitis (prostate inflammation),Anticholinergic overdose,Constipation,Alcohol (ethanol) intoxication,Diabetic neuropathy (nerve damage)"
149,,,1.0,Liver failure (Cirrhosis),12.0,"Hemochromatosis (excess iron disorder),Alcohol (ethanol) abuse,Chronic liver disease,Tylenol (acetaminophen) overdose,Hepatitis (liver inflammation),Sclerosing cholangitis (progressive bile duct disease ),Wilsons disease (copper accumulation in tissues),Jaundice (yellow skin color),Autoimmune conditions,Acute fatty liver of pregnancy,Reyes syndrome (rare liver and brain swelling),Liver cancer (tumor)"
15,1.0,Head,2.0,"Change in behavior,Behavioral disturbances",57.0,"Alcohol withdrawal syndrome (mild),Anemia (low red blood cell count),Carbon monoxide poisoning (odorless, poisonous gas),Cerebral vascular accident (stroke),Dehydration,Diabetic ketoacidosis (DKA, a complication of poorly controlled diabetes),Drug overuse,Hypothermia (extreme cold exposure),Epidural hematoma (bleeding around brain or spine),Hypoglycemia (low blood sugar),Hyponatremia (low blood sodium),Hypothyroidism (low thyroid hormone),Hypoxia (lack of oxygen),Intracranial hemorrhage (bleeding in brain),Malignant hyperthermia (rare temperature abnormality),Meningitis (spinal fluid infection),Respiratory failure (breathing failure, ARDS),Subdural hematoma (bleeding on brain),Seizure (abnormal brain electrical activity),Dementia (decline in mental ability),Meningioma (brain tumor),Hydrocephalus (brain fluid build-up),Alzheimer's disease (dementia),Porphyria (rare disorder of skin, nervous system),Lewy body dementia (common type of dementia),Hepatic encephalopathy (confusion from liver failure),Adjustment disorder (poor adjustment to life stressor),Alcohol (ethanol) intoxication,Alcoholism,Altered mental status (confusion),Anxiety disorder (generalized anxiety disorder, GAD),Benzodiazepine (Valium) overdose,Bipolar disorder (manic depressive disorder),Blood loss,Cerebellar syndrome (loss of coordination),Cocaine abuse,Depression (excessive sadness),Drug reaction,Major depressive disorder (severe depression),Marijuana use,Menopause (end of menstruation and fertility),Multiple sclerosis (MS),Narcotic (morphine, heroin) abuse,Obsessive compulsive disorder (OCD, anxiety disorder),Panic disorder,Personality disorder (unhealthy patterns of thinking and behavior),Phobias (irrational fear),Post-traumatic stress disorder (PTSD),Premenstrual syndrome (PMS),Prescription drug abuse,Schizoaffective disorder (features of schizophrenia and mood disorder),Schizophrenia (chronic impaired reality perception),Stress,Attention deficit hyperactivity disorder (ADHD),Hemolytic anemia (red blood cell destruction disorder),Medication reaction,Dysthymia (depression, dysthymic disorder)"
150,1.0,Neck,1.0,Choking,6.0,"Inhaled foreign body (in respiratory tract),Epiglottitis (severe throat inflammation),Parkinson's disease (movement disorder),Alcohol (ethanol) poisoning (overdose),Cerebral vascular accident (stroke),Familial dysautonomia (genetic disorder)"
151,1.0,Head,,,17.0,"Toxic shock syndrome (life-threatening bacterial infection complication),Meningitis (spinal fluid infection),Chicken pox (varicella virus),Dengue fever (tropical mosquito borne illness),Typhoid fever (salmonella typhi infection from contaminated food or water),HIV AIDS (Human Immunodeficiency Virus, Acquired Immune Deficiency Syndrome),Hand foot and mouth disease (Coxsackie virus),Hantavirus infection (rare, serious viral infection),Neisseria meningitidis infection (meningococcus, serious bacterial illness),Measles (viral disease with typical rash),Rickettsial infections (type of bacterial infection),Scarlet fever (post strep inflammation),Syphilis (treponema pallidum),West Nile virus infection (mosquito-transmitted illness),Rocky mountain spotted fever (bacterial infection spread by ticks),Cat scratch fever (bacterial infection after cat scratch),Coccidiomycosis (valley fever, fungal infection)"
152,4.0,"Ear	Nose,Face,Skin,Hips",1.0,Painful rash,8.0,"Erysipelas (bacterial skin infection),Impetigo (bacterial skin infection),Chemical burn,Burns,Cellulitis (skin infection),Shingles (herpes zoster),Steven Johnson syndrome (rare, serious skin disorder),Abrasions (scrapes)"
153,,,1.0,Ingestion,20.0,"Tylenol (acetaminophen) overdose,Amphetamine overdose,Anticholinergic overdose,Antidepressant overdose,Aspirin (salicylates) overdose,Beta blocker overdose (blood pressure medication overdose),Benzodiazepine (Valium) overdose,Calcium channel blocker overdose (blood pressure medication overdose),Chlorine bleach ingestion,Benadryl (diphenhydramine) overdose,Unisom overdose (doxylamine overdose),Nonsteroidal anti-inflammatory drug overdose (Motrin, Advil),Iron overdose,Lead overdose (lead poisoning),Narcotic (morphine, heroin) overdose,Pesticide poisoning (organophosphate poisoning),Radiator fluid (ethylene glycol) poisoning,Rubbing (isopropyl) alcohol overdose,Warfarin (Coumadin, Jantoven) overdose,Windshield wiper fluid (Methanol) poisoning"
154,1.0,Chest,,,22.0,"Atypical pneumonia (lung infection),Bronchiectasis (bronchial tube inflammatory damage),Bronchiolitis (bronchial tube inflammation),Bronchitis (bronchial tube infection),Lung abscess (collection of pus),Pneumonia (lung infection),Sinusitis (sinus infection),Whooping cough (pertussis),Respiratory syncytial virus (RSV, pediatric respiratory infection),Swine Flu (H1N1 Influenza),Coccidiomycosis (valley fever, fungal infection),Influenza (seasonal flu),Bird flu (avian influenza),Histoplasmosis (fungal infection),Q fever (flu-like bacterial illness),Croup (upper airway inflammation),Typhoid fever (salmonella typhi infection from contaminated food or water),Loffler's syndrome (pulmonary eosinophilia, lung inflammation),Lung cancer (tumor),Pneumocystis pneumonia (PCP, fungal lung infection),Common cold (upper respiratory infection),Aspiration pneumonia (lung inflammation or infection)"
155,,,1.0,Melena (Black stools from blood),11.0,"Crohn's disease (regional enteritis, Crohn's colitis, intestinal inflammation),Esophageal varices (dilation of esophageal veins),Esophageal cancer (tumor),Gastric ulcer (stomach ulcer),Gastritis (stomach inflammation),Gastrointestinal bleeding (stomach, intestine bleeding),Mallory Weiss syndrome (esophageal tear),Small bowel lymphoma (intestinal lymph node cancer),Warfarin (Coumadin) use,Thrombocytopenia (low platelet count),Yellow fever (viral hemorrhagic fever)"
156,1.0,Abdomen,1.0,Vomiting coffee ground material,13.0,"Esophageal cancer (tumor),Esophageal varices (dilation of esophageal veins),Gastric ulcer (stomach ulcer),Gastritis (stomach inflammation),Mallory Weiss syndrome (esophageal tear),Warfarin (Coumadin) use,Gastrointestinal bleeding (stomach, intestine bleeding),Thrombocytopenia (low platelet count),Yellow fever (viral hemorrhagic fever),Esophagitis (esophageal inflammation),Cirrhosis (liver failure and scarring),Nonsteroidal anti-inflammatory drug overdose (Motrin, Advil),Stomach cancer (gastric cancer)"
157,1.0,Ear	Nose,1.0,Ringing in ears (Tinnitus),9.0,"Aspirin (salicylates) overdose,Meniere's disease (dizziness and vertigo),Nonsteroidal anti-inflammatory drug overdose (Motrin, Advil),Hearing loss,Head trauma,Neck trauma (injury),Acoustic neuroma (ear nerve tumor),Cerumen impaction (ear wax buildup),Depression (excessive sadness)"
158,2.0,"Mouth,Head",2.0,"Mouth ulcers,Mouth sore",9.0,"Behcets disease (small blood vessel inflammation disorder),Gingivitis (inflammation of the gums),Hand foot and mouth disease (Coxsackie virus),Herpes stomatitis (viral mouth infection),Reiter syndrome (type of joint inflammation),Oral ulcers (mouth ulcers),Mouth cancer (oropharyngeal cancer),Autoimmune conditions,Herpangina (mouth blisters)"
159,1.0,Mouth,2.0,"Mouth swelling,Swollen mouth",13.0,"ACE inhibitor induced cough (blood pressure medication side effect),Allergic reaction,Anaphylactoid reactions (pseudo allergic reaction),Anaphylaxis (severe/life threatening allergic reaction),Herpes stomatitis (viral mouth infection),Hand foot and mouth disease (Coxsackie virus),Poison ivy (poison oak, poison sumac),Mouth trauma (injury),Sjogren's syndrome (dry eyes and mouth),Mouth cancer (oropharyngeal cancer),Ludwigs angina (severe infection in the floor of the mouth and neck),Dental abscess (tooth infection),Food allergy"
16,3.0,"Buttock/Rectum,Abdomen,Pelvis",2.0,"Constipation,Decreased stools",24.0,"Anal fissure (tear),Colonic diverticulitis (inflammation of pouches in the large intestine),Colon cancer (large intestine tumor),Dehydration,Fecal impaction (rectal blockage from stool),Hemorrhoid (enlarged rectal veins),Hypokalemia (low blood potassium),Hypothyroidism (low thyroid hormone),Irritable bowel syndrome (IBS, chronic intestinal pain and cramping),Laxative abuse,Paralytic Ileus (intestinal paralysis),Pregnancy,Appendicitis,Constipation,Fibroid (uterine muscle tumor),Rectal cancer (tumor),Rectal prolapse (rectal protrusion),Rectal ulcer,Renal failure, chronic (ongoing kidney failure),Medication reaction,Familial dysautonomia (genetic disorder),Parathyroid cancer,Rectocele,Abdominal adhesions (scar tissue)"
160,2.0,"Eyes,Head",3.0,"Eye redness,Blood shot eyes,Red eyes",18.0,"Blepharitis (eyelid swelling),Conjunctivitis (pink eye),Corneal abrasion (scrape on eye),Corneal foreign body (object in the eye),Warfarin (Coumadin, Jantoven) overdose,Uveitis (iritis, eye inflammation),Glaucoma (elevated eye pressure),Allergic conjunctivitis (allergic reaction in the eye),Subconjunctival hemorrhage (blood covering white part of the eye),Rubella (German measles),Graves' disease (overproduction of thyroid hormone),Pterygium (growth on the eye),Retinoblastoma (pediatric eye cancer),Scleritis (inflammation of the eye),Tear duct infection (Dacryocystitis),Blocked tear duct (dacryostenosis),Retinopathy,Corneal ulcer"
162,1.0,Ear	Nose,1.0,Sneezing,8.0,"Allergy,Nasal foreign body (unnatural object in the nose),Influenza (seasonal flu),Upper respiratory tract infection (URI, common cold),Allergic rhinitis (allergic reaction in the nose),Nasal polyps (growths),Rhinovirus infection (common cold),Swine Flu (H1N1 Influenza)"
163,1.0,Mouth,1.0,Bleeding gums,11.0,"Aplastic anemia (bone marrow failure),Hemophilia (inherited bleeding disorder),Leukemia (blood cell cancer),Low platelets (thrombocytopenia),Myelodysplastic syndrome (bone marrow failure),Warfarin (Coumadin) use,Gingivitis (inflammation of the gums),Cirrhosis (liver failure and scarring),Periodontitis (gum inflammation),Idiopathic thrombocytopenia purpura (ITP, low platelets),Scurvy (vitamin C deficiency)"
164,1.0,Head,4.0,"Loss of balance,Incoordination,Ataxia (Incoordination),Loss of coordination",24.0,"Alcohol (ethanol) intoxication,Altitude illness,Basilar artery migraine (headache),Brain tumor (cancer of the brain),Cerebral vascular accident (stroke),Concussion,Ear infection, middle ear (otitis media),Labyrinthitis (dizziness and vertigo),Meniere's disease (dizziness and vertigo),Vertebral artery dissection (neck artery tear),Vertebral-basilar stroke (stroke in the back of the brain),Drug overdose,Epidural hematoma (bleeding around brain or spine),Subdural hematoma (bleeding on brain),Multiple sclerosis (MS),Wilsons disease (copper accumulation in tissues),Hypoglycemia (low blood sugar),Cerebral palsy (movement disorder),Transient ischemic attack (TIA, reversible stroke),Chicken pox (varicella virus),Medication reaction,Lacunar stroke,Tay-Sachs disease,Cerebellar Ataxia"
165,,,1.0,Bleeding in brain,11.0,"Head trauma,Hypertensive emergency (severely high blood pressure),Cerebral aneurysm (brain artery dilation),Cocaine overdose,Brain tumor (cancer of the brain),Cirrhosis (liver failure and scarring),Subarachnoid hemorrhage (brain bleeding),Epidural hematoma (bleeding around brain or spine),Subdural hematoma (bleeding on brain),Intracranial hemorrhage (bleeding in brain),Amphetamine overdose"
17,2.0,"Chest,Head",3.0,"Cough,Croupy cough,Smoker's cough",34.0,"ACE inhibitor induced cough (blood pressure medication side effect),Atypical pneumonia (lung infection),Bronchiectasis (bronchial tube inflammatory damage),Bronchitis (bronchial tube infection),Chronic obstructive pulmonary disease (COPD, emphysema),Congestive heart failure (CHF),Gastroesophageal reflux (GERD, heartburn),Laryngitis (voice box inflammation),Pneumonia (lung infection),Whooping cough (pertussis),Influenza (seasonal flu),Sinusitis (sinus infection),Allergic reaction,Typhoid fever (salmonella typhi infection from contaminated food or water),Loffler's syndrome (pulmonary eosinophilia, lung inflammation),Allergic rhinitis (allergic reaction in the nose),Asthma,Esophagitis (esophageal inflammation),Pharyngitis (throat infection),Post nasal drip,Respiratory failure (breathing failure, ARDS),Smoking (tobacco use disorder),Tonsillitis (tonsil infection),Tuberculosis infection (TB),Upper respiratory tract infection (URI, common cold),Viral infections,Rhinitis (nasal inflammation),Langerhans cell histiocytosis (Histiocytosis X),Large cell lung cancer,Malignant Mesothelioma,Squamous cell lung cancer,Mycoplasma infection (bacteria),Neutropenia,Bacterial tracheitis"
170,4.0,"Arms,Face,Feet,Hands",2.0,"Cyanosis (Blue skin coloration),Blue skin tone",26.0,"Asthma,Chronic obstructive pulmonary disease (COPD, emphysema),Congestive heart failure (CHF),Myocardial infarction (heart attack),Polycythemia vera (increased number of red blood cells),Pulmonary edema (fluid build-up in the lungs),Pneumonia (lung infection),Pulmonary fibrosis (lung scarring),Pulmonary embolism (blood clot in the lungs),Narcotic (morphine, heroin) overdose,Hypoglycemia (low blood sugar),Hypothermia (extreme cold exposure),Hypoxia (lack of oxygen),Bronchiolitis (bronchial tube inflammation),Croup (upper airway inflammation),Bronchiectasis (bronchial tube inflammatory damage),Respiratory failure (breathing failure, ARDS),Respiratory syncytial virus (RSV, pediatric respiratory infection),Coronary artery anomaly (heart artery malformation),Meconium aspiration (newborn respiratory problem),Raynaud's disease (blood vessel constriction),Congenital heart disease (heart defect at birth),Medication reaction,Methemoglobinemia (blood disorder),Lung cancer (tumor),Shock (severe low blood pressure)"
171,7.0,"Shoulder,Arms,Hips,Legs,Lower Back,Back,Neck",2.0,"Muscle spasm,Muscle cramps",15.0,"Heat cramps,Overuse syndrome (injury from repetitive activity),Vascular insufficiency due to peripheral artery disease (PAD, claudication, inadequate blood flow),Multiple sclerosis (MS),Torticollis, spasmodic (neck muscle spasm),Muscle spasm (charley horse),Hypokalemia (low blood potassium),Hypocalcemia (low blood calcium),Renal failure, chronic (ongoing kidney failure),Renal failure, acute (sudden kidney failure),Tetanus (lockjaw),Post-polio syndrome,Vitamin D deficiency,Dystonia,Beriberi (thiamine (vitamin B1) deficiency)"
172,3.0,"Mouth,Neck,Throat",1.0,Drooling,21.0,"Tetanus (lockjaw),Stroke (CVA, cerebrovascular accident),Retropharyngeal abscess (throat abscess),Peritonsillar abscess (collection of pus around tonsils),Tonsillitis (tonsil infection),Tonsillar cancer (tumor),Tongue cancer (tumor),Mononucleosis (common viral illness),Streptococcus infection (strep throat bacteria),Pesticide poisoning (organophosphate poisoning),Bell's palsy (facial muscle weakness),Epiglottitis (severe throat inflammation),Cerebral palsy (movement disorder),Teething,Ludwigs angina (severe infection in the floor of the mouth and neck),Parkinson's disease (movement disorder),Guillain Barre syndrome (ascending muscle weakness),Botulism (bacterial toxin causing muscle weakness),Herpes stomatitis (viral mouth infection),Hand foot and mouth disease (Coxsackie virus),Rabies (deadly viral illness transmitted by animals)"
173,1.0,Abdomen,5.0,"Abdominal swelling (Stomach swelling),Bloating,Abdominal distension,Protruding abdomen,Bulging abdomen",29.0,"Irritable bowel syndrome (IBS, chronic intestinal pain and cramping),Umbilical hernia (belly button hernia),Celiac disease (celiac sprue),Malabsorption syndrome (abnormal intestinal digestion),Inguinal hernia (groin hernia),Paralytic Ileus (intestinal paralysis),Intestinal ischemia (decreased intestinal blood flow),Intestinal volvulus (twisting of intestine),Urine retention (inability to urinate),Bacterial overgrowth of small intestine,Constipation,Abdominal aortic aneurysm (enlarged major blood vessel),Renal failure, acute (sudden kidney failure),Cirrhosis (liver failure and scarring),Congestive heart failure (CHF),Bowel obstruction (intestinal blockage),Ovarian cancer (female organ cancer),Near drowning,Ascites (fluid in the abdomen),Lactose intolerance,Cancer (tumor),Gastroparesis (stomach muscle malfunction),Pancreatic cancer (tumor),Colon cancer (large intestine tumor),Spleen injury (splenic rupture),Liver injury (liver trauma),Toxic megacolon (rapid dilation of the colon),Extragonadal germ cell tumors,Urethral stricture"
174,4.0,"Shoulder,Ear	Nose,Face,Hands",1.0,Skin growths,13.0,"Common warts,Melanoma (skin cancer),Epidermal cyst,Skin abscess (collection of pus),Carbuncle,Kaposi Sarcoma (type of cancer),Swimmer's itch (cercarial dermatitis),Neurofibromatosis (inherited nerve tumors),Squamous cell cancer (common skin cancer),Basal cell carcinoma (skin cancer),Skin tags (acrochordons),Keloid (overgrown scar),Cutaneous T cell lymphoma"
175,1.0,Chest,,,18.0,"Atypical pneumonia (lung infection),Bronchiectasis (bronchial tube inflammatory damage),Bronchiolitis (bronchial tube inflammation),Lung abscess (collection of pus),Pneumonia (lung infection),Swine Flu (H1N1 Influenza),Coccidiomycosis (valley fever, fungal infection),Bird flu (avian influenza),Influenza (seasonal flu),Croup (upper airway inflammation),Respiratory syncytial virus (RSV, pediatric respiratory infection),Bronchitis (bronchial tube infection),Pulmonary embolism (blood clot in the lungs),Histoplasmosis (fungal infection),Sepsis (serious blood infection),Dressler syndrome (heart sac inflammation following heart attack or heart surgery),Q fever (flu-like bacterial illness),Upper respiratory tract infection (URI, common cold)"
176,1.0,Hands,1.0,Hand numbness (paresthesias),28.0,"Carpal tunnel syndrome (wrist nerve compression),Cerebral vascular accident (stroke),Compartment syndrome (increased pressure inside muscles),Guillain Barre syndrome (ascending muscle weakness),Hyperventilation (rapid breathing),Lyme disease (bacterial infection from ticks),Multiple sclerosis (MS),Peripheral neuropathy (nerve damage),Thoracic outlet syndrome (nerve, blood vessel compression),Transverse myelitis (spinal cord inflammation),Traumatic nerve injury,West Nile virus infection (mosquito-transmitted illness),Cubital tunnel syndrome (nerve compression in the elbow),Diabetes (high blood sugar),Brachial plexus injury (shoulder nerve injury),Fracture (broken bone),Frostbite (tissue damage from cold),Cervical myelopathy (spinal cord compression),Cervical radiculopathy (pinched nerve in neck),Cervical spine stenosis (narrowing of spinal canal),Cervical spondylosis (neck arthritis),Peripheral vascular disease (blocked blood vessels),Alcoholism,Lead poisoning (toxicity),Spondylolisthesis (slipped back bone),Cancer (tumor),Medication reaction,Raynaud's disease (blood vessel constriction)"
177,2.0,"Legs,Feet",1.0,Ankle pain,17.0,"Ankle fracture (broken ankle),Tendonitis (tendon inflammation),Gout (uric acid crystals in the joint causing inflammation),Pseudogout (calcium deposit arthritis),Spondylolisthesis (slipped back bone),Herniated disc (slipped disc, ruptured disc),Cancer (tumor),Muscle tear,Osteoarthritis (bone inflammation),Ankle sprain,Septic arthritis (joint infection),Achilles tendon rupture (heel tendon tear),Achilles tendonitis (heel tendon inflammation),Arthritis (joint inflammation),Bone cancer (bone tumor),Sarcoma (soft tissue cancer),Deep venous thrombosis (DVT, venous blood clot)"
178,2.0,"Chest,Head",2.0,"Hemoptysis (Coughing blood),Coughing blood",14.0,"Bronchiectasis (bronchial tube inflammatory damage),Bronchitis (bronchial tube infection),Lung cancer (tumor),Pulmonary embolism (blood clot in the lungs),Pneumonia (lung infection),Wegener's granulomatosis (granulomatosis with polyangiitis,  blood vessel disease),Lung abscess (collection of pus),Hemophilia (inherited bleeding disorder),Warfarin (Coumadin, Jantoven) overdose,Tonsillitis (tonsil infection),Goodpasture syndrome (disease of kidneys and lungs),Small cell lung cancer,Large cell lung cancer,Squamous cell lung cancer"
179,8.0,"Abdomen,Eyes,Legs,Skin,Arms,Back,Head,Chest",2.0,"Jaundice (Yellowing skin),Yellow skin",21.0,"Hepatitis (liver inflammation),Autoimmune disease,Primary sclerosing cholangitis (bile duct disease),Cholecystitis (inflammation of the gallbladder),Q fever (flu-like bacterial illness),Choledocholithiasis (stone in bile duct),Cholelithiasis (gallstones),Pancreatic cancer (tumor),Alcoholism,Malaria (mosquito transmitted illness),Cholangitis (inflammation of the bile ducts),Sclerosing cholangitis (progressive bile duct disease ),Wilsons disease (copper accumulation in tissues),Hemochromatosis (excess iron disorder),Cirrhosis (liver failure and scarring),Gilbert's disease (liver abnormality),Newborn jaundice (newborn skin discoloration),Hemolytic anemia (red blood cell destruction disorder),Gallbladder and bile duct cancer,Hepatitis A,Gallbladder cancer"
18,2.0,"Buttock/Rectum,Abdomen",3.0,"Dark stools,Black stools,Tarry stools",13.0,"Crohn's disease (regional enteritis, Crohn's colitis, intestinal inflammation),Esophageal varices (dilation of esophageal veins),Henoch Schönlein purpura (blood vessel inflammation),Gastritis (stomach inflammation),Intussusception (telescoping intestine),Mallory Weiss syndrome (esophageal tear),Meckel's diverticulum (bulge in small intestine),Small bowel lymphoma (intestinal lymph node cancer),Volvulus (twisted intestine),Warfarin (Coumadin) use,Pepto Bismol or Kaopectate ingestion (bismuth),Cancer (tumor),Intestinal ischemia (decreased intestinal blood flow)"
180,,,2.0,"Night sweats,Sweating at night",11.0,"Endocarditis (heart valve infection),Hodgkin's disease (cancer of the lymph system),Lymphoma (lymph node cancer),HIV AIDS (Human Immunodeficiency Virus, Acquired Immune Deficiency Syndrome),Leukemia (blood cell cancer),Menopause (end of menstruation and fertility),Osteomyelitis (bone infection),Pheochromocytoma (adrenal gland tumor),Coccidiomycosis (valley fever, fungal infection),Hyperthyroidism (elevated thyroid hormone),Cancer (tumor)"
181,2.0,"Buttock/Rectum,Abdomen",2.0,"Flatulence (Passing gas),Gas",9.0,"Celiac disease (celiac sprue),Irritable bowel syndrome (IBS, chronic intestinal pain and cramping),Giardiasis (giardia infection),Malabsorption syndrome (abnormal intestinal digestion),Campylobacter infection (intestinal bacterial infection),Shigellosis (bacterial intestinal infection),Salmonella infection (common bacterial intestinal infection),Gastroesophageal reflux (GERD, heartburn),Crohn's disease (regional enteritis, Crohn's colitis, intestinal inflammation)"
182,,,,,2.0,"Abrasions (scrapes),AC (acromioclavicular) joint separation"
183,2.0,"Chest,Face",1.0,Blister (Pocket of fluid),15.0,"Overuse syndrome (injury from repetitive activity),Sunburn,Burns,Chemical burn,Herpes simplex infection (viral infection),Impetigo (bacterial skin infection),Chicken pox (varicella virus),Steven Johnson syndrome (rare, serious skin disorder),Drug reaction,Sun poisoning,Frostbite (tissue damage from cold),Skin blood vessel damage (Chilblains, pernio),Porphyria (rare disorder of skin, nervous system),Pemphigus (rare skin disorder),Pemphigoid"
186,1.0,Head,2.0,"Hair loss (Baldness),Alopecia (Hair loss)",3.0,"Hair loss (alopecia),Male pattern hair loss (hereditary-patterned baldness),Hypoparathyroidism"
187,4.0,"Head,Face,Mouth,Throat",1.0,Jaw pain,16.0,"Temporomandibular joint syndrome (TMJ, jaw joint pain),Bruxism (teeth grinding),Sinusitis (sinus infection),Dental caries (cavities),Mouth trauma (injury),Parotitis (salivary gland inflammation),Tetanus (lockjaw),Trigeminal neuralgia (facial nerve pain),Myocardial infarction (heart attack),Cancer (tumor),Dental abscess (tooth infection),Migraine (type of headache),Mumps (viral infection involving salivary glands),Shingles (herpes zoster),Ludwigs angina (severe infection in the floor of the mouth and neck),Broken jaw (mandible fracture)"
188,1.0,Pelvis,1.0,Impotence,16.0,"Erectile dysfunction (ED),Alcoholism,Cirrhosis (liver failure and scarring),Renal failure, chronic (ongoing kidney failure),Spinal cord injury, acute,Hypertension (high blood pressure),Diabetes (high blood sugar),Multiple sclerosis (MS),Stress,Depression (excessive sadness),Cushing disease (excessive pituitary gland hormones),Hypothyroidism (low thyroid hormone),Male infertility,Peyronie's disease (abnormal curvature of the penis),Paraphimosis,Testicular hypofunction"
189,1.0,Chest,1.0,Heart murmur (Abnormal heart sound),15.0,"Anemia (low red blood cell count),Aortic valve stenosis (tight heart valve),Endocarditis (heart valve infection),Myocardial infarction (heart attack),Pregnancy,Fever (elevated temperature),Hypertrophic cardiomyopathy (thickened heart muscle),Rheumatic fever (complication of strep infection),Mitral valve prolapse (abnormal heart valve),Congenital heart disease (heart defect at birth),Marfan syndrome (rare inherited disease),Valvular heart disease (abnormal heart valves),Aortic regurgitation (leaking heart valve),Mitral regurgitation (leaking heart valve),Mitral stenosis (tight heart valve)"
19,2.0,"Head,Other",4.0,"Depressed,Sadness,Feeling down,Unhappy",29.0,"Substance abuse,Bipolar disorder (manic depressive disorder),Major depressive disorder (severe depression),Post-traumatic stress disorder (PTSD),Depression (excessive sadness),Hypothyroidism (low thyroid hormone),Adjustment disorder (poor adjustment to life stressor),Alcoholism,Anxiety disorder (generalized anxiety disorder, GAD),Benzodiazepine (Valium) abuse,Chronic pain,Cocaine abuse,Drug reaction,False pregnancy,Menopause (end of menstruation and fertility),Narcotic (morphine, heroin) abuse,Obsessive compulsive disorder (OCD, anxiety disorder),Panic disorder,Personality disorder (unhealthy patterns of thinking and behavior),Phobias (irrational fear),Prescription drug abuse,Schizoaffective disorder (features of schizophrenia and mood disorder),Schizophrenia (chronic impaired reality perception),Stress,Attention deficit hyperactivity disorder (ADHD),Obesity,Dysthymia (depression, dysthymic disorder),Huntington disease (chorea),Failure to thrive - adult"
190,2.0,"Chest,Face",2.0,"Pustule (Collection of pus),Collection of pus",8.0,"Impetigo (bacterial skin infection),Hordeolum (stye of eye),Smallpox (Variola virus infection),Chicken pox (varicella virus),Behcets disease (small blood vessel inflammation disorder),Staphylococcus aureus (type of bacteria),Folliculitis (hair follicle infection),Skin abscess (collection of pus)"
191,4.0,"Chest,Neck,Hands,Hips",3.0,"Skin pain,Painful skin,Sore skin",19.0,"Acne (pimples),Folliculitis (hair follicle infection),Skin abscess (collection of pus),Cellulitis (skin infection),Chemical burn,Diphtheria infection (bacterial respiratory infection),Psoriasis (scaly skin disease),Scabies (skin disease caused by mites),Necrotizing fasciitis (life-threatening infection),Shingles (herpes zoster),Sunburn,Poison ivy (poison oak, poison sumac),Bee sting (wasp sting),Fibromyalgia (chronic pain disorder),Carbuncle,Boil (pus-filled lump),Diabetic neuropathy (nerve damage),Dermatofibroma,Keloid (overgrown scar)"
192,1.0,Legs,2.0,"Hot skin,Warm skin",12.0,"Folliculitis (hair follicle infection),Skin abscess (collection of pus),Cellulitis (skin infection),Necrotizing fasciitis (life-threatening infection),Sunburn,Carbuncle,Boil (pus-filled lump),Anticholinergic overdose,Benadryl (diphenhydramine) overdose,Heat exhaustion,Heat rash,Heat stroke"
193,3.0,"Ear	Nose,Face,Chest",2.0,"Skin swelling,Swollen skin",13.0,"Anaphylaxis (severe/life threatening allergic reaction),Urticaria (hives),Poison ivy (poison oak, poison sumac),Chemical burn,Folliculitis (hair follicle infection),Skin abscess (collection of pus),Cellulitis (skin infection),Necrotizing fasciitis (life-threatening infection),Sunburn,Bee sting (wasp sting),Carbuncle,Boil (pus-filled lump),Angioedema (swelling of skin, lips, eyes)"
194,1.0,Mouth,2.0,"Lip swelling,Swollen lip",14.0,"ACE inhibitor induced cough (blood pressure medication side effect),Anaphylaxis (severe/life threatening allergic reaction),Anaphylactoid reactions (pseudo allergic reaction),Allergic reaction,Angioedema (swelling of skin, lips, eyes),Herpes stomatitis (viral mouth infection),Bee sting (wasp sting),Kawasaki disease (pediatric blood vessel disease),Steven Johnson syndrome (rare, serious skin disorder),Squamous cell cancer (common skin cancer),Impetigo (bacterial skin infection),Cellulitis (skin infection),Trauma,Food allergy"
195,1.0,Eyes,2.0,"Eye swelling,Swollen eye",12.0,"ACE inhibitor induced cough (blood pressure medication side effect),Angioedema (swelling of skin, lips, eyes),Allergic reaction,Steven Johnson syndrome (rare, serious skin disorder),Trauma,Periorbital cellulitis (infection around eye),Orbital cellulitis (soft tissue eye infection),Blepharitis (eyelid swelling),Conjunctivitis (pink eye),Hordeolum (stye of eye),Retinoblastoma (pediatric eye cancer),Tear duct infection (Dacryocystitis)"
196,1.0,Feet,2.0,"Foot swelling,Swollen foot",22.0,"Cancer (tumor),Cellulitis (skin infection),Contusion (bruise, ecchymosis),Deep venous thrombosis (DVT, venous blood clot),Foot fracture (broken foot),Gout (uric acid crystals in the joint causing inflammation),Pseudogout (calcium deposit arthritis),Septic arthritis (joint infection),Sprain (stretched, torn ligament),Vasculitis (inflammation of the arteries),Overuse syndrome (injury from repetitive activity),Puncture wound, foot,Rheumatoid arthritis (type of chronic joint inflammation),Congestive heart failure (CHF),Necrotizing fasciitis (life-threatening infection),Renal failure, acute (sudden kidney failure),Hypothyroidism (low thyroid hormone),Athlete's foot (tinea pedis),Muscle tear,Bone cancer (bone tumor),Sarcoma (soft tissue cancer),Foot sprain"
197,1.0,Eyes,2.0,"Visual flashing lights,Flashes of light",8.0,"Optic neuritis (optic nerve inflammation),Multiple sclerosis (MS),Posterior vitreous detachment (common eye abnormality),Detached retina (retinal detachment),Transient ischemic attack (TIA, reversible stroke),Migraine (type of headache),Seizure (abnormal brain electrical activity),Focal seizure (partial seizure)"
198,1.0,Eyes,1.0,Eye floaters,5.0,"Detached retina (retinal detachment),Posterior vitreous detachment (common eye abnormality),Diabetes (high blood sugar),Leukemia (blood cell cancer),Lymphoma (lymph node cancer)"
199,1.0,Pelvis,4.0,"Amenorrhea (No menstruation),Missed periods,Irregular periods (Irregular menses),Skipped periods",18.0,"Pregnancy,Stress,Polycystic ovarian syndrome (PCOS, female hormonal disorder),Anorexia (eating disorder),Bulimia nervosa (binge eating, vomiting),Hypothyroidism (low thyroid hormone),Pituitary tumor,Menopause (end of menstruation and fertility),Hyperthyroidism (elevated thyroid hormone),Sarcoidosis (inflammatory disease),Malnutrition,Depression (excessive sadness),Birth control pill use,Early menopause (premature ovarian failure),Mayer Rokitansky Küster Hauser syndrome (MRKH, inherited vaginal abnormality),Obesity,Medication reaction,Turner syndrome (gonadal dysgenesis)"
2,3.0,"Abdomen,Pelvis,Lower Back",2.0,"Lower abdominal pain,Lower belly pain",46.0,"Appendicitis,Colonic diverticulitis (inflammation of pouches in the large intestine),Ectopic pregnancy (tubal pregnancy),Inguinal hernia (groin hernia),Ovarian cyst (female organ fluid collection),Ovarian torsion (twisting of the ovary),Pelvic inflammatory disease (PID, female reproductive organ infection),Premenstrual syndrome (PMS),Bladder infection (cystitis, UTI, urinary tract infection),Urine retention (inability to urinate),Kidney stone (nephrolithiasis),Diverticulosis (weakening of the large intestine wall),Constipation,Crohn's disease (regional enteritis, Crohn's colitis, intestinal inflammation),Endometriosis (uterine tissue outside the uterus),Ulcerative colitis (large intestine inflammation),Celiac disease (celiac sprue),Irritable bowel syndrome (IBS, chronic intestinal pain and cramping),Lactose intolerance,Ventral hernia (bulging of the abdominal wall),Abdominal trauma,Alcoholism,Allergic reaction,Bacterial vaginosis (vaginal infection),Cervical cancer (tumor),Cervicitis (inflammation of the lower uterus),Cholecystitis (inflammation of the gallbladder),Cholelithiasis (gallstones),Contusion (bruise, ecchymosis),Endometritis (inflammation of the uterus),Fibromyalgia (chronic pain disorder),Gastroenteritis (intestinal infection),Gastroesophageal reflux (GERD, heartburn),Hernia,Ligament sprain (connection between two bones),Miscarriage,Multiple pregnancy (twins, triplets, etc),Pancreas inflammation (pancreatitis, chronic),Placenta previa (placenta covers cervix),Pyelonephritis (kidney infection),Sexually transmitted disease (STD),Trichomonas vaginalis infection (vaginal infection),Vaginitis (vaginal infection inflammation),HIV AIDS (Human Immunodeficiency Virus, Acquired Immune Deficiency Syndrome),Umbilical hernia (belly button hernia),Extragonadal germ cell tumors"
20,3.0,"Buttock/Rectum,Abdomen,Pelvis",2.0,"Diarrhea,Loose stools",31.0,"Bacterial dysentery (bacterial infection of the intestines),Crohn's disease (regional enteritis, Crohn's colitis, intestinal inflammation),Cytomegalovirus infection (CMV viral infection),E. coli infection (Escherichia coli, bacterial infection),Irritable bowel syndrome (IBS, chronic intestinal pain and cramping),Malabsorption syndrome (abnormal intestinal digestion),Pancreas inflammation (pancreatitis, chronic),Rotavirus infection (intestinal viral infection),Salmonella infection (common bacterial intestinal infection),Typhoid fever (salmonella typhi infection from contaminated food or water),Ulcerative colitis (large intestine inflammation),Celiac disease (celiac sprue),Clostridium difficile (C. Diff),Food poisoning,Lactose intolerance,Listeria (serious bacterial illness),Colonic diverticulitis (inflammation of pouches in the large intestine),Colon cancer (large intestine tumor),Gastroenteritis (intestinal infection),Gastrointestinal bleeding (stomach, intestine bleeding),Giardiasis (giardia infection),Rectal cancer (tumor),Shigellosis (bacterial intestinal infection),Viral infections,HIV AIDS (Human Immunodeficiency Virus, Acquired Immune Deficiency Syndrome),Medication reaction,Food allergy,Neuroblastoma,Traveler's diarrhea (Montezuma's revenge),Tropical sprue,Amyloidosis"
200,2.0,"Eyes,Head",2.0,"Blurry vision,Trouble seeing",9.0,"Acute angle closure glaucoma (increased inner eye pressure),Corneal abrasion (scrape on eye),Corneal foreign body (object in the eye),Glaucoma (elevated eye pressure),Migraine (type of headache),Optic neuritis (optic nerve inflammation),Orbital cellulitis (soft tissue eye infection),Orbital mass (growth near the eye),Uveitis (iritis, eye inflammation)"
201,,,,,22.0,"Dysfunctional uterine bleeding (abnormal vaginal bleeding),Gastrointestinal bleeding (stomach, intestine bleeding),Colon cancer (large intestine tumor),Renal failure, chronic (ongoing kidney failure),Pregnancy,Sickle cell disease (disease of red blood cells),Thalassemia (Mediterranean anemia, inherited blood disorder),Alcoholism,Hypothyroidism (low thyroid hormone),Cancer (tumor),HIV AIDS (Human Immunodeficiency Virus, Acquired Immune Deficiency Syndrome),Cirrhosis (liver failure and scarring),Lead poisoning (toxicity),Anorexia nervosa (eating disorder),Malaria (mosquito transmitted illness),Parasite infections,Iron deficiency anemia (low red blood cell count),Aplastic anemia (bone marrow failure),Hemolytic anemia (red blood cell destruction disorder),Pernicious anemia (vitamin deficiency blood disorder),Malnutrition,Multiple myeloma (blood cancer)"
202,1.0,Mouth,2.0,"Painful gums,Gum pain",10.0,"Dental abscess (tooth infection),Dry socket (pain after tooth removal),Periodontitis (gum inflammation),Pulpitis (dental root inflammation),Gingivitis (inflammation of the gums),Behcets disease (small blood vessel inflammation disorder),Burning mouth syndrome,Dentures,Hand foot and mouth disease (Coxsackie virus),Thrush (oral candidiasis)"
203,1.0,Mouth,2.0,"Swollen gums,Gum swelling",10.0,"Behcets disease (small blood vessel inflammation disorder),Dental abscess (tooth infection),Gingivitis (inflammation of the gums),Thrush (oral candidiasis),Periodontitis (gum inflammation),Mouth cancer (oropharyngeal cancer),Dentures,Malnutrition,Allergic reaction,Herpes stomatitis (viral mouth infection)"
204,,,1.0,Low blood sugar,13.0,"Addison's disease (adrenal insufficiency),Insulin overdose,Malnutrition,Alcoholism,Cirrhosis (liver failure and scarring),Diabetes (high blood sugar),Liver cancer (tumor),Reyes syndrome (rare liver and brain swelling),Narcotic (morphine, heroin) overdose,Sepsis (serious blood infection),Hypothyroidism (low thyroid hormone),Renal failure, acute (sudden kidney failure),Medication reaction"
205,,,1.0,Low blood pressure,21.0,"Dehydration,Pulmonary embolism (blood clot in the lungs),Sepsis (serious blood infection),Congestive heart failure (CHF),Toxic shock syndrome (life-threatening bacterial infection complication),Abdominal aortic aneurysm (enlarged major blood vessel),Pancreatitis (pancreas inflammation),Pregnancy,Addison's disease (adrenal insufficiency),Hypothyroidism (low thyroid hormone),Malnutrition,Anaphylaxis (severe/life threatening allergic reaction),Aortic valve stenosis (tight heart valve),Aortic regurgitation (leaking heart valve),Necrotizing fasciitis (life-threatening infection),Congenital heart disease (heart defect at birth),Gastrointestinal bleeding (stomach, intestine bleeding),Valvular heart disease (abnormal heart valves),Myocardial infarction (heart attack),Medication reaction,Hypoparathyroidism"
206,2.0,"Arms,Back",3.0,"Darkening of the skin (Hyperpigmentation),Hyperpigmentation (Darkening skin),Skin darkening",14.0,"Addison's disease (adrenal insufficiency),Mongolian spots (blue birthmark),Moles (nevi),Melanoma (skin cancer),Systemic sclerosis (scleroderma, progressive soft tissue hardening),Polycystic ovarian syndrome (PCOS, female hormonal disorder),Tinea (fungal skin infection),Cushing disease (excessive pituitary gland hormones),Lichen planus (chronic skin inflammation),Lupus (systemic lupus erythematosus, SLE),Psoriasis (scaly skin disease),Melasma (choloasma),Prediabetes (high blood sugar),Cutaneous T cell lymphoma"
207,1.0,Chest,3.0,"Low heart rate,Slow heart rate (Bradycardia),Bradycardia (Slow heart rate)",11.0,"Myxedema coma (severely low thyroid hormone),Heart attack (acute myocardial infarction, AMI),Medication reaction,Hemochromatosis (excess iron disorder),Congenital heart disease (heart defect at birth),Congestive heart failure (CHF),Hypothyroidism (low thyroid hormone),Arrhythmia (abnormal heart rhythm),Atrioventricular node conduction block (heart block),Myocarditis (heart muscle inflammation),Hypoparathyroidism"
208,1.0,Feet,2.0,"Foot itching,Itching feet",26.0,"Contact dermatitis (contact skin irritation),Allergic reaction,Athlete's foot (tinea pedis),Psoriasis (scaly skin disease),Ant bite,Bed bugs,Bee sting (wasp sting),Body lice,Chicken pox (varicella virus),Cutaneous larva migrans (parasitic skin disease),Diabetes (high blood sugar),Hodgkin's disease (cancer of the lymph system),Lichen planus (chronic skin inflammation),Lymphoma (lymph node cancer),Medication reaction,Mosquito bite,Pityriasis rosea (inflammatory skin rash),Poison ivy (poison oak, poison sumac),Pregnancy,Primary sclerosing cholangitis (bile duct disease),Renal failure, chronic (ongoing kidney failure),Scabies (skin disease caused by mites),Sea lice,Shingles (herpes zoster),Insect bite,Swimmer's itch (cercarial dermatitis)"
209,2.0,"Head,Neck",1.0,Hot flashes,9.0,"Menopause (end of menstruation and fertility),Hyperthyroidism (elevated thyroid hormone),Febrile (fever) illness,Panic disorder,Pheochromocytoma (adrenal gland tumor),Thyroid cancer (neck gland cancer),Pancreatic cancer (tumor),Kidney cancer (tumor),Carcinoid syndrome (flushing, diarrhea)"
21,1.0,Head,3.0,"Dizziness,Lightheaded,Room spinning",75.0,"Arrhythmia (abnormal heart rhythm),Atrial fibrillation (irregular heart rate),Blood loss,Bradycardia (slow heart rate),Carbon monoxide poisoning (odorless, poisonous gas),Cerebral vascular accident (stroke),Dehydration,Ear infection, middle ear (otitis media),Hypotension (low blood pressure),Multiple sclerosis (MS),Panic disorder,Transient ischemic attack (TIA, reversible stroke),Ventricular tachycardia (VT, dangerous irregular heart beat),Benign positional vertigo (sensation of spinning),Acoustic neuroma (ear nerve tumor),Adjustment disorder (poor adjustment to life stressor),Alcoholism,Allergic reaction,Amphetamine abuse,Anemia (low red blood cell count),Anxiety disorder (generalized anxiety disorder, GAD),Brain tumor (cancer of the brain),Breast cancer (tumor),Cardiomyopathy (weakened heart),Chronic obstructive pulmonary disease (COPD, emphysema),Concussion,Drug reaction,Gastroenteritis (intestinal infection),Head injury,Heat exhaustion,Hypertensive emergency (severely high blood pressure),Hypoglycemia (low blood sugar),Intracranial hemorrhage (bleeding in brain),Labyrinthitis (dizziness and vertigo),Major depressive disorder (severe depression),Meniere's disease (dizziness and vertigo),Meningitis (spinal fluid infection),Migraine (type of headache),Pneumonia (lung infection),Post concussive syndrome (symptoms after a concussion),Postural hypotension (low blood pressure after standing),Premenstrual syndrome (PMS),Prescription drug abuse,Pulmonary embolism (blood clot in the lungs),Renal failure, acute (sudden kidney failure),Renal failure, chronic (ongoing kidney failure),Sepsis (serious blood infection),Sinusitis (sinus infection),Smoke inhalation,Stress,Upper respiratory tract infection (URI, common cold),Vasovagal syncope (fainting),Vertigo (spinning sensation),Vestibular neuronitis (labyrinthitis, vertigo),Viral infections,Wolff Parkinson White syndrome (WPW, additional electrical pathway in the heart),Seizure (abnormal brain electrical activity),Carotid artery stenosis (neck artery narrowing),Pseudotumor cerebri (increased pressure in the skull),HIV AIDS (Human Immunodeficiency Virus, Acquired Immune Deficiency Syndrome),Atrial flutter (irregular heart rate),Long QT Syndrome (inherited heart condition),Food poisoning,Thyroid cancer (neck gland cancer),Coronary artery disease (CAD, heart disease),Iron deficiency anemia (low red blood cell count),Medication reaction,Head injury in children,Takayasu's arteritis (Giant cell arteritis of the young),Arnold Chiari malformation,Decompression sickness (bends, caisson's disease),Supraventricular tachycardia (SVT),Traumatic brain injury,Pancytopenia,Cerebellar Ataxia"
210,1.0,Pelvis,,,1.0,Anorexia (eating disorder)
211,1.0,Pelvis,2.0,"Infertility (Female),Sterility (female)",13.0,"Pelvic inflammatory disease (PID, female reproductive organ infection),Endometriosis (uterine tissue outside the uterus),Polycystic ovarian syndrome (PCOS, female hormonal disorder),Fibroid (uterine muscle tumor),Medication reaction,Caffeine use,Anorexia (eating disorder),Bulimia nervosa (binge eating, vomiting),Stress,Malnutrition,Smoking (tobacco use disorder),Mayer Rokitansky Küster Hauser syndrome (MRKH, inherited vaginal abnormality),Turner syndrome (gonadal dysgenesis)"
212,2.0,"Head,Face",1.0,Increased facial hair,6.0,"Cushing disease (excessive pituitary gland hormones),Pancreatic cancer (tumor),Polycystic ovarian syndrome (PCOS, female hormonal disorder),Medication reaction,Ovarian cancer (female organ cancer),Excessive hair growth (Hirsutism)"
213,1.0,Arms,1.0,Arm swelling,16.0,"Cellulitis (skin infection),Contusion (bruise, ecchymosis),Fracture (broken bone),Deep venous thrombosis (DVT, venous blood clot),Necrotizing fasciitis (life-threatening infection),Septic arthritis (joint infection),Common spider bite,Allergic reaction,Vasculitis (inflammation of the arteries),Vascular insufficiency due to peripheral artery disease (PAD, claudication, inadequate blood flow),Lymphangitis (lymph tissue inflammation),Muscle tear,Bone cancer (bone tumor),Sarcoma (soft tissue cancer),Essential thrombocythemia (excessive blood platelets),Arm swelling"
214,1.0,Legs,2.0,"Calf swelling,Leg swelling",18.0,"Achilles tendonitis (heel tendon inflammation),Achilles tendon rupture (heel tendon tear),Cellulitis (skin infection),Compartment syndrome (increased pressure inside muscles),Contusion (bruise, ecchymosis),Deep venous thrombosis (DVT, venous blood clot),Fracture (broken bone),Necrotizing fasciitis (life-threatening infection),Vascular insufficiency due to peripheral artery disease (PAD, claudication, inadequate blood flow),Vasculitis (inflammation of the arteries),Glomerulonephritis (kidney disease),Thrombophlebitis (superficial),Traumatic hip dislocation,Broken leg (leg fracture),Essential thrombocythemia (excessive blood platelets),Lymphadenitis,Beriberi (thiamine (vitamin B1) deficiency),Cardiomegaly (enlarged heart)"
215,,,,,5.0,"Hyperparathyroidism (elevated parathyroid hormone levels),Cancer (tumor),Sarcoidosis (inflammatory disease),Medication reaction,Dehydration"
216,1.0,Ear	Nose,1.0,Ear swelling,7.0,"Allergic reaction,Cellulitis (skin infection),Bee sting (wasp sting),Ear infection, outer (otitis externa),Folliculitis (hair follicle infection),Contusion (bruise, ecchymosis),Cauliflower ear (wrestlers ear)"
217,2.0,"Arms,Hands",2.0,"Wrist swelling,Hand, finger swelling",17.0,"Carpal tunnel syndrome (wrist nerve compression),Cellulitis (skin infection),Contusion (bruise, ecchymosis),De Quervain's tenosynovitis (hand tendon inflammation),Fracture (broken bone),Gout (uric acid crystals in the joint causing inflammation),Muscle tear,Overuse syndrome (injury from repetitive activity),Pseudogout (calcium deposit arthritis),Rheumatoid arthritis (type of chronic joint inflammation),Scaphoid fracture (broken hand bone),Septic arthritis (joint infection),Sprain (stretched, torn ligament),Bone cancer (bone tumor),Sarcoma (soft tissue cancer),Triangular fibrocartilage complex injury (wrist injury),Wrist sprain"
218,3.0,"Abdomen,Buttock/Rectum,Pelvis",2.0,"Maroon stools,Blood in stool",16.0,"Anal fissure (tear),Hemorrhoid (enlarged rectal veins),Diverticulosis (weakening of the large intestine wall),Colon cancer (large intestine tumor),Ulcerative colitis (large intestine inflammation),Crohn's disease (regional enteritis, Crohn's colitis, intestinal inflammation),Gastrointestinal bleeding (stomach, intestine bleeding),Colon polyps (large intestine tumors),Bacterial dysentery (bacterial infection of the intestines),Colonic diverticulitis (inflammation of pouches in the large intestine),Gastric ulcer (stomach ulcer),Gastritis (stomach inflammation),Gastroenteritis (intestinal infection),Intestinal volvulus (twisting of intestine),Irritable bowel syndrome (IBS, chronic intestinal pain and cramping),Duodenal cancer (small intestine)"
219,1.0,Arms,1.0,Arm cut (laceration),7.0,"Avulsions (forcible tissue detachment),Traumatic nerve injury,Tendon laceration (tendon cut),Foreign body in a wound,Puncture wound, arm,Wound infection (cut infection),Blood vessel injury"
22,1.0,Eyes,2.0,"Double vision (Diplopia),Diplopia (Seeing double)",18.0,"Third cranial nerve disorder (disorder of eye movement),Diabetes mellitus type 2 (elevated blood sugar),Maxillary sinus carcinoma (sinus cancer),Nasopharyngeal carcinoma (tumor),Ophthalmoplegia (eye muscle weakness),Orbital cellulitis (soft tissue eye infection),Orbital fracture (broken bone near the eye),Orbital mass (growth near the eye),Pituitary tumor,Temporal arteritis (inflamed scalp artery),Syphilis (treponema pallidum),Pseudotumor cerebri (increased pressure in the skull),Miller Fisher Syndrome (rare nerve disease),Basilar artery migraine (headache),Complex migraine (migraine with neurologic changes),Graves eye disease (Graves ophthalmopathy),Strabismus (crossed eyes),Retinopathy"
220,1.0,Hands,1.0,Hand cut (laceration),7.0,"Avulsions (forcible tissue detachment),Foreign body in a wound,Puncture wound, hand,Tendon laceration (tendon cut),Traumatic nerve injury,Wound infection (cut infection),Blood vessel injury"
221,2.0,"Hips,Legs",1.0,Leg cut (laceration),7.0,"Avulsions (forcible tissue detachment),Blood vessel injury,Foreign body in a wound,Puncture wound, leg,Tendon laceration (tendon cut),Traumatic nerve injury,Wound infection (cut infection)"
222,1.0,Feet,1.0,Foot cut (laceration),7.0,"Avulsions (forcible tissue detachment),Blood vessel injury,Foreign body in a wound,Tendon laceration (tendon cut),Traumatic nerve injury,Puncture wound, foot,Wound infection (cut infection)"
223,1.0,Abdomen,,,31.0,"Medication reaction,Allergic reaction,Ringworm of the body (tinea corporis),Chemical burn,Necrotizing fasciitis (life-threatening infection),Heat rash,Burns,Heat stroke,Poison ivy (poison oak, poison sumac),Ant bite,Insect bite,Scabies (skin disease caused by mites),Body lice,Steven Johnson syndrome (rare, serious skin disorder),Bee sting (wasp sting),Bed bugs,Cellulitis (skin infection),Boil (pus-filled lump),Psoriasis (scaly skin disease),Sunburn,Shingles (herpes zoster),Mosquito bite,Erythrasma (chronic bacterial skin infection),Lichen planus (chronic skin inflammation),Chicken pox (varicella virus),Sea lice,Folliculitis (hair follicle infection),Anticholinergic overdose,Pityriasis rosea (inflammatory skin rash),Swimmer's itch (cercarial dermatitis),Scalded skin syndrome (blistering skin infection)"
224,1.0,Abdomen,,,25.0,"Allergic reaction,Ant bite,Bed bugs,Bee sting (wasp sting),Body lice,Chicken pox (varicella virus),Lichen planus (chronic skin inflammation),Medication reaction,Mosquito bite,Pityriasis rosea (inflammatory skin rash),Poison ivy (poison oak, poison sumac),Psoriasis (scaly skin disease),Ringworm of the body (tinea corporis),Scabies (skin disease caused by mites),Sea lice,Insect bite,Swimmer's itch (cercarial dermatitis),Cutaneous larva migrans (parasitic skin disease),Shingles (herpes zoster),Hodgkin's disease (cancer of the lymph system),Lymphoma (lymph node cancer),Primary sclerosing cholangitis (bile duct disease),Renal failure, chronic (ongoing kidney failure),Diabetes (high blood sugar),Pregnancy"
225,1.0,Arms,1.0,Arm itching,24.0,"Allergic reaction,Ant bite,Bed bugs,Bee sting (wasp sting),Body lice,Chicken pox (varicella virus),Cutaneous larva migrans (parasitic skin disease),Diabetes (high blood sugar),Hodgkin's disease (cancer of the lymph system),Lichen planus (chronic skin inflammation),Lymphoma (lymph node cancer),Medication reaction,Mosquito bite,Pityriasis rosea (inflammatory skin rash),Poison ivy (poison oak, poison sumac),Pregnancy,Primary sclerosing cholangitis (bile duct disease),Psoriasis (scaly skin disease),Renal failure, chronic (ongoing kidney failure),Scabies (skin disease caused by mites),Shingles (herpes zoster),Insect bite,Swimmer's itch (cercarial dermatitis),Tinea (fungal skin infection)"
226,1.0,Hands,1.0,Hand redness,34.0,"Allergic reaction,Ant bite,Anticholinergic overdose,Bed bugs,Bee sting (wasp sting),Body lice,Boil (pus-filled lump),Tenosynovitis (tendon sheath inflammation),Burns,Cellulitis (skin infection),Chemical burn,Chicken pox (varicella virus),Skin blood vessel damage (Chilblains, pernio),Erythrasma (chronic bacterial skin infection),Folliculitis (hair follicle infection),Heat rash,Heat stroke,Lichen planus (chronic skin inflammation),Medication reaction,Mosquito bite,Necrotizing fasciitis (life-threatening infection),Pityriasis rosea (inflammatory skin rash),Poison ivy (poison oak, poison sumac),Psoriasis (scaly skin disease),Scabies (skin disease caused by mites),Scalded skin syndrome (blistering skin infection),Sea lice,Shingles (herpes zoster),Insect bite,Steven Johnson syndrome (rare, serious skin disorder),Sunburn,Swimmer's itch (cercarial dermatitis),Tinea (fungal skin infection),Deep venous thrombosis (DVT, venous blood clot)"
227,1.0,Feet,1.0,Foot redness,34.0,"Allergic reaction,Ant bite,Anticholinergic overdose,Bed bugs,Bee sting (wasp sting),Body lice,Tenosynovitis (tendon sheath inflammation),Burns,Cellulitis (skin infection),Chemical burn,Chicken pox (varicella virus),Skin blood vessel damage (Chilblains, pernio),Erythrasma (chronic bacterial skin infection),Folliculitis (hair follicle infection),Heat rash,Heat stroke,Lichen planus (chronic skin inflammation),Medication reaction,Mosquito bite,Necrotizing fasciitis (life-threatening infection),Pityriasis rosea (inflammatory skin rash),Poison ivy (poison oak, poison sumac),Psoriasis (scaly skin disease),Scabies (skin disease caused by mites),Scalded skin syndrome (blistering skin infection),Sea lice,Shingles (herpes zoster),Insect bite,Steven Johnson syndrome (rare, serious skin disorder),Sunburn,Swimmer's itch (cercarial dermatitis),Tinea (fungal skin infection),Deep venous thrombosis (DVT, venous blood clot),Foot ulcer"
228,1.0,Arms,1.0,Arm redness,34.0,"Deep venous thrombosis (DVT, venous blood clot),Allergic reaction,Ant bite,Anticholinergic overdose,Bed bugs,Bee sting (wasp sting),Body lice,Boil (pus-filled lump),Burns,Cellulitis (skin infection),Chemical burn,Chicken pox (varicella virus),Erythrasma (chronic bacterial skin infection),Folliculitis (hair follicle infection),Heat rash,Heat stroke,Lichen planus (chronic skin inflammation),Medication reaction,Mosquito bite,Necrotizing fasciitis (life-threatening infection),Pityriasis rosea (inflammatory skin rash),Poison ivy (poison oak, poison sumac),Psoriasis (scaly skin disease),Scabies (skin disease caused by mites),Scalded skin syndrome (blistering skin infection),Sea lice,Shingles (herpes zoster),Insect bite,Steven Johnson syndrome (rare, serious skin disorder),Sunburn,Swimmer's itch (cercarial dermatitis),Tinea (fungal skin infection),Thrombophlebitis (superficial),Lymphadenitis"
229,,,1.0,Leg redness,35.0,"Deep venous thrombosis (DVT, venous blood clot),Allergic reaction,Ant bite,Anticholinergic overdose,Bed bugs,Bee sting (wasp sting),Body lice,Boil (pus-filled lump),Burns,Cellulitis (skin infection),Chemical burn,Chicken pox (varicella virus),Erythrasma (chronic bacterial skin infection),Folliculitis (hair follicle infection),Heat rash,Heat stroke,Lichen planus (chronic skin inflammation),Medication reaction,Mosquito bite,Necrotizing fasciitis (life-threatening infection),Pityriasis rosea (inflammatory skin rash),Poison ivy (poison oak, poison sumac),Psoriasis (scaly skin disease),Scabies (skin disease caused by mites),Scalded skin syndrome (blistering skin infection),Sea lice,Shingles (herpes zoster),Insect bite,Steven Johnson syndrome (rare, serious skin disorder),Sunburn,Swimmer's itch (cercarial dermatitis),Tinea (fungal skin infection),Pyomyositis (muscle infection),Thrombophlebitis (superficial),Lymphadenitis"
23,2.0,"Ear	Nose,Head",1.0,Ear pressure,21.0,"Bell's palsy (facial muscle weakness),Cerumen impaction (ear wax buildup),Ear infection, outer (otitis externa),Ear infection, middle ear (otitis media),Pharyngitis (throat infection),Ramsay Hunt syndrome (viral infection causing facial weakness),Ear drum rupture (tympanic membrane rupture),Cauliflower ear (wrestlers ear),Abrasions (scrapes),Cellulitis (skin infection),Contact dermatitis (contact skin irritation),Contusion (bruise, ecchymosis),Ear laceration (cut on the ear),Ear swelling,Hemotympanum (blood behind ear drum),Labyrinthitis (dizziness and vertigo),Meniere's disease (dizziness and vertigo),Parotitis (salivary gland inflammation),Sinusitis (sinus infection),Rhinitis (nasal inflammation),Bullous myringitis (middle ear infection)"
230,1.0,Hands,1.0,Hand itching,26.0,"Allergic reaction,Ant bite,Tinea (fungal skin infection),Bed bugs,Bee sting (wasp sting),Body lice,Chicken pox (varicella virus),Contact dermatitis (contact skin irritation),Cutaneous larva migrans (parasitic skin disease),Diabetes (high blood sugar),Hodgkin's disease (cancer of the lymph system),Lichen planus (chronic skin inflammation),Lymphoma (lymph node cancer),Medication reaction,Mosquito bite,Pityriasis rosea (inflammatory skin rash),Poison ivy (poison oak, poison sumac),Pregnancy,Primary sclerosing cholangitis (bile duct disease),Psoriasis (scaly skin disease),Renal failure, chronic (ongoing kidney failure),Scabies (skin disease caused by mites),Sea lice,Shingles (herpes zoster),Insect bite,Swimmer's itch (cercarial dermatitis)"
231,,,1.0,Leg itching,26.0,"Allergic reaction,Ant bite,Tinea (fungal skin infection),Bed bugs,Bee sting (wasp sting),Body lice,Chicken pox (varicella virus),Contact dermatitis (contact skin irritation),Cutaneous larva migrans (parasitic skin disease),Diabetes (high blood sugar),Hodgkin's disease (cancer of the lymph system),Lichen planus (chronic skin inflammation),Lymphoma (lymph node cancer),Medication reaction,Mosquito bite,Pityriasis rosea (inflammatory skin rash),Poison ivy (poison oak, poison sumac),Pregnancy,Primary sclerosing cholangitis (bile duct disease),Psoriasis (scaly skin disease),Renal failure, chronic (ongoing kidney failure),Scabies (skin disease caused by mites),Sea lice,Shingles (herpes zoster),Insect bite,Swimmer's itch (cercarial dermatitis)"
232,2.0,"Abdomen,Buttock/Rectum",2.0,"Steatorrhea (Excess fat in stool),Fatty stools",10.0,"Malabsorption syndrome (abnormal intestinal digestion),Celiac disease (celiac sprue),Ulcerative colitis (large intestine inflammation),Choledocholithiasis (stone in bile duct),Primary sclerosing cholangitis (bile duct disease),Bacterial overgrowth of small intestine,Cystic fibrosis (inherited disease of lungs, digestive system),Whipple's disease (rare bacterial infection of the small intestine),Lactose intolerance,Pancreas inflammation (pancreatitis, chronic)"
233,1.0,Legs,2.0,"Upper leg pain,Thigh pain",26.0,"Cellulitis (skin infection),Compartment syndrome (increased pressure inside muscles),Contusion (bruise, ecchymosis),Deep venous thrombosis (DVT, venous blood clot),Femoral artery aneurysm (dilation of leg artery),Femoral hernia (groin hernia),Fracture (broken bone),Gout (uric acid crystals in the joint causing inflammation),Herniated disc (slipped disc, ruptured disc),Ligament tear (connection between two bones),Necrotizing fasciitis (life-threatening infection),Osteoarthritis (bone inflammation),Overuse syndrome (injury from repetitive activity),Peripheral neuropathy (nerve damage),Pseudogout (calcium deposit arthritis),Rheumatoid arthritis (type of chronic joint inflammation),Sciatica (lower back nerve irritation),Septic arthritis (joint infection),Hip fracture (broken hip),Laceration (skin cut),Sprain (stretched, torn ligament),Vascular insufficiency due to peripheral artery disease (PAD, claudication, inadequate blood flow),Vasculitis (inflammation of the arteries),Bone cancer (bone tumor),Sarcoma (soft tissue cancer),Meralgia Paresthetica"
234,1.0,Arms,2.0,"Armpit pain,Axillary pain",15.0,"Muscle strain (pulled muscle),Scabies (skin disease caused by mites),Body lice,Cancer (tumor),Contact dermatitis (contact skin irritation),Shingles (herpes zoster),Brachial plexus injury (shoulder nerve injury),Heart attack (acute myocardial infarction, AMI),Lymphangitis (lymph tissue inflammation),Lymphoma (lymph node cancer),Hidradenitis suppurativa (chronic collections of pus),Cellulitis (skin infection),Bone cancer (bone tumor),Sarcoma (soft tissue cancer),Lymphadenitis"
235,,,1.0,Sweating,16.0,"Stress,Anxiety,Alcohol withdrawal syndrome (mild),Menopause (end of menstruation and fertility),Hypoglycemia (low blood sugar),Low blood pressure (hypotension),Febrile (fever) illness,Heat exhaustion,Cocaine overdose,Drug overdose,Bacterial infection,Cancer (tumor),Parasite infections,Tuberculosis infection (TB),Medication reaction,Pregnancy"
236,1.0,Head,3.0,"Nasal congestion,Stuffy nose,Runny nose",15.0,"Influenza (seasonal flu),Upper respiratory tract infection (URI, common cold),Nasal polyps (growths),Nasal fracture (broken nose),Allergic rhinitis (allergic reaction in the nose),Sinusitis (sinus infection),Basilar skull fracture (broken skull),Cerebrospinal fluid rhinorrhea (leakage of brain fluid from the nose),Parasite infections,Perforated septum (hole in skin between nostrils),Pharyngitis (throat infection),Post nasal drip,Viral infections,Rhinitis (nasal inflammation),Mycoplasma infection (bacteria)"
237,,,1.0,Joint stiffness,14.0,"Bursitis (inflammation of joint cushion),Gout (uric acid crystals in the joint causing inflammation),Pseudogout (calcium deposit arthritis),Lupus (systemic lupus erythematosus, SLE),Osteoarthritis (bone inflammation),Overuse syndrome (injury from repetitive activity),Polymyalgia rheumatica (PMR, muscle and joint disorder),Rheumatoid arthritis (type of chronic joint inflammation),Tendonitis (tendon inflammation),Ankylosing spondylitis (severe spine arthritis),Myositis (muscle inflammation or infection),Lyme disease (bacterial infection from ticks),Influenza (seasonal flu),Chondromalacia (cartilage damage)"
238,13.0,"Arms,Back,Buttock/Rectum,Shoulder,Feet,Hips,Neck,Pelvis,Hands,Legs,Chest,Lower Back,Head",3.0,"Skin sores,Skin ulcers,Skin lesion",63.0,"Peripheral vascular disease (blocked blood vessels),Shingles (herpes zoster),Basal cell carcinoma (skin cancer),Squamous cell cancer (common skin cancer),Abrasions (scrapes),Allergic reaction,Anal fissure (tear),Anorectal (perirectal) abscess,Atopic dermatitis (eczema),Bacterial vaginosis (vaginal infection),Bartholin abscess or cyst (sac of pus near the vaginal opening),Calluses and corns,Candida albicans (yeast infection),Cellulitis (skin infection),Contact dermatitis (contact skin irritation),Poison ivy (poison oak, poison sumac),Drug reaction,Enlarged lymph nodes (lymphadenopathy),Genital herpes (HSV type 2 infection),Genital warts (HPV, Human papillomavirus infection),Heat rash,Herpes simplex infection (viral infection),Lipoma (benign fatty tumor),Lupus (systemic lupus erythematosus, SLE),Lymphangitis (lymph tissue inflammation),Mastitis (breast infection inflammation),Metastatic neoplasm (cancer spread),Ear infection, outer (otitis externa),Perforated septum (hole in skin between nostrils),Pityriasis rosea (inflammatory skin rash),Rectal abscess (collection of pus in the rectum),Rectal ulcer,Sebaceous cyst (sac under the skin),Insect bite,Tinea (fungal skin infection),Tongue cancer (tumor),Urticaria (hives),Vaginitis (vaginal infection inflammation),Vulvar squamous cell carcinoma (skin cancer on female genitalia),Pilonidal cyst (fluid filled sac on tailbone),Acne (pimples),Psoriasis (scaly skin disease),Staphylococcus aureus (type of bacteria),Impetigo (bacterial skin infection),Head lice,Body lice,Neurofibromatosis (inherited nerve tumors),Ringworm of the body (tinea corporis),Carbuncle,Melanoma (skin cancer),Common warts,Moles (nevi),Sarcoidosis (inflammatory disease),Athlete's foot (tinea pedis),Foreign body in a wound,Hidradenitis suppurativa (chronic collections of pus),Skin tags (acrochordons),Chronic venous insufficiency (weakened leg veins),Lymphedema (lymphatic obstruction),Foot ulcer,Hyperkeratosis (skin thickening),Yaws,Keloid (overgrown scar)"
239,,,1.0,Chest burning,29.0,"Costochondritis (chest wall inflammation),Esophageal achalasia (swallowing disease),Esophageal foreign body,Esophageal rupture (tear in esophagus),Esophageal spasm (painful muscle contraction),Esophageal stricture (narrowing of the esophagus),Esophagitis (esophageal inflammation),Functional disorders (psychogenic illness),Gastroesophageal reflux (GERD, heartburn),Hiatal hernia (stomach pushes through diaphragm),Kawasaki disease (pediatric blood vessel disease),Lung cancer (tumor),Mediastinitis (inner chest inflammation),Heart attack (acute myocardial infarction, AMI),Myocarditis (heart muscle inflammation),Pericarditis (heart sac inflammation),Pleural effusion (abnormal chest fluid),Pleuritis (inflammation of the lung's lining, pleurisy),Pneumonia (lung infection),Pneumothorax (collapse of lung),Prinzmetal angina (heart artery spasm),Pulmonary embolism (blood clot in the lungs),Shingles (herpes zoster),Sickle cell disease (disease of red blood cells),Tension pneumothorax (dangerous lung collapse),Unstable angina (pre heart attack chest pain),Valvular heart disease (abnormal heart valves),Dissecting aortic aneurysm (tearing and dilation of the aorta),Coronary artery disease (CAD, heart disease)"
24,2.0,"Ear	Nose,Head",1.0,Pain in the ear,39.0,"Bell's palsy (facial muscle weakness),Cerumen impaction (ear wax buildup),Cholesteatoma (middle ear mass),Ear infection, outer (otitis externa),Ear infection, middle ear (otitis media),Pharyngitis (throat infection),Ramsay Hunt syndrome (viral infection causing facial weakness),Ear drum rupture (tympanic membrane rupture),Cauliflower ear (wrestlers ear),Acoustic neuroma (ear nerve tumor),Allergic rhinitis (allergic reaction in the nose),Dental caries (cavities),Cellulitis (skin infection),Contact dermatitis (contact skin irritation),Contusion (bruise, ecchymosis),Dental abscess (tooth infection),Dental eruption (appearance of new tooth),Ear laceration (cut on the ear),Ear swelling,Enlarged lymph nodes (lymphadenopathy),Hearing loss,Hemotympanum (blood behind ear drum),Labyrinthitis (dizziness and vertigo),Lymphangitis (lymph tissue inflammation),Mononucleosis (common viral illness),Nasal polyps (growths),Periodontitis (gum inflammation),Sebaceous cyst (sac under the skin),Sinusitis (sinus infection),Temporomandibular joint syndrome (TMJ, jaw joint pain),Tonsillitis (tonsil infection),Upper respiratory tract infection (URI, common cold),Vestibular neuronitis (labyrinthitis, vertigo),Viral infections,Acne (pimples),Carbuncle,Bullous myringitis (middle ear infection),Mycoplasma infection (bacteria),Neutropenia"
240,,,2.0,"Memory loss,Loss of memory",31.0,"Alzheimer's disease (dementia),Alcoholism,Dementia (decline in mental ability),Brain tumor (cancer of the brain),Depression (excessive sadness),Drug overuse,Encephalitis (brain infection),Cerebral vascular accident (stroke),Transient global amnesia (sudden period of short-term memory loss),Transient ischemic attack (TIA, reversible stroke),Seizure (abnormal brain electrical activity),Parkinson's disease (movement disorder),Schizophrenia (chronic impaired reality perception),HIV AIDS (Human Immunodeficiency Virus, Acquired Immune Deficiency Syndrome),Concussion,Medication reaction,West Nile virus infection (mosquito-transmitted illness),Lyme disease (bacterial infection from ticks),Meningitis (spinal fluid infection),Pseudotumor cerebri (increased pressure in the skull),Sepsis (serious blood infection),Wilsons disease (copper accumulation in tissues),Myxedema coma (severely low thyroid hormone),Subdural hematoma (bleeding on brain),Carbon monoxide poisoning (odorless, poisonous gas),Marijuana use,Syphilis (treponema pallidum),Huntington disease (chorea),Amyloidosis,Traumatic brain injury,Beriberi (thiamine (vitamin B1) deficiency)"
241,2.0,"Arms,Shoulder",1.0,Arm numbness (paresthesias),26.0,"Brachial plexus injury (shoulder nerve injury),Cervical radiculopathy (pinched nerve in neck),Cervical spine fracture (broken neck bone),Cervical spine stenosis (narrowing of spinal canal),Cervical spondylosis (neck arthritis),Fracture (broken bone),Compartment syndrome (increased pressure inside muscles),Guillain Barre syndrome (ascending muscle weakness),Lyme disease (bacterial infection from ticks),Multiple sclerosis (MS),Peripheral neuropathy (nerve damage),Thoracic outlet syndrome (nerve, blood vessel compression),Traumatic nerve injury,West Nile virus infection (mosquito-transmitted illness),Peripheral vascular disease (blocked blood vessels),Frostbite (tissue damage from cold),Herniated disc (slipped disc, ruptured disc),Alcoholism,Lead poisoning (toxicity),Shoulder joint dislocation (dislocated shoulder),Diabetes (high blood sugar),Cerebral vascular accident (stroke),Spondylolisthesis (slipped back bone),Transverse myelitis (spinal cord inflammation),Cancer (tumor),Paget disease of the bone"
242,1.0,Legs,1.0,Leg numbness (paresthesias),26.0,"Alcoholism,Cerebral vascular accident (stroke),Lumbar spinal stenosis (spinal cord compression),Compression fracture (broken spinal bone),Compartment syndrome (increased pressure inside muscles),Diabetes (high blood sugar),Fracture (broken bone),Frostbite (tissue damage from cold),Guillain Barre syndrome (ascending muscle weakness),Herniated disc (slipped disc, ruptured disc),Lead poisoning (toxicity),Lyme disease (bacterial infection from ticks),Multiple sclerosis (MS),Peripheral neuropathy (nerve damage),Peripheral vascular disease (blocked blood vessels),Traumatic nerve injury,West Nile virus infection (mosquito-transmitted illness),Osteoarthritis (bone inflammation),Spondylolisthesis (slipped back bone),Transverse myelitis (spinal cord inflammation),Cancer (tumor),Sciatica (lower back nerve irritation),Diabetic neuropathy (nerve damage),Paget disease of the bone,Broken leg (leg fracture),Meralgia Paresthetica"
243,1.0,Feet,1.0,Foot numbness (paresthesias),26.0,"Alcoholism,Cancer (tumor),Cerebral vascular accident (stroke),Compartment syndrome (increased pressure inside muscles),Compression fracture (broken spinal bone),Diabetes (high blood sugar),Fracture (broken bone),Frostbite (tissue damage from cold),Guillain Barre syndrome (ascending muscle weakness),Herniated disc (slipped disc, ruptured disc),Lead poisoning (toxicity),Lumbar spinal stenosis (spinal cord compression),Lyme disease (bacterial infection from ticks),Multiple sclerosis (MS),Osteoarthritis (bone inflammation),Peripheral neuropathy (nerve damage),Peripheral vascular disease (blocked blood vessels),Spondylolisthesis (slipped back bone),Transverse myelitis (spinal cord inflammation),Traumatic nerve injury,West Nile virus infection (mosquito-transmitted illness),Sciatica (lower back nerve irritation),Tarsal tunnel syndrome (foot nerve damage),Medication reaction,Raynaud's disease (blood vessel constriction),Diabetic neuropathy (nerve damage)"
244,2.0,"Face,Head",1.0,Face numbness (paresthesias),13.0,"Cancer (tumor),Trigeminal neuralgia (facial nerve pain),Cerebral vascular accident (stroke),Diabetes (high blood sugar),Facial trauma (injury),Fracture (broken bone),Frostbite (tissue damage from cold),Guillain Barre syndrome (ascending muscle weakness),Multiple sclerosis (MS),Brain tumor (cancer of the brain),Shingles (herpes zoster),Migraine (type of headache),Lacunar stroke"
245,2.0,"Legs,Feet",,,13.0,"Ankle fracture (broken ankle),Ankle sprain,Cancer (tumor),Gout (uric acid crystals in the joint causing inflammation),Pseudogout (calcium deposit arthritis),Septic arthritis (joint infection),Tendonitis (tendon inflammation),Achilles tendon rupture (heel tendon tear),Achilles tendonitis (heel tendon inflammation),Arthritis (joint inflammation),Bone cancer (bone tumor),Sarcoma (soft tissue cancer),Chronic venous insufficiency (weakened leg veins)"
246,,,1.0,Dementia,16.0,"Alzheimer's disease (dementia),Lewy body dementia (common type of dementia),Dementia (decline in mental ability),Parkinson's disease (movement disorder),Head injury,Encephalitis (brain infection),HIV AIDS (Human Immunodeficiency Virus, Acquired Immune Deficiency Syndrome),Syphilis (treponema pallidum),Hydrocephalus (brain fluid build-up),Brain tumor (cancer of the brain),Alcoholism,Medication reaction,Hypothyroidism (low thyroid hormone),Cirrhosis (liver failure and scarring),Huntington disease (chorea),Tay-Sachs disease"
247,1.0,Head,1.0,Facial droop (weakness),14.0,"Facial nerve paralysis,Bell's palsy (facial muscle weakness),Cerebral vascular accident (stroke),Transient ischemic attack (TIA, reversible stroke),Facial trauma (injury),Ramsay Hunt syndrome (viral infection causing facial weakness),Lyme disease (bacterial infection from ticks),Sarcoidosis (inflammatory disease),Ear infection, middle ear (otitis media),Guillain Barre syndrome (ascending muscle weakness),Cancer (tumor),Miller Fisher Syndrome (rare nerve disease),Lacunar stroke,Fibromuscular dysplasia (FMD)"
248,,,2.0,"Limping in a child,Childhood limping",10.0,"Fracture (broken bone),Legg Calve Perthes disease (childhood hip condition),Sprain (stretched, torn ligament),Contusion (bruise, ecchymosis),Osteomyelitis (bone infection),Septic arthritis (joint infection),Discitis (spinal disk inflammation),Slipped capital femoral epiphysis (adolescent hip disorder),Lyme disease (bacterial infection from ticks),Synovitis (inflammation of joint lining)"
249,,,1.0,Increased thirst,7.0,"Diabetes insipidus (excessive water loss from the kidneys),Diabetes (high blood sugar),Blood loss,Dehydration,Heat exhaustion,Medication reaction,Gestational diabetes (diabetes during pregnancy)"
25,1.0,Arms,1.0,Elbow ache or pain,30.0,"Arthritis (joint inflammation),Bursitis (inflammation of joint cushion),Cellulitis (skin infection),Contusion (bruise, ecchymosis),Dislocation (joint out of place),Fracture (broken bone),Gout (uric acid crystals in the joint causing inflammation),Tennis elbow (lateral epicondylitis),Radial head fracture (broken elbow bone),Septic arthritis (joint infection),Muscle strain (pulled muscle),Supracondylar fracture (elbow fracture),Osteoarthritis (bone inflammation),Bone cancer (bone tumor),Sarcoma (soft tissue cancer),Aseptic joint effusion (fluid in a joint),Carpal tunnel syndrome (wrist nerve compression),Cervical radiculopathy (pinched nerve in neck),De Quervain's tenosynovitis (hand tendon inflammation),Extremity trauma (leg or arm injury),Fibromyalgia (chronic pain disorder),Humerus fracture (broken upper arm),Ligament sprain (connection between two bones),Lupus (systemic lupus erythematosus, SLE),Peripheral neuropathy (nerve damage),Rheumatoid arthritis (type of chronic joint inflammation),Rotator cuff syndrome (shoulder injury),Tenosynovitis (tendon sheath inflammation),Cubital tunnel syndrome (nerve compression in the elbow),Synovitis (inflammation of joint lining)"
250,,,1.0,Increased urination (polyuria),8.0,"Medication reaction,Diabetes (high blood sugar),Diabetes insipidus (excessive water loss from the kidneys),Gestational diabetes (diabetes during pregnancy),Bladder infection (cystitis, UTI, urinary tract infection),Renal failure, acute (sudden kidney failure),Interstitial cystitis (bladder inflammation),Congestive heart failure (CHF)"
251,,,1.0,Shin pain,11.0,"Shin splints (tibial stress syndrome),Cellulitis (skin infection),Compartment syndrome (increased pressure inside muscles),Contusion (bruise, ecchymosis),Deep venous thrombosis (DVT, venous blood clot),Fracture (broken bone),Necrotizing fasciitis (life-threatening infection),Peripheral vascular disease (blocked blood vessels),Osteomyelitis (bone infection),Bone cancer (bone tumor),Sarcoma (soft tissue cancer)"
252,,,1.0,Stings,3.0,"Bee sting (wasp sting),Jellyfish stings,Scorpion sting"
254,,,1.0,Sleep disorders,6.0,"Narcolepsy (uncontrollable sleeping),Sleep apnea (chronic sleep disruption),Restless legs syndrome (nervous system disorder),Bruxism (teeth grinding),Night terrors (nightmares),Jet lag"
255,,,2.0,"Drooping eyelid (Ptosis),Ptosis (Drooping eyelid)",15.0,"Myasthenia gravis (autoimmune disease of the nerves, muscles),Bell's palsy (facial muscle weakness),Orbital fracture (broken bone near the eye),Miller Fisher Syndrome (rare nerve disease),Ramsay Hunt syndrome (viral infection causing facial weakness),Diabetes (high blood sugar),Lyme disease (bacterial infection from ticks),Pancoast syndrome (apical lung tumor),Vertebral-basilar stroke (stroke in the back of the brain),Cerebral vascular accident (stroke),Brain tumor (cancer of the brain),Cerebral aneurysm (brain artery dilation),Orbital mass (growth near the eye),Facial trauma (injury),Aponeurotic ptosis (age-related drooping eyelid)"
257,1.0,Chest,2.0,"Snoring,Abnormal breathing sounds",11.0,"Sleep apnea (chronic sleep disruption),Obesity,Sinusitis (sinus infection),Alcohol (ethanol) abuse,Allergy,Rhinitis (nasal inflammation),Upper respiratory tract infection (URI, common cold),Nasal polyps (growths),Tonsillitis (tonsil infection),Adenoiditis (a type of lymph node inflammation),Pickwickian syndrome (severe obesity)"
258,,,2.0,"Dry skin,Dryness, peeling or scaly skin",14.0,"Scleroderma (progressive hardening of soft tissue),Tinea (fungal skin infection),Chronic venous insufficiency (weakened leg veins),Dehydration,Sjogren's syndrome (dry eyes and mouth),Menopause (end of menstruation and fertility),Hypothyroidism (low thyroid hormone),Hyperthyroidism (elevated thyroid hormone),Allergy,Psoriasis (scaly skin disease),Ichthyosis,Hypoparathyroidism,Scurvy (vitamin C deficiency),Cutaneous T cell lymphoma"
259,,,1.0,Itchy eyes,5.0,"Allergic conjunctivitis (allergic reaction in the eye),Allergic reaction,Orbital cellulitis (soft tissue eye infection),Conjunctivitis (pink eye),Blepharitis (eyelid swelling)"
26,2.0,"Eyes,Head",2.0,"Eye pain (Irritation),Irritated eyes",27.0,"Acute angle closure glaucoma (increased inner eye pressure),Blepharitis (eyelid swelling),Cavernous sinus thrombosis (head vein blood clot),Conjunctivitis (pink eye),Corneal abrasion (scrape on eye),Corneal foreign body (object in the eye),Foreign body in the eye,Glaucoma (elevated eye pressure),Hordeolum (stye of eye),Hyphema (traumatic blood in eye),Keratitis (inflammation of cornea),Migraine (type of headache),Optic neuritis (optic nerve inflammation),Orbital cellulitis (soft tissue eye infection),Periorbital cellulitis (infection around eye),Sinusitis (sinus infection),Temporal arteritis (inflamed scalp artery),Toxoplasma infection (parasite infection),Uveitis (iritis, eye inflammation),Allergic conjunctivitis (allergic reaction in the eye),Behcets disease (small blood vessel inflammation disorder),Graves' disease (overproduction of thyroid hormone),Retrobulbar Neuritis,Scleritis (inflammation of the eye),Tear duct infection (Dacryocystitis),Corneal ulcer,Retinopathy"
261,,,1.0,Elbow swelling,18.0,"Cellulitis (skin infection),Contusion (bruise, ecchymosis),Sprain (stretched, torn ligament),Deep venous thrombosis (DVT, venous blood clot),Lymphangitis (lymph tissue inflammation),Muscle and ligament inflammation (enthesopathy),Tennis elbow (lateral epicondylitis),Bursitis (inflammation of joint cushion),Cubital tunnel syndrome (nerve compression in the elbow),Ligament sprain (connection between two bones),Ligament tear (connection between two bones),Golfer's elbow (medial epicondylitis of elbow),Tendonitis (tendon inflammation),Nursemaid's elbow (radial head subluxation),Supracondylar fracture (elbow fracture),Fracture (broken bone),Pseudogout (calcium deposit arthritis),Tenosynovitis (tendon sheath inflammation)"
262,2.0,"Chest,Back",1.0,Chest pain,82.0,"Pleuritis (inflammation of the lung's lining, pleurisy),Bronchitis (bronchial tube infection),Myocardial infarction (heart attack),Mitral valve prolapse (abnormal heart valve),Gastroesophageal reflux (GERD, heartburn),Esophageal spasm (painful muscle contraction),Coronary artery disease (CAD, heart disease),Arrhythmia (abnormal heart rhythm),Pneumonia (lung infection),Pleural effusion (abnormal chest fluid),Anxiety disorder (generalized anxiety disorder, GAD),Valvular heart disease (abnormal heart valves),Ligament sprain (connection between two bones),Essential hypertension (high blood pressure),Esophagitis (esophageal inflammation),Upper respiratory tract infection (URI, common cold),Congestive heart failure (CHF),Asthma,Chronic obstructive pulmonary disease (COPD, emphysema),Chest trauma (injury),Hyperventilation (rapid breathing),Abrasions (scrapes),Aortic valve stenosis (tight heart valve),Atrial fibrillation (irregular heart rate),Bradycardia (slow heart rate),Breast cancer (tumor),Cardiomyopathy (weakened heart),Cellulitis (skin infection),Cholecystitis (inflammation of the gallbladder),Choledocholithiasis (stone in bile duct),Cholelithiasis (gallstones),Cocaine abuse,Contusion (bruise, ecchymosis),Coronary artery dissection (heart artery tear),Dissecting aortic aneurysm (tearing and dilation of the aorta),Dressler syndrome (heart sac inflammation following heart attack or heart surgery),Drug reaction,Empyema (collection of pus in chest),Esophageal achalasia (swallowing disease),Esophageal foreign body,Esophageal rupture (tear in esophagus),Fibromyalgia (chronic pain disorder),Gastrointestinal bleeding (stomach, intestine bleeding),Hiatal hernia (stomach pushes through diaphragm),Hypertrophic cardiomyopathy (thickened heart muscle),Influenza (seasonal flu),Lung cancer (tumor),Mastitis (breast infection inflammation),Myocarditis (heart muscle inflammation),Pancreatitis (pancreas inflammation),Panic disorder,Pericarditis (heart sac inflammation),Pneumothorax (collapse of lung),Prinzmetal angina (heart artery spasm),Pulmonary edema (fluid build-up in the lungs),Pulmonary embolism (blood clot in the lungs),Pulmonary hypertension (high blood pressure in the lungs),Rib fracture (broken bone),Shingles (herpes zoster),Sickle cell disease (disease of red blood cells),Splenic infarction (death of spleen),Muscle strain (pulled muscle),Stress,Wolff Parkinson White syndrome (WPW, additional electrical pathway in the heart),Endocarditis (heart valve infection),Atrial flutter (irregular heart rate),Muscle spasm (charley horse),Broken heart syndrome (Takotsubo cardiomyopathy),Ventricular tachycardia (VT, dangerous irregular heart beat),Emphysema (COPD, lung disease),Aortic regurgitation (leaking heart valve),Mitral stenosis (tight heart valve),Mitral regurgitation (leaking heart valve),Pneumocystis pneumonia (PCP, fungal lung infection),Extragonadal germ cell tumors,Friedreich's Ataxia (genetic disorder),Malignant Mesothelioma,Polyarteritis Nodosa (PAN),Squamous cell lung cancer,Takayasu's arteritis (Giant cell arteritis of the young),Supraventricular tachycardia (SVT),Beriberi (thiamine (vitamin B1) deficiency)"
263,13.0,"Arms,Back,Buttock/Rectum,Shoulder,Feet,Hips,Neck,Pelvis,Hands,Legs,Chest,Lower Back,Head",1.0,Skin infection,18.0,"Carbuncle,Cellulitis (skin infection),Wound infection (cut infection),Impetigo (bacterial skin infection),Tinea (fungal skin infection),Staphylococcus aureus (type of bacteria),Peripheral vascular disease (blocked blood vessels),Finger pulp infection (felon),Deep venous thrombosis (DVT, venous blood clot),Heat rash,Sebaceous cyst (sac under the skin),Insect bite,Erysipelas (bacterial skin infection),Ringworm of the scalp (tinea capitis),Foreign body in a wound,Hidradenitis suppurativa (chronic collections of pus),Neutropenia,Cradle cap (infant scalp rash)"
264,1.0,Abdomen,1.0,Stomach and abdominal pain,69.0,"Gastric ulcer (stomach ulcer),Gastritis (stomach inflammation),Cholelithiasis (gallstones),Gastroenteritis (intestinal infection),Gastroesophageal reflux (GERD, heartburn),Gastrointestinal bleeding (stomach, intestine bleeding),Appendicitis,Irritable bowel syndrome (IBS, chronic intestinal pain and cramping),Hiatal hernia (stomach pushes through diaphragm),Umbilical hernia (belly button hernia),Diverticulosis (weakening of the large intestine wall),Pelvic inflammatory disease (PID, female reproductive organ infection),Celiac disease (celiac sprue),Crohn's disease (regional enteritis, Crohn's colitis, intestinal inflammation),Hyperemesis gravidarum (severe vomiting in pregnancy),Pancreatitis (pancreas inflammation),Stomach cancer (gastric cancer),Ovarian cyst (female organ fluid collection),Pancreatic cancer (tumor),Endometriosis (uterine tissue outside the uterus),Colonic diverticulitis (inflammation of pouches in the large intestine),Constipation,Gastroparesis (stomach muscle malfunction),Anxiety disorder (generalized anxiety disorder, GAD),Alcoholism,Bacterial vaginosis (vaginal infection),Bronchitis (bronchial tube infection),Burns,Cellulitis (skin infection),Cervicitis (inflammation of the lower uterus),Cholecystitis (inflammation of the gallbladder),Diabetic ketoacidosis (DKA, a complication of poorly controlled diabetes),Ectopic pregnancy (tubal pregnancy),Fibroid (uterine muscle tumor),Hematoma (collection of blood),Inguinal hernia (groin hernia),Neisseria gonorrhea infection (sexually transmitted disease),Kidney stone (nephrolithiasis),Parasite infections,Pyelonephritis (kidney infection),Trichomonas vaginalis infection (vaginal infection),Ulcerative colitis (large intestine inflammation),Upper respiratory tract infection (URI, common cold),Bladder infection (cystitis, UTI, urinary tract infection),Vaginitis (vaginal infection inflammation),Hodgkin's disease (cancer of the lymph system),HIV AIDS (Human Immunodeficiency Virus, Acquired Immune Deficiency Syndrome),Vaginal yeast (fungal) infection,Food poisoning,Lactose intolerance,Ventral hernia (bulging of the abdominal wall),Reflex sympathetic dystrophy (complex pain syndrome),Intussusception (telescoping intestine),Intestinal volvulus (twisting of intestine),Mallory Weiss syndrome (esophageal tear),Gallbladder and bile duct cancer,Hepatitis A,Polyarteritis Nodosa (PAN),Takayasu's arteritis (Giant cell arteritis of the young),Traveler's diarrhea (Montezuma's revenge),Tropical sprue,Wilms' Tumor,Abdominal adhesions (scar tissue),Duodenal cancer (small intestine),Urethral stricture,Hydronephrosis,Essential thrombocythemia (excessive blood platelets),Drug withdrawal syndrome,Beriberi (thiamine (vitamin B1) deficiency)"
265,,,2.0,"Anger,Bitterness",11.0,"Depression (excessive sadness),Bipolar disorder (manic depressive disorder),Schizoaffective disorder (features of schizophrenia and mood disorder),Post-traumatic stress disorder (PTSD),Major depressive disorder (severe depression),Dysthymia (depression, dysthymic disorder),Stress,Alcohol withdrawal syndrome (mild),Chronic pain,Anxiety disorder (generalized anxiety disorder, GAD),Conduct disorder"
269,,,1.0,Hurts to breathe,17.0,"Atypical pneumonia (lung infection),Asthma,Influenza (seasonal flu),Whooping cough (pertussis),Costochondritis (chest wall inflammation),Pleuritis (inflammation of the lung's lining, pleurisy),Aspiration pneumonia (lung inflammation or infection),Pneumocystis pneumonia (PCP, fungal lung infection),Pneumonia (lung infection),Bronchitis (bronchial tube infection),Pulmonary embolism (blood clot in the lungs),Pneumothorax (collapse of lung),Pleural effusion (abnormal chest fluid),Pneumoconiosis (lung disease),Chest trauma (injury),Rib fracture (broken bone),Fat embolism (blood clot from fat)"
27,3.0,"Ear	Nose,Face,Head",2.0,"Facial pain,Face pain",15.0,"Bell's palsy (facial muscle weakness),Cluster headache (one-sided headache behind the eye),Contusion (bruise, ecchymosis),Dental abscess (tooth infection),Maxillary sinus carcinoma (sinus cancer),Parotitis (salivary gland inflammation),Shingles (herpes zoster),Sialoliths (salivary gland stones),Sinusitis (sinus infection),Temporal arteritis (inflamed scalp artery),Temporomandibular joint syndrome (TMJ, jaw joint pain),Trigeminal neuralgia (facial nerve pain),Polymyalgia rheumatica (PMR, muscle and joint disorder),Erysipelas (bacterial skin infection),Mucormycosis (fungal infection)"
270,,,2.0,"Difficulty breathing,Breathing stopped",24.0,"Asthma,Bronchiolitis (bronchial tube inflammation),Influenza (seasonal flu),Atypical pneumonia (lung infection),Whooping cough (pertussis),Congestive heart failure (CHF),Aspiration pneumonia (lung inflammation or infection),Pneumocystis pneumonia (PCP, fungal lung infection),Severe Acute Respiratory Syndrome (SARS, serious viral pneumonia),Pneumonia (lung infection),Bronchial asthma,Hypersensitivity pneumonitis (allergic lung disease),Pulmonary embolism (blood clot in the lungs),Pneumothorax (collapse of lung),Pulmonary edema (fluid build-up in the lungs),Chronic obstructive pulmonary disease (COPD, emphysema),Tension pneumothorax (dangerous lung collapse),Inhaled foreign body (in respiratory tract),Amyotrophic lateral sclerosis (ALS, Lou Gehrig's disease),Guillain Barre syndrome (ascending muscle weakness),Myasthenia gravis (autoimmune disease of the nerves, muscles),Botulism (bacterial toxin causing muscle weakness),Interstitial lung disease (chronic scarring of the lung),Fat embolism (blood clot from fat)"
271,,,1.0,Pulling at ears,9.0,"Cellulitis (skin infection),Ear infection, middle ear (otitis media),Ear infection, outer (otitis externa),Ear swelling,Foreign body in the ear,Ear drum rupture (tympanic membrane rupture),Contusion (bruise, ecchymosis),Sinusitis (sinus infection),Eustachian tube dysfunction (inner ear tube)"
272,,,1.0,Skin bumps,17.0,"Cellulitis (skin infection),Contusion (bruise, ecchymosis),Acne (pimples),Scabies (skin disease caused by mites),Urticaria (hives),Carbuncle,Poison ivy (poison oak, poison sumac),Skin abscess (collection of pus),Lipoma (benign fatty tumor),Viral exanthem (rash from viral infection),Folliculitis (hair follicle infection),Sebaceous cyst (sac under the skin),Actinic keratosis (AK, skin growth),Molluscum contagiosum,Keratosis pilaris (common skin condition),Keloid (overgrown scar),Contact dermatitis (contact skin irritation)"
273,,,1.0,Congestion in chest or lungs,16.0,"Atypical pneumonia (lung infection),Bronchitis (bronchial tube infection),Bronchiolitis (bronchial tube inflammation),Bronchiectasis (bronchial tube inflammatory damage),Asthma,Influenza (seasonal flu),Whooping cough (pertussis),Congestive heart failure (CHF),Aspiration pneumonia (lung inflammation or infection),Pneumocystis pneumonia (PCP, fungal lung infection),Severe Acute Respiratory Syndrome (SARS, serious viral pneumonia),Pneumonia (lung infection),Pleural effusion (abnormal chest fluid),Pneumoconiosis (lung disease),Loffler's syndrome (pulmonary eosinophilia, lung inflammation),Pulmonary edema (fluid build-up in the lungs)"
274,,,1.0,Discharge from ear,6.0,"Ear infection, outer (otitis externa),Foreign body in the ear,Ear drum rupture (tympanic membrane rupture),Cellulitis (skin infection),Fungal infections,Atopic dermatitis (eczema)"
275,3.0,"Lower Back,Back,Hips",1.0,Low back ache or pain,54.0,"Sciatica (lower back nerve irritation),Herniated disc (slipped disc, ruptured disc),Back trauma (injury),Osteoarthritis (bone inflammation),Ligament sprain (connection between two bones),Bladder infection (cystitis, UTI, urinary tract infection),Pyelonephritis (kidney infection),Chronic pain,Muscle strain (pulled muscle),Kidney stone (nephrolithiasis),Discitis (spinal disk inflammation),Pelvic inflammatory disease (PID, female reproductive organ infection),Lumbar spinal stenosis (spinal cord compression),Scoliosis (crooked spine),Bone metastases (cancer spread to bone),Endometriosis (uterine tissue outside the uterus),Fibromyalgia (chronic pain disorder),Ovarian cyst (female organ fluid collection),Spondylolisthesis (slipped back bone),Obesity,Pancreatitis (pancreas inflammation),Osteoporosis (extremely thin bone),Spinal cord injury, acute,Pilonidal cyst (fluid filled sac on tailbone),Abdominal aortic aneurysm (enlarged major blood vessel),Ankylosing spondylitis (severe spine arthritis),Anorectal (perirectal) abscess,Arthritis (joint inflammation),Bladder stone, urinary,Spinal cord compression (cauda equina syndrome),Cellulitis (skin infection),Constipation,Contusion (bruise, ecchymosis),Fracture (broken bone),Gastritis (stomach inflammation),Miscarriage,Peripheral neuropathy (nerve damage),Placenta previa (placenta covers cervix),Pneumonia (lung infection),Prescription drug abuse,Rectal abscess (collection of pus in the rectum),Rib fracture (broken bone),Sickle cell disease (disease of red blood cells),Urine retention (inability to urinate),Vertebral fracture (broken back or neck bone),Lymphoma (lymph node cancer),Muscle spasm (charley horse),Rickets (childhood bone disease),Addison's disease (adrenal insufficiency),Hyperparathyroidism (elevated parathyroid hormone levels),Synovitis (inflammation of joint lining),Sarcoma (soft tissue cancer),Bone cancer (bone tumor),Multiple myeloma (blood cancer)"
277,,,1.0,Unusual color or odor of urine,25.0,"Prostatitis (prostate inflammation),Bladder infection (cystitis, UTI, urinary tract infection),Bladder stone, urinary,Interstitial cystitis (bladder inflammation),Hyperosmolar hyperglycemic state (severely elevated glucose level),Double diabetes (hybrid diabetes),Prediabetes (high blood sugar),Diabetes (high blood sugar),Diabetes mellitus type 2 (elevated blood sugar),Diabetic ketoacidosis (DKA, a complication of poorly controlled diabetes),Diabetes mellitus type 1 (elevated blood sugar),Gestational diabetes (diabetes during pregnancy),Diabetic nephropathy (diabetes and kidney disease),Cirrhosis (liver failure and scarring),Gilbert's disease (liver abnormality),Chronic liver disease,Hepatitis (liver inflammation),Kidney stone (nephrolithiasis),Dehydration,Renal infarct (kidney damage from an area of blocked blood flow),Renal arteriovenous malformation (AVM, blood vessel abnormality of the kidney),Medication reaction,Drug reaction,Porphyria (rare disorder of skin, nervous system),Phenylketonuria (PKU)"
28,1.0,Head,4.0,"Fainting,Fainting spells,Passing out,Loss of consciousness",47.0,"Arrhythmia (abnormal heart rhythm),Atrioventricular node conduction block (heart block),Blood loss,Cerebral vascular accident (stroke),Gastrointestinal bleeding (stomach, intestine bleeding),Hypertrophic cardiomyopathy (thickened heart muscle),Hypotension (low blood pressure),Postural hypotension (low blood pressure after standing),Transient ischemic attack (TIA, reversible stroke),Vasovagal syncope (fainting),Wolff Parkinson White syndrome (WPW, additional electrical pathway in the heart),Seizure (abnormal brain electrical activity),Carbon monoxide poisoning (odorless, poisonous gas),Dehydration,Hypoglycemia (low blood sugar),Atrial flutter (irregular heart rate),Long QT Syndrome (inherited heart condition),Ventricular tachycardia (VT, dangerous irregular heart beat),Valvular heart disease (abnormal heart valves),Addison's disease (adrenal insufficiency),Alcoholism,Allergic reaction,Anemia (low red blood cell count),Anxiety disorder (generalized anxiety disorder, GAD),Atrial fibrillation (irregular heart rate),Bradycardia (slow heart rate),Cocaine abuse,Concussion,Diabetic ketoacidosis (DKA, a complication of poorly controlled diabetes),Drug reaction,Heat exhaustion,Insulin overdose,Methyl alcohol intoxication (methanol),Narcotic (morphine, heroin) abuse,Sepsis (serious blood infection),Smoke inhalation,Vertebral- basilar artery insufficiency (inadequate blood flow to the back of the brain),Carotid artery stenosis (neck artery narrowing),Cardiac arrest (heart stops),Aortic regurgitation (leaking heart valve),Mitral stenosis (tight heart valve),Mitral regurgitation (leaking heart valve),Familial dysautonomia (genetic disorder),Head injury in children,Hemorrhagic stroke (CVA, cerebrovascular accident),Supraventricular tachycardia (SVT),Pancytopenia"
281,,,1.0,Penis inflammation or swelling,11.0,"Cellulitis (skin infection),Contusion (bruise, ecchymosis),Priapism (persistent erection),Balanitis (penis swelling),Sexually transmitted disease (STD),Penis carcinoma (tumor),Strangulation of genitalia (constriction of genital blood supply),Phimosis,Paraphimosis,Candida albicans (yeast infection),Lichen planus (chronic skin inflammation)"
282,,,1.0,Excessive appetite,16.0,"Bulimia nervosa (binge eating, vomiting),Malnutrition,Hyperthyroidism (elevated thyroid hormone),Hypoglycemia (low blood sugar),Premenstrual syndrome (PMS),Diabetes mellitus type 1 (elevated blood sugar),Gestational diabetes (diabetes during pregnancy),Double diabetes (hybrid diabetes),Diabetes (high blood sugar),Diabetes mellitus type 2 (elevated blood sugar),Anxiety disorder (generalized anxiety disorder, GAD),Pregnancy,Cushing disease (excessive pituitary gland hormones),Steroid use,Steroid abuse,False pregnancy"
284,,,1.0,Retaining fluid,11.0,"Cirrhosis (liver failure and scarring),Renal failure, acute (sudden kidney failure),Renal failure, chronic (ongoing kidney failure),Ankle swelling,Ascites (fluid in the abdomen),Leg swelling (leg edema),Polycystic ovarian syndrome (PCOS, female hormonal disorder),Hypothyroidism (low thyroid hormone),Congestive heart failure (CHF),Lymphedema (lymphatic obstruction),Abdominal swelling"
287,1.0,Chest,1.0,Lump or mass of breast,18.0,"Breast fibroadenoma (benign breast lumps),Fibrocystic breasts (breast lumpiness),Breast cancer (tumor),Mastitis (breast infection inflammation),Sebaceous cyst (sac under the skin),Lipoma (benign fatty tumor),Breast abscess (collection of pus in the breast),Hematoma (collection of blood),Cellulitis (skin infection),Contusion (bruise, ecchymosis),Carbuncle,Metastatic neoplasm (cancer spread),Hidradenitis suppurativa (chronic collections of pus),Invasive lobular carcinoma,Invasive ductal carcinoma,Triple negative breast cancer,Ductal carcinoma in situ (DCIS, breast cancer),Breast cyst"
29,2.0,"Other,Head",2.0,"Fever,Elevated temperature",46.0,"Cellulitis (skin infection),Cholecystitis (inflammation of the gallbladder),Dressler syndrome (heart sac inflammation following heart attack or heart surgery),Epiglottitis (severe throat inflammation),Hand foot and mouth disease (Coxsackie virus),Influenza (seasonal flu),Malaria (mosquito transmitted illness),Measles (viral disease with typical rash),Meningitis (spinal fluid infection),Mononucleosis (common viral illness),Ear infection, middle ear (otitis media),Pelvic inflammatory disease (PID, female reproductive organ infection),Pharyngitis (throat infection),Pneumonia (lung infection),Upper respiratory tract infection (URI, common cold),Toxic shock syndrome (life-threatening bacterial infection complication),Sinusitis (sinus infection),Bladder infection (cystitis, UTI, urinary tract infection),Vaccination,HIV AIDS (Human Immunodeficiency Virus, Acquired Immune Deficiency Syndrome),Endocarditis (heart valve infection),Rocky mountain spotted fever (bacterial infection spread by ticks),Q fever (flu-like bacterial illness),Atypical pneumonia (lung infection),Bronchitis (bronchial tube infection),Conjunctivitis (pink eye),Gastroenteritis (intestinal infection),Lyme disease (bacterial infection from ticks),Mastitis (breast infection inflammation),Pyelonephritis (kidney infection),Sepsis (serious blood infection),Tonsillitis (tonsil infection),Viral infections,Lymphoma (lymph node cancer),Loffler's syndrome (pulmonary eosinophilia, lung inflammation),Wound infection (cut infection),Foot ulcer,Hepatitis A,Neuroblastoma,Tear duct infection (Dacryocystitis),Herpangina (mouth blisters),Hydronephrosis,Anal fistula,Bacterial tracheitis,Neutropenia,Lymphadenitis"
290,,,1.0,Neck stiffness or tightness,14.0,"Contusion (bruise, ecchymosis),Cervical spondylosis (neck arthritis),Sprain (stretched, torn ligament),Muscle and ligament inflammation (enthesopathy),Cervical spine stenosis (narrowing of spinal canal),Torticollis, spasmodic (neck muscle spasm),Whiplash injury (neck injury),Ligament sprain (connection between two bones),Meningitis (spinal fluid infection),Cervical lymphadenopathy (enlarged neck lymph nodes),Cervical spine fracture (broken neck bone),Cervical myelopathy (spinal cord compression),Cervical radiculopathy (pinched nerve in neck),Neck trauma (injury)"
291,,,1.0,Agitated,20.0,"Alcohol (ethanol) intoxication,Allergic reaction,Caffeine use,Hyperthyroidism (elevated thyroid hormone),Dementia (decline in mental ability),Depression (excessive sadness),Schizoaffective disorder (features of schizophrenia and mood disorder),Anxiety,Drug overdose,Sepsis (serious blood infection),Restless legs syndrome (nervous system disorder),Medication reaction,Alcohol withdrawal syndrome (mild),Head injury,Brain abscess (collection of pus in the brain),Brain tumor (cancer of the brain),Head injury in children,Huntington disease (chorea),Neuroblastoma,Phenylketonuria (PKU)"
292,1.0,Head,3.0,"Confusion,Altered mental status (confusion),Decreased mental status",50.0,"Alcohol (ethanol) abuse,Alcohol withdrawal syndrome (mild),Altitude illness,Alzheimer's disease (dementia),Anemia (low red blood cell count),Astrocytoma (brain tumor),Carbon monoxide poisoning (odorless, poisonous gas),Cerebral aneurysm (brain artery dilation),Cerebral vascular accident (stroke),Congestive heart failure (CHF),Dehydration,Dementia (decline in mental ability),Diabetes (high blood sugar),Diabetic ketoacidosis (DKA, a complication of poorly controlled diabetes),Drug overdose,Hypothermia (extreme cold exposure),Hyperthermia (extreme heat exposure),Epidural hematoma (bleeding around brain or spine),Hepatic encephalopathy (confusion from liver failure),Hydrocephalus (brain fluid build-up),Hyperosmolar hyperglycemic state (severely elevated glucose level),Hyperthyroidism (elevated thyroid hormone),Hypoglycemia (low blood sugar),Hyponatremia (low blood sodium),Hypotension (low blood pressure),Hypothyroidism (low thyroid hormone),Hypoxia (lack of oxygen),Sepsis (serious blood infection),Intracranial hemorrhage (bleeding in brain),Lewy body dementia (common type of dementia),Malignant hyperthermia (rare temperature abnormality),Meningioma (brain tumor),Meningitis (spinal fluid infection),Myxedema coma (severely low thyroid hormone),Pseudotumor cerebri (increased pressure in the skull),Renal failure, acute (sudden kidney failure),Renal failure, chronic (ongoing kidney failure),Respiratory failure (breathing failure, ARDS),Reyes syndrome (rare liver and brain swelling),Septic shock (low blood pressure from serious blood infection),Shock (severe low blood pressure),Seizure (abnormal brain electrical activity),Sun poisoning,Thrombotic thrombocytopenia purpura (TTP, rare blood disorder),Subdural hematoma (bleeding on brain),Parathyroid cancer,Decompression sickness (bends, caisson's disease),Traumatic brain injury,Failure to thrive - adult,Drug withdrawal syndrome"
293,1.0,Head,1.0,Headache and weakness,23.0,"Carbon monoxide poisoning (odorless, poisonous gas),Cerebral contusion (bruise of brain),Cerebral vascular accident (stroke),Epidural hematoma (bleeding around brain or spine),Head injury,Heat stroke,Meningioma (brain tumor),Subarachnoid hemorrhage (brain bleeding),Subdural hematoma (bleeding on brain),West Nile virus infection (mosquito-transmitted illness),Brain arteriovenous malformation (blood vessel abnormality in the brain, AVM),Carotid artery dissection (neck artery tear),Cavernous sinus aneurysm (head vein dilation),Cavernous sinus thrombosis (head vein blood clot),Cavernous sinus tumor (head vein cancer),Cerebellar hemorrhage (bleeding in back of brain),Cerebral aneurysm (brain artery dilation),Hydrocephalus (brain fluid build-up),Lupus (systemic lupus erythematosus, SLE),Lyme disease (bacterial infection from ticks),Ramsay Hunt syndrome (viral infection causing facial weakness),Vertebral artery dissection (neck artery tear),Astrocytoma (brain tumor)"
294,1.0,Head,1.0,Confusion and headache,27.0,"Carbon monoxide poisoning (odorless, poisonous gas),Concussion,Encephalitis (brain infection),Epidural hematoma (bleeding around brain or spine),Hydrocephalus (brain fluid build-up),Hypertensive emergency (severely high blood pressure),Meningitis (spinal fluid infection),Pseudotumor cerebri (increased pressure in the skull),Subarachnoid hemorrhage (brain bleeding),Altitude illness,Astrocytoma (brain tumor),Basilar skull fracture (broken skull),Brain abscess (collection of pus in the brain),Brain arteriovenous malformation (blood vessel abnormality in the brain, AVM),Cerebral aneurysm (brain artery dilation),Cerebral contusion (bruise of brain),Epidural abscess (brain or spine pus collection),Meningioma (brain tumor),Rabies (deadly viral illness transmitted by animals),Increased pressure in the skull (raised intracranial pressure),Reyes syndrome (rare liver and brain swelling),Skull fracture (broken bone),Subdural hematoma (bleeding on brain),Tick borne encephalitis (brain infection),Typhoid fever (salmonella typhi infection from contaminated food or water),West Nile virus infection (mosquito-transmitted illness),Brain tumor (cancer of the brain)"
295,1.0,Chest,1.0,Nipple discharge,14.0,"Breast abscess (collection of pus in the breast),Breast fat necrosis (dead breast fat),Fibrocystic breasts (breast lumpiness),Breast fibroadenoma (benign breast lumps),Pregnancy,Paget disease of the nipple (rare breast cancer),Chest trauma (injury),Medication reaction,Breast cancer (tumor),Pituitary tumor,Mastitis (breast infection inflammation),Invasive ductal carcinoma,Triple negative breast cancer,Ductal carcinoma in situ (DCIS, breast cancer)"
3,1.0,Skin,2.0,"Abscess (Collection of pus),Boil (Furuncle)",17.0,"Anorectal (perirectal) abscess,Brain abscess (collection of pus in the brain),Breast abscess (collection of pus in the breast),Skin abscess (collection of pus),Dental abscess (tooth infection),Epidural abscess (brain or spine pus collection),Finger pulp infection (felon),Liver abscess (collection of pus),Lung abscess (collection of pus),Peritonsillar abscess (collection of pus around tonsils),Retropharyngeal abscess (throat abscess),Spinal abscess (collection of spinal pus),Pilonidal cyst (fluid filled sac on tailbone),Methicillin-resistant Staphylococcus aureus (MRSA, type of bacteria),Staphylococcus aureus (type of bacteria),Carbuncle,Foot ulcer"
30,1.0,Other,1.0,Fever in the returning traveler,34.0,"Amebiasis (ameba infection),Campylobacter infection (intestinal bacterial infection),Chagas disease (trypanosomiasis),Cholera (intestinal bacterial infection),Dengue fever (tropical mosquito borne illness),E. coli infection (Escherichia coli, bacterial infection),Encephalitis (brain infection),Filariasis (elephantiasis),Giardiasis (giardia infection),Hantavirus infection (rare, serious viral infection),Hepatitis (liver inflammation),Legionellosis (Legionnaires' disease),Leishmaniasis (parasitic infection, kala azar),Leptospirosis (bacterial infection),Lyme disease (bacterial infection from ticks),Malaria (mosquito transmitted illness),Norovirus infection (viral diarrhea, Norwalk virus)),Onchocerciasis (river blindness),Plague (bubonic plague, bacteria yersinia infection),Rickettsial infections (type of bacterial infection),Rotavirus infection (intestinal viral infection),Severe Acute Respiratory Syndrome (SARS, serious viral pneumonia),Schistosomiasis (parasite infection),Shigellosis (bacterial intestinal infection),Smallpox (Variola virus infection),Tuberculosis infection (TB),Typhoid fever (salmonella typhi infection from contaminated food or water),Vibrio parahaemolyticus infection (bacterial infection from shellfish),Viral hemorrhagic fevers (Ebola, Lassa),West Nile virus infection (mosquito-transmitted illness),Yellow fever (viral hemorrhagic fever),Chikungunya (viral illness from mosquitoes),Japanese encephalitis (viral brain infection),Brucellosis (bacterial infection spread from animals)"
301,,,1.0,Shoulder stiffness or tightness,17.0,"Contusion (bruise, ecchymosis),Sprain (stretched, torn ligament),Rotator cuff syndrome (shoulder injury),Muscle strain (pulled muscle),Muscle and ligament inflammation (enthesopathy),Muscle tear,Bursitis (inflammation of joint cushion),Arthritis (joint inflammation),Ligament sprain (connection between two bones),Ligament tear (connection between two bones),Tendonitis (tendon inflammation),Shoulder sprain,Frozen shoulder (adhesive capsulitis of shoulder),Brachial plexus injury (shoulder nerve injury),Polymyalgia rheumatica (PMR, muscle and joint disorder),AC (acromioclavicular) joint separation,Reflex sympathetic dystrophy (complex pain syndrome)"
303,,,1.0,Arm stiffness or tightness,14.0,"Sprain (stretched, torn ligament),Contusion (bruise, ecchymosis),Tendonitis (tendon inflammation),Muscle strain (pulled muscle),Ligament sprain (connection between two bones),Deep venous thrombosis (DVT, venous blood clot),Lymphangitis (lymph tissue inflammation),Muscle and ligament inflammation (enthesopathy),Bursitis (inflammation of joint cushion),Cervical spine stenosis (narrowing of spinal canal),Tenosynovitis (tendon sheath inflammation),Ligament tear (connection between two bones),Golfer's elbow (medial epicondylitis of elbow),Muscle spasm (charley horse)"
304,,,1.0,High blood pressure,30.0,"Hypertension (high blood pressure),Alcohol (ethanol) abuse,Hypertensive emergency (severely high blood pressure),Polycystic kidney disease (inherited kidney disorder),Pseudotumor cerebri (increased pressure in the skull),Drug withdrawal syndrome,Drug overdose,Renal artery stenosis (kidney artery narrowing),Pheochromocytoma (adrenal gland tumor),Hyperthyroidism (elevated thyroid hormone),Fibromyalgia (chronic pain disorder),Sleep apnea (chronic sleep disruption),Gestational hypertension (high blood pressure in pregnancy),Preeclampsia (toxemia of pregnancy),Hyperparathyroidism (elevated parathyroid hormone levels),Coarctation of aorta (narrowing of the aorta),Medication reaction,Cushing disease (excessive pituitary gland hormones),Anxiety,Anxiety disorder (generalized anxiety disorder, GAD),Panic disorder,Stress headache (tension headache),Headache,Tension headache (stress headache),Cluster headache (one-sided headache behind the eye),Blood vessel headache,Migraine (type of headache),Complex migraine (migraine with neurologic changes),Heart attack (acute myocardial infarction, AMI),White coat hypertension (elevated blood pressure at doctor's office)"
306,,,1.0,High blood sugar,19.0,"Diabetes (high blood sugar),Diabetes mellitus type 1 (elevated blood sugar),Diabetes mellitus type 2 (elevated blood sugar),Polycystic ovarian syndrome (PCOS, female hormonal disorder),Medication reaction,Obesity,Cushing disease (excessive pituitary gland hormones),Pancreatic cancer (tumor),Diabetic ketoacidosis (DKA, a complication of poorly controlled diabetes),Diabetic retinopathy (diabetic eye disease),Hyperosmolar hyperglycemic state (severely elevated glucose level),Diabetic neuropathy (nerve damage),Prediabetes (high blood sugar),Gestational diabetes (diabetes during pregnancy),Double diabetes (hybrid diabetes),Pancreas inflammation (pancreatitis, chronic),Dehydration,Trauma,Diabetic nephropathy (diabetes and kidney disease)"
31,1.0,Other,1.0,Fever of unknown origin,14.0,"Viral infections,Bacterial infection,Fungal infections,Parasite infections,Cancer (tumor),Inflammatory conditions,Autoimmune conditions,Ewing's sarcoma (cancer),Extragonadal germ cell tumors,Fallopian tube cancer,Gallbladder and bile duct cancer,Large cell lung cancer,Malignant Mesothelioma,Polyarteritis Nodosa (PAN)"
32,1.0,Abdomen,2.0,"Flank pain,Side pain",26.0,"Abdominal aortic aneurysm (enlarged major blood vessel),Cholecystitis (inflammation of the gallbladder),Cholelithiasis (gallstones),Crohn's disease (regional enteritis, Crohn's colitis, intestinal inflammation),Colonic diverticulitis (inflammation of pouches in the large intestine),Kidney stone (nephrolithiasis),Pyelonephritis (kidney infection),Retroperitoneal hemorrhage (flank bleeding),Ulcerative colitis (large intestine inflammation),Bladder infection (cystitis, UTI, urinary tract infection),Appendicitis,Back trauma (injury),Fibromyalgia (chronic pain disorder),Kidney cancer (tumor),Myocardial infarction (heart attack),Pleuritis (inflammation of the lung's lining, pleurisy),Pneumonia (lung infection),Polycystic kidney disease (inherited kidney disorder),Renal infarct (kidney damage from an area of blocked blood flow),Renal trauma (kidney trauma),Renal vein thrombosis (kidney vein clot),Rib fracture (broken bone),Shingles (herpes zoster),Muscle strain (pulled muscle),Spleen injury (splenic rupture),Hydronephrosis"
33,1.0,Pelvis,1.0,Frequent urination (Frequency),15.0,"Benign prostatic hyperplasia (prostate enlargement),Bladder cancer,Bladder stone, urinary,Cystocele (bladder hernia),Neisseria gonorrhea infection (sexually transmitted disease),Kidney stone (nephrolithiasis),Prostate cancer (male anatomy cancer),Prostatitis (prostate inflammation),Pyelonephritis (kidney infection),Urethritis (infection of urethra),Bladder infection (cystitis, UTI, urinary tract infection),Urinary tract malformation,Diabetes (high blood sugar),Interstitial cystitis (bladder inflammation),Hydronephrosis"
34,1.0,Hands,,,13.0,"Arthritis (joint inflammation),Cellulitis (skin infection),Contusion (bruise, ecchymosis),Dislocation (joint out of place),Gout (uric acid crystals in the joint causing inflammation),Laceration (skin cut),Mallet finger (finger tendon rupture),Paronychia (infection around the nail),Subungual hematoma (blood under nail),Tendonitis (tendon inflammation),Tenosynovitis (tendon sheath inflammation),Finger fracture (broken finger),Puncture wound, finger"
35,1.0,Feet,1.0,Foot pain,27.0,"Calluses and corns,Cellulitis (skin infection),Compartment syndrome (increased pressure inside muscles),Fallen arches (flat feet, pes planus),Gout (uric acid crystals in the joint causing inflammation),Bunion of big toe (hallux valgus),Hammer toes (toe deformity),Peripheral neuropathy (nerve damage),Plantar fasciitis (inflammation of tissue at the bottom of the foot),Plantar wart (human papilloma virus infection, foot warts),Puncture wound,Sprain (stretched, torn ligament),Tarsal tunnel syndrome (foot nerve damage),Tendonitis (tendon inflammation),Muscle spasm (charley horse),Foot fracture (broken foot),Sever's disease (calcaneal apophysitis, common cause of heel pain),Frostbite (tissue damage from cold),Trench foot (immersion foot),Muscle tear,Flat feet (pes planus),Heel spur,Bone cancer (bone tumor),Sarcoma (soft tissue cancer),Diabetic neuropathy (nerve damage),Foot sprain,Foot ulcer"
36,1.0,Head,2.0,"Cranky, crying, fussy, irritable child,Crying baby",32.0,"Child abuse,Aphthous ulcers (mouth stomatitis),Arrhythmia (abnormal heart rhythm),Colic (prolonged infant crying episodes),Dental eruption (appearance of new tooth),Fracture (broken bone),Gastroenteritis (intestinal infection),Intussusception (telescoping intestine),Meningitis (spinal fluid infection),Sepsis (serious blood infection),Strangulation of genitalia (constriction of genital blood supply),Subdural hematoma (bleeding on brain),Ear infection, middle ear (otitis media),Upper respiratory tract infection (URI, common cold),Bladder infection (cystitis, UTI, urinary tract infection),Acidosis (excessive acid in the body),Bronchiolitis (bronchial tube inflammation),Constipation,Contact dermatitis (contact skin irritation),Gastritis (stomach inflammation),Gastroesophageal reflux (GERD, heartburn),Malabsorption syndrome (abnormal intestinal digestion),Thrush (oral candidiasis),Pharyngitis (throat infection),Serum sickness (abnormal immune system response),Torticollis, spasmodic (neck muscle spasm),Viral infections,Croup (upper airway inflammation),Impetigo (bacterial skin infection),Scabies (skin disease caused by mites),Vaginal yeast (fungal) infection,Teething"
37,4.0,"Pelvis,Abdomen,Hips,Lower Back",1.0,Groin pain,42.0,"Femoral artery aneurysm (dilation of leg artery),Inguinal hernia (groin hernia),Femoral hernia (groin hernia),Enlarged lymph nodes (lymphadenopathy),Kidney stone (nephrolithiasis),Ligament sprain (connection between two bones),Deep venous thrombosis (DVT, venous blood clot),Appendicitis,Aseptic joint effusion (fluid in a joint),Aseptic necrosis of bone (bone death and destruction),Back trauma (injury),Bladder stone, urinary,Bursitis (inflammation of joint cushion),Cellulitis (skin infection),Chronic pain,Colonic diverticulitis (inflammation of pouches in the large intestine),Constipation,Contusion (bruise, ecchymosis),Discitis (spinal disk inflammation),Extremity trauma (leg or arm injury),Fibroid (uterine muscle tumor),Fibromyalgia (chronic pain disorder),Gastroenteritis (intestinal infection),Herniated disc (slipped disc, ruptured disc),Hip fracture (broken hip),Osteoarthritis (bone inflammation),Ovarian cyst (female organ fluid collection),Pelvic inflammatory disease (PID, female reproductive organ infection),Polycystic kidney disease (inherited kidney disorder),Pyelonephritis (kidney infection),Sciatica (lower back nerve irritation),Septic arthritis (joint infection),Shingles (herpes zoster),Muscle strain (pulled muscle),Urethritis (infection of urethra),Bladder infection (cystitis, UTI, urinary tract infection),Urine retention (inability to urinate),Muscle spasm (charley horse),Ascites (fluid in the abdomen),Obesity,Post herpetic neuralgia (nerve pain after shingles),Synovitis (inflammation of joint lining)"
38,1.0,Head,1.0,Delusions or hallucinations,18.0,"Alcohol withdrawal syndrome (mild),Amphetamine abuse,Bipolar disorder (manic depressive disorder),Magic mushroom ingestion (psilocybin),Schizophrenia (chronic impaired reality perception),Temporal lobe epilepsy (non-convulsive seizure),Adjustment disorder (poor adjustment to life stressor),Alcoholism,Anxiety disorder (generalized anxiety disorder, GAD),Cocaine abuse,Depression (excessive sadness),Drug reaction,Major depressive disorder (severe depression),Post-traumatic stress disorder (PTSD),Prescription drug abuse,Schizoaffective disorder (features of schizophrenia and mood disorder),Hepatic encephalopathy (confusion from liver failure),Delusional disorder"
39,2.0,"Hands,Arms",3.0,"Hand, finger ache or pain,Hand pain,Finger pain",50.0,"Arthritis (joint inflammation),Carpal tunnel syndrome (wrist nerve compression),Cellulitis (skin infection),Cervical radiculopathy (pinched nerve in neck),Contusion (bruise, ecchymosis),Dislocation (joint out of place),Gout (uric acid crystals in the joint causing inflammation),Hematoma (collection of blood),Tendonitis (tendon inflammation),Tenosynovitis (tendon sheath inflammation),Hand fracture (broken hand),Osteoarthritis (bone inflammation),Psoriatic arthritis (joint pain and stiffness),Abrasions (scrapes),Burns,Chronic pain,De Quervain's tenosynovitis (hand tendon inflammation),Hypothermia (extreme cold exposure),Extremity trauma (leg or arm injury),Fibromyalgia (chronic pain disorder),Finger laceration (skin cut),Finger pulp infection (felon),Fracture (broken bone),Hand laceration (skin cut),Tennis elbow (lateral epicondylitis),Ligament sprain (connection between two bones),Lymphangitis (lymph tissue inflammation),Mallet finger (finger tendon rupture),Necrotizing fasciitis (life-threatening infection),Paronychia (infection around the nail),Peripheral neuropathy (nerve damage),Peripheral vascular disease (blocked blood vessels),Rheumatoid arthritis (type of chronic joint inflammation),Shingles (herpes zoster),Muscle strain (pulled muscle),Cervical myelopathy (spinal cord compression),Chemical burn,Psoriasis (scaly skin disease),Muscle spasm (charley horse),Cubital tunnel syndrome (nerve compression in the elbow),Gangrene (death of body tissue),Finger fracture (broken finger),Tendon laceration (tendon cut),Foreign body in a wound,Wound infection (cut infection),Ingrown nail (onychocryptosis),Synovitis (inflammation of joint lining),Reflex sympathetic dystrophy (complex pain syndrome),Finger amputation,Trigger finger"
4,2.0,"Other,Head",2.0,"Alcohol abuse,Excessive drinking",15.0,"Alcohol (ethanol) intoxication,Alcohol (ethanol) poisoning (overdose),Alcohol withdrawal syndrome (mild),Alcoholism,Delirium tremens (DTs, severe alcohol withdrawal),Cirrhosis (liver failure and scarring),Depression (excessive sadness),Gastric ulcer (stomach ulcer),Major depressive disorder (severe depression),Marijuana use,Narcotic (morphine, heroin) abuse,Pancreatitis (pancreas inflammation),Phobias (irrational fear),Prescription drug abuse,Schizophrenia (chronic impaired reality perception)"
40,1.0,Head,1.0,Head injury,20.0,"Altered mental status (confusion),Basilar skull fracture (broken skull),Cerebellar syndrome (loss of coordination),Cerebrospinal fluid rhinorrhea (leakage of brain fluid from the nose),Cervical spine fracture (broken neck bone),Concussion,Contusion (bruise, ecchymosis),Epidural hematoma (bleeding around brain or spine),Nose bleed (epistaxis),Headache,Hearing loss,Hematoma (collection of blood),Hemotympanum (blood behind ear drum),Intracranial hemorrhage (bleeding in brain),Post concussive syndrome (symptoms after a concussion),Scalp laceration (scalp cut),Skull fracture (broken bone),Subarachnoid hemorrhage (brain bleeding),Subdural hematoma (bleeding on brain),Vertigo (spinning sensation)"
41,2.0,"Head,Neck",2.0,"Headache,Head pain",70.0,"Carbon monoxide poisoning (odorless, poisonous gas),Cervical spondylosis (neck arthritis),Cluster headache (one-sided headache behind the eye),Glaucoma (elevated eye pressure),Head injury,Meningitis (spinal fluid infection),Migraine (type of headache),Ear infection, middle ear (otitis media),Temporal arteritis (inflamed scalp artery),Upper respiratory tract infection (URI, common cold),Epidural hematoma (bleeding around brain or spine),Sinusitis (sinus infection),Subdural hematoma (bleeding on brain),Meningioma (brain tumor),Hydrocephalus (brain fluid build-up),Cerebral aneurysm (brain artery dilation),Pseudotumor cerebri (increased pressure in the skull),Abrasions (scrapes),Alcoholism,Allergic rhinitis (allergic reaction in the nose),Amphetamine abuse,Anxiety disorder (generalized anxiety disorder, GAD),Bell's palsy (facial muscle weakness),Bipolar disorder (manic depressive disorder),Brain tumor (cancer of the brain),Dental caries (cavities),Concussion,Contusion (bruise, ecchymosis),Dental abscess (tooth infection),Depression (excessive sadness),Drug reaction,Encephalitis (brain infection),Essential hypertension (high blood pressure),Herniated disc (slipped disc, ruptured disc),Hypertension (high blood pressure),Hypertensive emergency (severely high blood pressure),Influenza (seasonal flu),Intracranial hemorrhage (bleeding in brain),Lyme disease (bacterial infection from ticks),Major depressive disorder (severe depression),Nasal fracture (broken nose),Orbital fracture (broken bone near the eye),Ear infection, outer (otitis externa),Pharyngitis (throat infection),Post concussive syndrome (symptoms after a concussion),Posterior inferior cerebellar artery syndrome (stroke syndrome),Premenstrual syndrome (PMS),Puncture wound, face,Scalp laceration (scalp cut),Stress,Temporomandibular joint syndrome (TMJ, jaw joint pain),Tonsillitis (tonsil infection),Trigeminal neuralgia (facial nerve pain),Viral infections,Whiplash injury (neck injury),Seizure (abnormal brain electrical activity),Porphyria (rare disorder of skin, nervous system),Tension headache (stress headache),Farsightedness (hyperopia/hypermetropia),Head injury in children,Hemorrhagic stroke (CVA, cerebrovascular accident),Paget disease of the bone,Presbyopia (aging vision),Arnold Chiari malformation,Decompression sickness (bends, caisson's disease),Fibromuscular dysplasia (FMD),Traumatic brain injury,Mycoplasma infection (bacteria),Essential thrombocythemia (excessive blood platelets),Cerebellar Ataxia"
42,1.0,Feet,1.0,Heel pain,9.0,"Plantar fasciitis (inflammation of tissue at the bottom of the foot),Achilles tendonitis (heel tendon inflammation),Fracture (broken bone),Tarsal tunnel syndrome (foot nerve damage),Sever's disease (calcaneal apophysitis, common cause of heel pain),Bone cancer (bone tumor),Sarcoma (soft tissue cancer),Foreign body in a wound,Cellulitis (skin infection)"
43,1.0,Other,1.0,Heat illness,10.0,"Confusion (altered mental status),Dehydration,Hyperthermia (extreme heat exposure),Headache,Heat cramps,Heat exhaustion,Heat rash,Heat stroke,Malignant hyperthermia (rare temperature abnormality),Rhabdomyolysis (severe muscle breakdown)"
44,2.0,"Chest,Other",,,15.0,"Amphetamine abuse,Cerebral vascular accident (stroke),Coarctation of aorta (narrowing of the aorta),Cocaine abuse,Eclampsia (hypertensive disorder of pregnancy),Essential hypertension (high blood pressure),Hypertensive emergency (severely high blood pressure),Hyperthyroidism (elevated thyroid hormone),Pheochromocytoma (adrenal gland tumor),Renal arteriovenous malformation (AVM, blood vessel abnormality of the kidney),Renal artery stenosis (kidney artery narrowing),Renal failure, chronic (ongoing kidney failure),Serotonin syndrome (severe medication reaction),Vasculitis (inflammation of the arteries),White coat hypertension (elevated blood pressure at doctor's office)"
45,4.0,"Hips,Lower Back,Back,Pelvis",1.0,Hip pain,25.0,"Arthritis (joint inflammation),Aseptic joint effusion (fluid in a joint),Aseptic necrosis of bone (bone death and destruction),Bursitis (inflammation of joint cushion),Cellulitis (skin infection),Contusion (bruise, ecchymosis),Dislocation (joint out of place),Gout (uric acid crystals in the joint causing inflammation),Hernia,Herniated disc (slipped disc, ruptured disc),Hip fracture (broken hip),Legg Calve Perthes disease (childhood hip condition),Osteochondritis dissecans (joint disorder),Sciatica (lower back nerve irritation),Septic hip (infected hip joint),Slipped capital femoral epiphysis (adolescent hip disorder),Muscle strain (pulled muscle),Osteoporosis (extremely thin bone),Necrotizing fasciitis (life-threatening infection),Osteoarthritis (bone inflammation),Bone cancer (bone tumor),Sarcoma (soft tissue cancer),Paget disease of the bone,Traumatic hip dislocation,Greater trochanteric bursitis (hip bursitis)"
46,5.0,"Face,Skin,Chest,Neck,Hands",2.0,"Hives,Urticaria (Hives)",8.0,"Allergic reaction,Anaphylactoid reactions (pseudo allergic reaction),Contact urticaria (hives),Familial cold urticaria (cold-related hives),Symptomatic dermatographism (exaggerated skin response to pressure),Anaphylaxis (severe/life threatening allergic reaction),Mastocytosis (urticaria pigmentosa, skin disease),Food allergy"
47,2.0,"Mouth,Throat",1.0,Hoarse voice,15.0,"Allergy,Bronchitis (bronchial tube infection),Cancer (tumor),Foreign body (object originating outside the body),Gastroesophageal reflux (GERD, heartburn),Infectious mononucleosis (Epstein Barr virus, ""Mono""),Laryngitis (voice box inflammation),Overuse syndrome (injury from repetitive activity),Post nasal drip,Smoking (tobacco use disorder),Vocal cord nodule (growth on the vocal cords),Vocal cord paralysis (voice box weakness),Tonsillitis (tonsil infection),Parathyroid cancer,Bacterial tracheitis"
48,1.0,Other,2.0,"Hypothermia (Low temperature),Low temperature",7.0,"Alcohol (ethanol) intoxication,Anorexia nervosa (eating disorder),Cerebral vascular accident (stroke),Drug overdose,Hypothermia (extreme cold exposure),Hypothyroidism (low thyroid hormone),Myxedema coma (severely low thyroid hormone)"
49,3.0,"Pelvis,Lower Back,Back",2.0,"Incontinence (leaking urine),Leaking urine",21.0,"Spinal cord compression (cauda equina syndrome),Cerebral palsy (movement disorder),Cerebral vascular accident (stroke),Cystocele (bladder hernia),Fecal impaction (rectal blockage from stool),Multiple sclerosis (MS),Neurogenic bladder (bladder paralysis),Pregnancy,Stress incontinence (unintentional urination with cough or sneeze),Bladder infection (cystitis, UTI, urinary tract infection),Spinal cord injury, acute,Hydrocephalus (brain fluid build-up),Lumbar spinal stenosis (spinal cord compression),Alcohol (ethanol) intoxication,Cervical spine fracture (broken neck bone),Constipation,Diabetes mellitus type 2 (elevated blood sugar),Kidney stone (nephrolithiasis),Pyelonephritis (kidney infection),Medication reaction,Generalized seizure disorder (generalized epilepsy)"
5,2.0,"Head,Other",3.0,"Anxiety (Nervousness),Panic attack,Nervousness",30.0,"Bipolar disorder (manic depressive disorder),Depression (excessive sadness),Hypoglycemia (low blood sugar),Hypoxia (lack of oxygen),Obsessive compulsive disorder (OCD, anxiety disorder),Panic disorder,Phobias (irrational fear),Post-traumatic stress disorder (PTSD),Stress,Amphetamine abuse,Adjustment disorder (poor adjustment to life stressor),Alcoholism,Anxiety disorder (generalized anxiety disorder, GAD),Arrhythmia (abnormal heart rhythm),Body dysmorphic disorder (body appearance obsession),Drug overuse,Hyperventilation (rapid breathing),Major depressive disorder (severe depression),Narcotic (morphine, heroin) abuse,Personality disorder (unhealthy patterns of thinking and behavior),Prescription drug abuse,Schizoaffective disorder (features of schizophrenia and mood disorder),Schizophrenia (chronic impaired reality perception),Attention deficit hyperactivity disorder (ADHD),Medication reaction,Dysthymia (depression, dysthymic disorder),Huntington disease (chorea),Hypoparathyroidism,Thyroid cyst,Complex partial seizures (psychomotor epilepsy)"
50,10.0,"Shoulder,Arms,Hips,Legs,Chest,Lower Back,Back,Face,Skin,Hands",2.0,"Insect sting,Insect bite",11.0,"Anopheles mosquito bite,Ant bite,Bee sting (wasp sting),Mosquito bite,Scorpion sting,Insect bite,Urticaria (hives),Anaphylaxis (severe/life threatening allergic reaction),Staphylococcus aureus (type of bacteria),Tick bite,Flea bite"
51,2.0,"Head,Other",3.0,"Insomnia (Trouble sleeping),Sleeping problem,Trouble sleeping",24.0,"Amphetamine abuse,Bipolar disorder (manic depressive disorder),Caffeine use,Depression (excessive sadness),Jet lag,Narcolepsy (uncontrollable sleeping),Restless legs syndrome (nervous system disorder),Adjustment disorder (poor adjustment to life stressor),Alcohol withdrawal syndrome (mild),Alcoholism,Anxiety disorder (generalized anxiety disorder, GAD),Drug reaction,Major depressive disorder (severe depression),Migraine (type of headache),Narcotic (morphine, heroin) abuse,Personality disorder (unhealthy patterns of thinking and behavior),Post-traumatic stress disorder (PTSD),Schizoaffective disorder (features of schizophrenia and mood disorder),Schizophrenia (chronic impaired reality perception),Stress,Attention deficit hyperactivity disorder (ADHD),Medication reaction,Dysthymia (depression, dysthymic disorder),Post-polio syndrome"
52,14.0,"Skin,Arms,Buttock/Rectum,Shoulder,Feet,Hips,Neck,Pelvis,Hands,Legs,Chest,Back,Lower Back,Head",1.0,Skin itching,39.0,"Allergic reaction,Atopic dermatitis (eczema),Poison ivy (poison oak, poison sumac),Cutaneous larva migrans (parasitic skin disease),Herpes simplex infection (viral infection),Renal failure, chronic (ongoing kidney failure),Shingles (herpes zoster),Swimmer's itch (cercarial dermatitis),Tinea (fungal skin infection),Urticaria (hives),Lymphoma (lymph node cancer),Hodgkin's disease (cancer of the lymph system),Scabies (skin disease caused by mites),Head lice,Pubic lice,Bacterial vaginosis (vaginal infection),Candida albicans (yeast infection),Cellulitis (skin infection),Contact dermatitis (contact skin irritation),Drug reaction,Hepatitis (liver inflammation),Lichen planus (chronic skin inflammation),Lupus (systemic lupus erythematosus, SLE),Pityriasis rosea (inflammatory skin rash),Renal failure, acute (sudden kidney failure),Sebaceous cyst (sac under the skin),Sexually transmitted disease (STD),Insect bite,Vaginitis (vaginal infection inflammation),Acne (pimples),Psoriasis (scaly skin disease),Vaginal yeast (fungal) infection,Hyperparathyroidism (elevated parathyroid hormone levels),Gallbladder and bile duct cancer,Hyperkeratosis (skin thickening),Dermatofibroma,Ichthyosis,Keloid (overgrown scar),Cutaneous T cell lymphoma"
53,6.0,"Arms,Legs,Feet,Other,Shoulder,Hips",1.0,Joint pain,23.0,"Bursitis (inflammation of joint cushion),Fracture (broken bone),Gout (uric acid crystals in the joint causing inflammation),Lupus (systemic lupus erythematosus, SLE),Osteoarthritis (bone inflammation),Osteomyelitis (bone infection),Rheumatoid arthritis (type of chronic joint inflammation),Septic arthritis (joint infection),Tendonitis (tendon inflammation),Overuse syndrome (injury from repetitive activity),Polymyalgia rheumatica (PMR, muscle and joint disorder),Ligament sprain (connection between two bones),Inflammatory conditions,Ligament tear (connection between two bones),Rheumatic fever (complication of strep infection),Ankylosing spondylitis (severe spine arthritis),Lyme disease (bacterial infection from ticks),Pseudogout (calcium deposit arthritis),Psoriatic arthritis (joint pain and stiffness),Chondromalacia (cartilage damage),Decompression sickness (bends, caisson's disease),Subluxation,Polyarteritis Nodosa (PAN)"
54,2.0,"Lower Back,Back",1.0,Kidney pain (Flank pain),25.0,"Kidney cancer (tumor),Kidney stone (nephrolithiasis),Polycystic kidney disease (inherited kidney disorder),Pyelonephritis (kidney infection),Renal infarct (kidney damage from an area of blocked blood flow),Renal trauma (kidney trauma),Renal vein thrombosis (kidney vein clot),Abdominal aortic aneurysm (enlarged major blood vessel),Appendicitis,Back trauma (injury),Cholecystitis (inflammation of the gallbladder),Cholelithiasis (gallstones),Colonic diverticulitis (inflammation of pouches in the large intestine),Crohn's disease (regional enteritis, Crohn's colitis, intestinal inflammation),Fibromyalgia (chronic pain disorder),Myocardial infarction (heart attack),Pleuritis (inflammation of the lung's lining, pleurisy),Pneumonia (lung infection),Retroperitoneal hemorrhage (flank bleeding),Rib fracture (broken bone),Shingles (herpes zoster),Muscle strain (pulled muscle),Ulcerative colitis (large intestine inflammation),Bladder infection (cystitis, UTI, urinary tract infection),Spleen injury (splenic rupture)"
55,1.0,Legs,1.0,Knee pain,21.0,"Arthritis (joint inflammation),Aseptic joint effusion (fluid in a joint),Bursitis (inflammation of joint cushion),Cellulitis (skin infection),Contusion (bruise, ecchymosis),Dislocation (joint out of place),Fracture (broken bone),Gout (uric acid crystals in the joint causing inflammation),Ligament tear (connection between two bones),Meniscus injury (knee cartilage injury),Osteoarthritis (bone inflammation),Osteochondritis dissecans (joint disorder),Patellar dislocation (knee cap dislocation),Patellar (knee cap) tendon rupture,Pseudogout (calcium deposit arthritis),Sciatica (lower back nerve irritation),Septic knee joint (infected knee joint),Muscle strain (pulled muscle),Osgood Schlatter disease (painful shinbone inflammation),Baker's cyst (fluid sac behind knee),Posterior cruciate ligament injuries (PCL injury)"
56,,,2.0,"Laceration,Cuts",17.0,"Ankle laceration (cut in skin),Arm laceration (skin cut),Ear laceration (cut on the ear),Eyelid laceration (skin cut),Facial laceration (skin cut),Finger laceration (skin cut),Foot laceration (skin cut),Hand laceration (skin cut),Knee laceration (skin cut),Leg laceration (skin cut),Lip laceration (skin cut),Mouth laceration (mouth cut),Scalp laceration (scalp cut),Skin laceration (cut skin),Toe laceration (cut skin),Cat bite,Dog bite"
57,4.0,"Hips,Legs,Feet,Lower Back",1.0,Leg ache or pain,62.0,"Cellulitis (skin infection),Compartment syndrome (increased pressure inside muscles),Contusion (bruise, ecchymosis),Deep venous thrombosis (DVT, venous blood clot),Fracture (broken bone),Gout (uric acid crystals in the joint causing inflammation),Herniated disc (slipped disc, ruptured disc),Osteoarthritis (bone inflammation),Peripheral neuropathy (nerve damage),Sciatica (lower back nerve irritation),Septic arthritis (joint infection),Muscle strain (pulled muscle),Vasculitis (inflammation of the arteries),Rheumatoid arthritis (type of chronic joint inflammation),Necrotizing fasciitis (life-threatening infection),Pyomyositis (muscle infection),Bone cancer (bone tumor),Sarcoma (soft tissue cancer),Chronic venous insufficiency (weakened leg veins),Diabetic neuropathy (nerve damage),Abrasions (scrapes),Achilles tendonitis (heel tendon inflammation),Arthritis (joint inflammation),Aseptic joint effusion (fluid in a joint),Aseptic necrosis of bone (bone death and destruction),Back trauma (injury),Baker's cyst (fluid sac behind knee),Bursitis (inflammation of joint cushion),Fibromyalgia (chronic pain disorder),Hip fracture (broken hip),Knee laceration (skin cut),Leg laceration (skin cut),Leg swelling (leg edema),Ligament sprain (connection between two bones),Lupus (systemic lupus erythematosus, SLE),Meniscus injury (knee cartilage injury),Metastatic neoplasm (cancer spread),Multiple sclerosis (MS),Osteomyelitis (bone infection),Peripheral vascular disease (blocked blood vessels),Restless legs syndrome (nervous system disorder),Rhabdomyolysis (severe muscle breakdown),Sickle cell disease (disease of red blood cells),Tendonitis (tendon inflammation),Muscle spasm (charley horse),Foot fracture (broken foot),Ankle fracture (broken ankle),Lumbar spinal stenosis (spinal cord compression),Wound infection (cut infection),Ankle sprain,Synovitis (inflammation of joint lining),Reflex sympathetic dystrophy (complex pain syndrome),Lymphedema (lymphatic obstruction),Ewing's sarcoma (cancer),Langerhans cell histiocytosis (Histiocytosis X),Paget disease of the bone,Parathyroid cancer,Thrombophlebitis (superficial),Traumatic hip dislocation,Broken leg (leg fracture),Varicose veins,Meralgia Paresthetica"
58,1.0,Legs,4.0,"Swelling of both legs,Lower extremity edema (swelling),Pedal edema,Swelling of both ankles",27.0,"Cancer (tumor),Cellulitis (skin infection),Contusion (bruise, ecchymosis),Deep venous thrombosis (DVT, venous blood clot),Fracture (broken bone),Gout (uric acid crystals in the joint causing inflammation),Ligament tear (connection between two bones),Osteoarthritis (bone inflammation),Pseudogout (calcium deposit arthritis),Septic arthritis (joint infection),Sprain (stretched, torn ligament),Muscle strain (pulled muscle),Vasculitis (inflammation of the arteries),Overuse syndrome (injury from repetitive activity),Rheumatoid arthritis (type of chronic joint inflammation),Behcets disease (small blood vessel inflammation disorder),Congestive heart failure (CHF),Necrotizing fasciitis (life-threatening infection),Baker's cyst (fluid sac behind knee),Cirrhosis (liver failure and scarring),Renal failure, acute (sudden kidney failure),Renal failure, chronic (ongoing kidney failure),Hypothyroidism (low thyroid hormone),Myxedema coma (severely low thyroid hormone),Sarcoma (soft tissue cancer),Chronic venous insufficiency (weakened leg veins),Glomerulonephritis (kidney disease)"
59,1.0,Other,2.0,"Lethargy (Sluggishness),Sluggishness",19.0,"Alcohol (ethanol) abuse,Anemia (low red blood cell count),Anorexia (eating disorder),Autoimmune disease,Cancer (tumor),Chronic fatigue syndrome (CFS),Chronic liver disease,Chronic pain,Congestive heart failure (CHF),Dehydration,Depression (excessive sadness),Diabetes (high blood sugar),Drug overuse,Infection,Malnutrition,Meningitis (spinal fluid infection),Narcolepsy (uncontrollable sleeping),Renal failure, acute (sudden kidney failure),Renal failure, chronic (ongoing kidney failure)"
6,3.0,"Arms,Shoulder,Hands",1.0,Arm ache or pain,58.0,"Cellulitis (skin infection),Contusion (bruise, ecchymosis),Deep venous thrombosis (DVT, venous blood clot),Fracture (broken bone),Gout (uric acid crystals in the joint causing inflammation),Herniated disc (slipped disc, ruptured disc),Myocardial infarction (heart attack),Osteoarthritis (bone inflammation),Peripheral neuropathy (nerve damage),Rheumatoid arthritis (type of chronic joint inflammation),Septic arthritis (joint infection),Muscle strain (pulled muscle),Muscle spasm (charley horse),Bone cancer (bone tumor),Sarcoma (soft tissue cancer),Abrasions (scrapes),AC (acromioclavicular) joint separation,Frozen shoulder (adhesive capsulitis of shoulder),Arthritis (joint inflammation),Atrial fibrillation (irregular heart rate),Burns,Bursitis (inflammation of joint cushion),Carpal tunnel syndrome (wrist nerve compression),Cervical radiculopathy (pinched nerve in neck),Cervical spondylosis (neck arthritis),Chronic pain,De Quervain's tenosynovitis (hand tendon inflammation),Dislocation (joint out of place),Enlarged lymph nodes (lymphadenopathy),Extremity trauma (leg or arm injury),Fibromyalgia (chronic pain disorder),Humerus fracture (broken upper arm),Tennis elbow (lateral epicondylitis),Ligament sprain (connection between two bones),Peripheral vascular disease (blocked blood vessels),Radial head fracture (broken elbow bone),Rotator cuff syndrome (shoulder injury),Sebaceous cyst (sac under the skin),Shoulder joint dislocation (dislocated shoulder),Sickle cell disease (disease of red blood cells),Supracondylar fracture (elbow fracture),Tendonitis (tendon inflammation),Tenosynovitis (tendon sheath inflammation),Unstable angina (pre heart attack chest pain),Whiplash injury (neck injury),Cervical spine stenosis (narrowing of spinal canal),Cubital tunnel syndrome (nerve compression in the elbow),Hand fracture (broken hand),Clavicle fracture (broken collar bone),Foreign body in a wound,Synovitis (inflammation of joint lining),Reflex sympathetic dystrophy (complex pain syndrome),Ewing's sarcoma (cancer),Langerhans cell histiocytosis (Histiocytosis X),Takayasu's arteritis (Giant cell arteritis of the young),Thrombophlebitis (superficial),Paget disease of the bone,Parathyroid cancer"
60,1.0,Abdomen,,,8.0,"Tylenol (acetaminophen) poisoning,Cholecystitis (inflammation of the gallbladder),Cholelithiasis (gallstones),Cirrhosis (liver failure and scarring),Hepatitis (liver inflammation),Sclerosing cholangitis (progressive bile duct disease ),Liver cancer (tumor),Hemochromatosis (excess iron disorder)"
61,2.0,"Mouth,Head",1.0,Mouth pain,16.0,"Behcets disease (small blood vessel inflammation disorder),Burning mouth syndrome,Dentures,Gingivitis (inflammation of the gums),Hand foot and mouth disease (Coxsackie virus),Herpes stomatitis (viral mouth infection),Thrush (oral candidiasis),Oral ulcers (mouth ulcers),Reiter syndrome (type of joint inflammation),Toothache,Trauma,Mouth cancer (oropharyngeal cancer),HIV AIDS (Human Immunodeficiency Virus, Acquired Immune Deficiency Syndrome),Bruxism (teeth grinding),Herpangina (mouth blisters),Neutropenia"
62,6.0,"Arms,Hips,Legs,Lower Back,Back,Other",3.0,"Muscle pain,Muscle aches,Body aches",21.0,"Autoimmune disease,Febrile (fever) illness,Fibromyalgia (chronic pain disorder),Influenza (seasonal flu),Myopathy (muscle disease),Myositis (muscle inflammation or infection),Necrotizing fasciitis (life-threatening infection),Overuse syndrome (injury from repetitive activity),Rhabdomyolysis (severe muscle breakdown),Toxic shock syndrome (life-threatening bacterial infection complication),Trichinella spiralis infection (trichinosis, parasitic infection from undercooked pork),Swine Flu (H1N1 Influenza),Polymyalgia rheumatica (PMR, muscle and joint disorder),Muscle spasm (charley horse),Rickets (childhood bone disease),Addison's disease (adrenal insufficiency),Muscle tear,Post-polio syndrome,Vitamin D deficiency,Mycoplasma infection (bacteria),Scurvy (vitamin C deficiency)"
63,2.0,"Feet,Hands",1.0,Nail Injury,4.0,"Nail avulsion (traumatic removal of nail),Nail bruise (subungual hematoma),Nail contusion (swelling of finger and nail),Nail laceration (nail bed cut)"
64,3.0,"Ear	Nose,Face,Head",3.0,"Nasal bleeding,Bloody nose (epistaxis),Nose bleed",23.0,"Arteriovenous malformation (blood vessel abnormality, AVM),Bleeding tendency (bleeding disorder),Dry air nasal irritation,Head injury,Hereditary hemorrhagic telangiectasia (Osler Weber Rendu syndrome),Nasal trauma (injury),Maxillary sinus carcinoma (sinus cancer),Nasal cancer (tumor),Rhinosporidiosis (fungal nasal infection),Septal perforation (hole in the skin between nostrils),Thrombocytopenia (low platelet count),Wegener's granulomatosis (granulomatosis with polyangiitis,  blood vessel disease),Warfarin (Coumadin) use,Hypertension (high blood pressure),Nose bleed (epistaxis),Nasal foreign body (unnatural object in the nose),Sinusitis (sinus infection),Cocaine abuse,Allergic rhinitis (allergic reaction in the nose),Leukemia (blood cell cancer),Hemophilia (inherited bleeding disorder),Aplastic anemia (bone marrow failure),Nasal polyps (growths)"
65,1.0,Head,2.0,"Nasal injury,Nose injury",5.0,"Concussion,Nose bleed (epistaxis),Nasal fracture (broken nose),Perforated septum (hole in skin between nostrils),Preseptal hematoma (blood clot in the nose)"
66,,,2.0,"Nausea,Upset stomach",54.0,"Altitude illness,Carbon monoxide poisoning (odorless, poisonous gas),Concussion,Diabetic ketoacidosis (DKA, a complication of poorly controlled diabetes),Gastritis (stomach inflammation),Gastroenteritis (intestinal infection),Labyrinthitis (dizziness and vertigo),Migraine (type of headache),Myocardial infarction (heart attack),Paralytic Ileus (intestinal paralysis),Cholelithiasis (gallstones),Lactose intolerance,Anxiety disorder (generalized anxiety disorder, GAD),Bacterial dysentery (bacterial infection of the intestines),Celiac disease (celiac sprue),Constipation,Diabetes mellitus type 2 (elevated blood sugar),Esophagitis (esophageal inflammation),Gastric ulcer (stomach ulcer),Gastroesophageal reflux (GERD, heartburn),Head injury,Hyperemesis gravidarum (severe vomiting in pregnancy),Irritable bowel syndrome (IBS, chronic intestinal pain and cramping),Major depressive disorder (severe depression),Panic disorder,Polyphagia (overeating),Pregnancy,Prescription drug abuse,Sepsis (serious blood infection),Ulcerative colitis (large intestine inflammation),Unstable angina (pre heart attack chest pain),Bladder infection (cystitis, UTI, urinary tract infection),Vertigo (spinning sensation),Viral infections,Clostridium difficile (C. Diff),Food poisoning,Coronary artery disease (CAD, heart disease),Medication reaction,Extragonadal germ cell tumors,Glomerulonephritis (kidney disease),Head injury in children,Hepatitis A,Polyarteritis Nodosa (PAN),Takayasu's arteritis (Giant cell arteritis of the young),Traveler's diarrhea (Montezuma's revenge),Tropical sprue,Abdominal adhesions (scar tissue),Arnold Chiari malformation,Traumatic brain injury,Duodenal cancer (small intestine),Hydronephrosis,Gallbladder cancer,Drug withdrawal syndrome,Scurvy (vitamin C deficiency)"
67,4.0,"Neck,Throat,Back,Shoulder",1.0,Neck ache or pain,42.0,"Carotid artery dissection (neck artery tear),Discitis (spinal disk inflammation),Herniated disc (slipped disc, ruptured disc),Thyroiditis (thyroid inflammation),Torticollis, spasmodic (neck muscle spasm),Vertebral artery dissection (neck artery tear),Whiplash injury (neck injury),Cervical spine stenosis (narrowing of spinal canal),Cervical spine fracture (broken neck bone),Cervical spondylosis (neck arthritis),Brachial plexus injury (shoulder nerve injury),Central cord syndrome (traumatic spine injury),Thyroid cancer (neck gland cancer),Abrasions (scrapes),Frozen shoulder (adhesive capsulitis of shoulder),Ankylosing spondylitis (severe spine arthritis),Arthritis (joint inflammation),Back trauma (injury),Cellulitis (skin infection),Cervical radiculopathy (pinched nerve in neck),Contusion (bruise, ecchymosis),Enlarged lymph nodes (lymphadenopathy),Esophagitis (esophageal inflammation),Fibromyalgia (chronic pain disorder),Goiter (enlarged thyroid),Head injury,Ligament sprain (connection between two bones),Meningitis (spinal fluid infection),Migraine (type of headache),Neck trauma (injury),Osteoarthritis (bone inflammation),Peripheral neuropathy (nerve damage),Retropharyngeal abscess (throat abscess),Rotator cuff syndrome (shoulder injury),Shingles (herpes zoster),Spinal abscess (collection of spinal pus),Spinal cord injury, acute,Muscle strain (pulled muscle),Muscle spasm (charley horse),Tension headache (stress headache),Fibromuscular dysplasia (FMD),Thyroid cyst"
68,2.0,"Neck,Throat",2.0,"Neck swelling,Neck mass",13.0,"Burkitt lymphoma (lymph node tumor),Cellulitis (skin infection),Cervical lymphadenopathy (enlarged neck lymph nodes),Goiter (enlarged thyroid),Lipoma (benign fatty tumor),Thyroglossal duct cyst (neck cyst),Mouth cancer (oropharyngeal cancer),Pharyngeal pouch (Zenker's diverticulum, weakening of the esophageal wall),Lymphoma (lymph node cancer),Cat scratch fever (bacterial infection after cat scratch),Thyroid cancer (neck gland cancer),Muscle tear,Thyroid cyst"
69,2.0,"Lower Back,Other",3.0,"Numbness,Tingling,Paresthesias (Numbness)",36.0,"Carbon monoxide poisoning (odorless, poisonous gas),Carpal tunnel syndrome (wrist nerve compression),Cerebral vascular accident (stroke),Compartment syndrome (increased pressure inside muscles),Guillain Barre syndrome (ascending muscle weakness),Hyperventilation (rapid breathing),Limb ischemia (decreased blood flow),Lyme disease (bacterial infection from ticks),Multiple sclerosis (MS),Peripheral neuropathy (nerve damage),Thoracic outlet syndrome (nerve, blood vessel compression),Transverse myelitis (spinal cord inflammation),Traumatic nerve injury,West Nile virus infection (mosquito-transmitted illness),Neurofibromatosis (inherited nerve tumors),Cubital tunnel syndrome (nerve compression in the elbow),Hypocalcemia (low blood calcium),Diabetes (high blood sugar),Cervical spine stenosis (narrowing of spinal canal),Lumbar spinal stenosis (spinal cord compression),Gangrene (death of body tissue),Raynaud's disease (blood vessel constriction),Friedreich's Ataxia (genetic disorder),Head injury in children,Morton's neuroma,Broken jaw (mandible fracture),Decompression sickness (bends, caisson's disease),Fibromuscular dysplasia (FMD),Focal seizure (partial seizure),Hemorrhagic stroke (CVA, cerebrovascular accident),Lacunar stroke,Takayasu's arteritis (Giant cell arteritis of the young),Traumatic hip dislocation,Amyloidosis,Finger amputation,Essential thrombocythemia (excessive blood platelets)"
7,4.0,"Lower Back,Back,Neck,Hips",2.0,"Back ache or pain,Spinal pain",65.0,"Abdominal aortic aneurysm (enlarged major blood vessel),Bone metastases (cancer spread to bone),Discitis (spinal disk inflammation),Herniated disc (slipped disc, ruptured disc),Pancreatitis (pancreas inflammation),Pelvic inflammatory disease (PID, female reproductive organ infection),Pyelonephritis (kidney infection),Sciatica (lower back nerve irritation),Spondylolisthesis (slipped back bone),Muscle strain (pulled muscle),Transverse myelitis (spinal cord inflammation),Bladder infection (cystitis, UTI, urinary tract infection),Vertebral fracture (broken back or neck bone),Ankylosing spondylitis (severe spine arthritis),Kidney stone (nephrolithiasis),Osteoporosis (extremely thin bone),Lumbar spinal stenosis (spinal cord compression),Obesity,Osteoarthritis (bone inflammation),Lumbar spondylosis (spine arthritis),Appendicitis,Arthritis (joint inflammation),Asthma,Back trauma (injury),Bacterial vaginosis (vaginal infection),Bronchitis (bronchial tube infection),Cellulitis (skin infection),Cholecystitis (inflammation of the gallbladder),Cholelithiasis (gallstones),Chronic pain,Colonic diverticulitis (inflammation of pouches in the large intestine),Contusion (bruise, ecchymosis),Costochondritis (chest wall inflammation),Crohn's disease (regional enteritis, Crohn's colitis, intestinal inflammation),Fibromyalgia (chronic pain disorder),Fracture (broken bone),Gastritis (stomach inflammation),Ligament sprain (connection between two bones),Lung cancer (tumor),Multiple sclerosis (MS),Osteomyelitis (bone infection),Ovarian cyst (female organ fluid collection),Pancreas inflammation (pancreatitis, chronic),Peripheral neuropathy (nerve damage),Pleuritis (inflammation of the lung's lining, pleurisy),Pneumonia (lung infection),Pregnancy,Premenstrual syndrome (PMS),Pulmonary embolism (blood clot in the lungs),Rheumatoid arthritis (type of chronic joint inflammation),Rib fracture (broken bone),Rotator cuff syndrome (shoulder injury),Scoliosis (crooked spine),Shingles (herpes zoster),Sickle cell disease (disease of red blood cells),Spinal abscess (collection of spinal pus),Thoracic outlet syndrome (nerve, blood vessel compression),Unstable angina (pre heart attack chest pain),Vaginitis (vaginal infection inflammation),Pilonidal cyst (fluid filled sac on tailbone),Lymphoma (lymph node cancer),Muscle spasm (charley horse),Reflex sympathetic dystrophy (complex pain syndrome),Paget disease of the bone,Rectocele"
70,1.0,Other,3.0,"Obesity,Overweight,Weight gain",14.0,"Cushing disease (excessive pituitary gland hormones),Hypothyroidism (low thyroid hormone),Polycystic ovarian syndrome (PCOS, female hormonal disorder),Steroid use,Polyphagia (overeating),Anxiety disorder (generalized anxiety disorder, GAD),Depression (excessive sadness),Diabetes mellitus type 2 (elevated blood sugar),Premenstrual syndrome (PMS),Stress,Medication reaction,Obesity,Chronic venous insufficiency (weakened leg veins),Turner syndrome (gonadal dysgenesis)"
71,1.0,Other,1.0,Overdose,15.0,"Tylenol (acetaminophen) overdose,Amphetamine overdose,Antidepressant overdose,Aspirin (salicylates) overdose,Beta blocker overdose (blood pressure medication overdose),Benzodiazepine (Valium) overdose,Calcium channel blocker overdose (blood pressure medication overdose),Cocaine overdose,Cough medicine abuse,Unisom overdose (doxylamine overdose),Benadryl (diphenhydramine) overdose,Nonsteroidal anti-inflammatory drug overdose (Motrin, Advil),Insulin overdose,Narcotic (morphine, heroin) overdose,Warfarin (Coumadin, Jantoven) overdose"
72,1.0,Pelvis,3.0,"Painful urination,Burning with urination,Stinging urination",17.0,"Bladder stone, urinary,Cystocele (bladder hernia),Interstitial cystitis (bladder inflammation),Neisseria gonorrhea infection (sexually transmitted disease),Urethritis (infection of urethra),Bladder infection (cystitis, UTI, urinary tract infection),Kidney stone (nephrolithiasis),Pyelonephritis (kidney infection),Bacterial vaginosis (vaginal infection),Candida albicans (yeast infection),Chlamydia trachomatis infection (STD),Genital herpes (HSV type 2 infection),Neurogenic bladder (bladder paralysis),Sexually transmitted disease (STD),Vaginitis (vaginal infection inflammation),Vaginal yeast (fungal) infection,Hydronephrosis"
73,1.0,Chest,2.0,"Heart pulsations and palpitations,Skipped heart beat",18.0,"Anxiety,Cardiac arrhythmia (abnormal heart rate),Infection,Myocardial infarction (heart attack),Overdose,Atrial fibrillation (irregular heart rate),Methamphetamine abuse,Atrial flutter (irregular heart rate),Long QT Syndrome (inherited heart condition),Coronary artery anomaly (heart artery malformation),Rheumatic fever (complication of strep infection),Ventricular tachycardia (VT, dangerous irregular heart beat),Graves' disease (overproduction of thyroid hormone),Mitral regurgitation (leaking heart valve),Aortic valve stenosis (tight heart valve),Mitral stenosis (tight heart valve),Supraventricular tachycardia (SVT),Cardiomegaly (enlarged heart)"
74,1.0,Abdomen,1.0,Pelvic pain,15.0,"Bacterial vaginosis (vaginal infection),Ectopic pregnancy (tubal pregnancy),Endometriosis (uterine tissue outside the uterus),Fibroid (uterine muscle tumor),Herpes vulvovaginitis (viral infection of the vagina),Interstitial cystitis (bladder inflammation),Irritable bowel syndrome (IBS, chronic intestinal pain and cramping),Mittelschmerz (ovulation pain),Ovarian cyst (female organ fluid collection),Ovarian torsion (twisting of the ovary),Pelvic inflammatory disease (PID, female reproductive organ infection),Primary dysmenorrhea (painful menstruation),Secondary dysmenorrhea (painful menstruation),Tubo ovarian abscess (pelvic abscess),Fallopian tube cancer"
75,1.0,Pelvis,1.0,Penile discharge,9.0,"Chlamydia trachomatis infection (STD),Neisseria gonorrhea infection (sexually transmitted disease),Herpes simplex infection (viral infection),Mycoplasma genitalium (sexually transmitted disease),Sexually transmitted disease (STD),Trichomonas vaginalis infection (vaginal infection),Ureaplasma urealyticum infection (genital infection),Balanitis (penis swelling),Urethritis (infection of urethra)"
76,1.0,Pelvis,1.0,Penis pain,6.0,"Genital herpes (HSV type 2 infection),Balanitis (penis swelling),Penis carcinoma (tumor),Priapism (persistent erection),Paraphimosis,Peyronie's disease (abnormal curvature of the penis)"
77,1.0,Other,1.0,Poisoning,23.0,"Tylenol (acetaminophen) overdose,Amphetamine overdose,Antidepressant overdose,Aspirin (salicylates) overdose,Beta blocker overdose (blood pressure medication overdose),Benzodiazepine (Valium) overdose,Calcium channel blocker overdose (blood pressure medication overdose),Carbon monoxide poisoning (odorless, poisonous gas),Chlorine bleach ingestion,Cocaine overdose,Unisom overdose (doxylamine overdose),Benadryl (diphenhydramine) overdose,Nonsteroidal anti-inflammatory drug overdose (Motrin, Advil),Iron overdose,Insulin overdose,Rubbing (isopropyl) alcohol overdose,Lead overdose (lead poisoning),Narcotic (morphine, heroin) overdose,Pesticide poisoning (organophosphate poisoning),Radiator fluid (ethylene glycol) poisoning,Warfarin (Coumadin, Jantoven) overdose,Windshield wiper fluid (Methanol) poisoning,Anticholinergic overdose"
78,2.0,"Pelvis,Abdomen",1.0,Pregnancy problem,11.0,"Acute fatty liver of pregnancy,Ectopic pregnancy (tubal pregnancy),False pregnancy,Gestational diabetes (diabetes during pregnancy),Gestational hypertension (high blood pressure in pregnancy),Molar pregnancy (gestational trophoblastic disease, pregnancy-related tumor),Hemorrhage of pregnancy (vaginal bleeding during pregnancy),Hyperemesis gravidarum (severe vomiting in pregnancy),Intrahepatic cholestasis of pregnancy (liver disorder in pregnancy),Multiple pregnancy (twins, triplets, etc),Preeclampsia (toxemia of pregnancy)"
79,1.0,Head,1.0,Psychiatric problem,25.0,"Adjustment disorder (poor adjustment to life stressor),Anorexia nervosa (eating disorder),Anxiety disorder (generalized anxiety disorder, GAD),Bipolar disorder (manic depressive disorder),Body dysmorphic disorder (body appearance obsession),Bulimia nervosa (binge eating, vomiting),Drug overuse,Functional disorders (psychogenic illness),Hyperventilation (rapid breathing),Intravenous drug abuse (IVDA),Munchausen syndrome (fabricated illness),Munchausen syndrome by proxy (fabricated illness in a dependent),Obsessive compulsive disorder (OCD, anxiety disorder),Panic disorder,Personality disorder (unhealthy patterns of thinking and behavior),Insomnia (difficulty sleeping),Puerperal psychosis (loss of contact with reality after birth),Schizoaffective disorder (features of schizophrenia and mood disorder),Schizophrenia (chronic impaired reality perception),Seasonal affective disorder (intermittent seasonal depression),Self-inflicted injury,Suicide,Post-traumatic stress disorder (PTSD),Primary affective disorder (depression),Puerperal depression (depression after giving birth)"
8,2.0,"Skin,Other",4.0,"Bleeding tendency,Easy bruising,Spontaneous bleeding,Bruising",18.0,"Aplastic anemia (bone marrow failure),Dengue fever (tropical mosquito borne illness),Disseminated intravascular coagulation (DIC, abnormality of blood clotting),Hemophilia (inherited bleeding disorder),Leukemia (blood cell cancer),Low platelets (thrombocytopenia),Measles (viral disease with typical rash),Mumps (viral infection involving salivary glands),Myelodysplastic syndrome (bone marrow failure),Renal failure, acute (sudden kidney failure),Waldenström macroglobulinemia (blood cell disease),Warfarin (Coumadin) use,Foot sprain,Shoulder sprain,Wrist sprain,Broken jaw (mandible fracture),Von Willebrand's disease,Scurvy (vitamin C deficiency)"
80,,,1.0,Puncture wound,15.0,"Puncture wound, ankle,Puncture wound, arm,Puncture wound, ear,Puncture wound, eyelid,Puncture wound, face,Puncture wound, finger,Puncture wound, foot,Puncture wound, hand,Puncture wound, knee,Puncture wound, leg,Puncture wound, lip,Puncture wound, mouth,Puncture wound, scalp,Puncture wound, skin,Puncture wound, toe"
81,10.0,"Arms,Back,Shoulder,Feet,Hips,Neck,Hands,Legs,Chest,Lower Back",2.0,"Rash,Skin rash",62.0,"Allergic reaction,Candida albicans (yeast infection),Contact dermatitis (contact skin irritation),Drug reaction,Lupus (systemic lupus erythematosus, SLE),Pityriasis rosea (inflammatory skin rash),Urticaria (hives),Vitiligo (loss of skin pigment),Acne (pimples),Atopic dermatitis (eczema),Psoriasis (scaly skin disease),Cellulitis (skin infection),Fifth disease (erythema infectiosum, viral illness),Impetigo (bacterial skin infection),Jaundice (yellow skin color),Head lice,Body lice,Erysipelas (bacterial skin infection),Melanoma (skin cancer),Abrasions (scrapes),Bacterial vaginosis (vaginal infection),Cervical cancer (tumor),Poison ivy (poison oak, poison sumac),Genital herpes (HSV type 2 infection),Heat rash,Henoch Schönlein purpura (blood vessel inflammation),Herpes simplex infection (viral infection),Lichen planus (chronic skin inflammation),Lyme disease (bacterial infection from ticks),Lymphangitis (lymph tissue inflammation),Mastitis (breast infection inflammation),Sebaceous cyst (sac under the skin),Shingles (herpes zoster),Insect bite,Tinea (fungal skin infection),Vaginitis (vaginal infection inflammation),Vasculitis (inflammation of the arteries),Viral infections,Endocarditis (heart valve infection),Chicken pox (varicella virus),Staphylococcus aureus (type of bacteria),Ringworm of the scalp (tinea capitis),Ringworm of the body (tinea corporis),Scabies (skin disease caused by mites),Carbuncle,Common warts,Sunburn,Vaginal yeast (fungal) infection,Sarcoidosis (inflammatory disease),Angioedema (swelling of skin, lips, eyes),Scleroderma (progressive hardening of soft tissue),Medication reaction,Athlete's foot (tinea pedis),Hidradenitis suppurativa (chronic collections of pus),Chronic venous insufficiency (weakened leg veins),Food allergy,Langerhans cell histiocytosis (Histiocytosis X),Polyarteritis Nodosa (PAN),Yaws,Amyloidosis,Pemphigoid,Cradle cap (infant scalp rash)"
82,2.0,"Buttock/Rectum,Lower Back",1.0,Rectal pain,18.0,"Bacterial dysentery (bacterial infection of the intestines),Chlamydia trachomatis infection (STD),Crohn's disease (regional enteritis, Crohn's colitis, intestinal inflammation),Entamoeba histolytica infection (ameba infection),Foreign body (object originating outside the body),Hemorrhoid (enlarged rectal veins),Herpes simplex infection (viral infection),Neisseria gonorrhea infection (sexually transmitted disease),Rectal abscess (collection of pus in the rectum),Rectal cancer (tumor),Rectal impaction (collection of pus in the rectum),Rectal prolapse (rectal protrusion),Rectal ulcer,Ulcerative colitis (large intestine inflammation),Pruritus ani (anal itching),Pilonidal cyst (fluid filled sac on tailbone),Rectocele,Anal fistula"
83,,,1.0,Rectal swelling,7.0,"Foreign body (object originating outside the body),Hemorrhoid (enlarged rectal veins),Rectal abscess (collection of pus in the rectum),Rectal cancer (tumor),Rectal impaction (collection of pus in the rectum),Rectal prolapse (rectal protrusion),Pilonidal cyst (fluid filled sac on tailbone)"
84,1.0,Ear	Nose,,,14.0,"Adenoiditis (a type of lymph node inflammation),Allergic rhinitis (allergic reaction in the nose),Common cold (upper respiratory infection),Head injury,Nasal polyps (growths),Rhinovirus infection (common cold),Skull fracture (broken bone),Upper respiratory tract infection (URI, common cold),Wegener's granulomatosis (granulomatosis with polyangiitis,  blood vessel disease),Sinusitis (sinus infection),Nasal foreign body (unnatural object in the nose),Influenza (seasonal flu),Swine Flu (H1N1 Influenza),Rhinitis (nasal inflammation)"
85,1.0,Pelvis,2.0,"Scrotal pain,Testicle pain",10.0,"Inflammation of testicular tubes (epididymitis),Hydrocele (fluid collection near the testicle),Inguinal hernia (groin hernia),Kidney stone (nephrolithiasis),Mumps (viral infection involving salivary glands),Orchitis (inflammation of the testicles),Scrotal hematoma (collection of blood in skin around testicles),Testicular cancer (tumor),Testicular torsion (twisting of testicle),Varicocele (testicular vein enlargement)"
86,1.0,Pelvis,1.0,Scrotal swelling,12.0,"Epidermal cyst,Inflammation of testicular tubes (epididymitis),Hematocele (collection of blood around testicle),Hydrocele (fluid collection near the testicle),Inguinal hernia (groin hernia),Mumps (viral infection involving salivary glands),Orchitis (inflammation of the testicles),Scrotal hematoma (collection of blood in skin around testicles),Spermatocele (sperm-filled epididymal cyst),Testicular cancer (tumor),Testicular torsion (twisting of testicle),Varicocele (testicular vein enlargement)"
87,2.0,"Head,Other",2.0,"Seizure,Convulsions",39.0,"Alcohol withdrawal syndrome (mild),Brain tumor (cancer of the brain),Carbon monoxide poisoning (odorless, poisonous gas),Cerebral vascular accident (stroke),Concussion,Drug reaction,Encephalitis (brain infection),Epidural hematoma (bleeding around brain or spine),Febrile seizure (convulsion in child with a fever),Hypocalcemia (low blood calcium),Hypoglycemia (low blood sugar),Hyponatremia (low blood sodium),Lupus (systemic lupus erythematosus, SLE),Meningitis (spinal fluid infection),Multiple sclerosis (MS),Overdose,Poisoning,Renal failure, chronic (ongoing kidney failure),Respiratory failure (breathing failure, ARDS),Sickle cell crisis (complication of sickle cell disease),Subdural hematoma (bleeding on brain),West Nile virus infection (mosquito-transmitted illness),Sagittal sinus thrombosis (venous blood clot in the brain),Cerebral aneurysm (brain artery dilation),HIV AIDS (Human Immunodeficiency Virus, Acquired Immune Deficiency Syndrome),Neurofibromatosis (inherited nerve tumors),Thrombotic thrombocytopenia purpura (TTP, rare blood disorder),Myxedema coma (severely low thyroid hormone),Tape worm infection,Generalized seizure disorder (generalized epilepsy),Seizure (abnormal brain electrical activity),Familial dysautonomia (genetic disorder),Fragile X syndrome (genetic disorder),Hemorrhagic stroke (CVA, cerebrovascular accident),Phenylketonuria (PKU),Tay-Sachs disease,Conversion disorder,Focal seizure (partial seizure),Drug withdrawal syndrome"
88,1.0,Chest,2.0,"Shortness of breath,Out of breath",74.0,"Asthma,Atypical pneumonia (lung infection),Bronchiectasis (bronchial tube inflammatory damage),Bronchiolitis (bronchial tube inflammation),Chronic obstructive pulmonary disease (COPD, emphysema),Congestive heart failure (CHF),Fat embolism (blood clot from fat),Myocardial infarction (heart attack),Pleural effusion (abnormal chest fluid),Pneumonia (lung infection),Pneumothorax (collapse of lung),Pulmonary edema (fluid build-up in the lungs),Pulmonary fibrosis (lung scarring),Smoke inhalation,Pulmonary embolism (blood clot in the lungs),Anaphylaxis (severe/life threatening allergic reaction),Endocarditis (heart valve infection),Q fever (flu-like bacterial illness),Broken heart syndrome (Takotsubo cardiomyopathy),Valvular heart disease (abnormal heart valves),Aortic regurgitation (leaking heart valve),Mitral stenosis (tight heart valve),Mitral regurgitation (leaking heart valve),Lung cancer (tumor),Lung abscess (collection of pus),Bronchitis (bronchial tube infection),Allergic reaction,Anemia (low red blood cell count),Anxiety disorder (generalized anxiety disorder, GAD),Arrhythmia (abnormal heart rhythm),Atrial fibrillation (irregular heart rate),Bradycardia (slow heart rate),Cardiomyopathy (weakened heart),Heat exhaustion,Hypertrophic cardiomyopathy (thickened heart muscle),Hyperventilation (rapid breathing),Hypoxia (lack of oxygen),Influenza (seasonal flu),Mitral valve prolapse (abnormal heart valve),Panic disorder,Pharyngitis (throat infection),Renal failure, chronic (ongoing kidney failure),Sepsis (serious blood infection),Sinusitis (sinus infection),Stress,Tonsillitis (tonsil infection),Unstable angina (pre heart attack chest pain),Upper respiratory tract infection (URI, common cold),Viral infections,Sleep apnea (chronic sleep disruption),Ascites (fluid in the abdomen),Congenital heart disease (heart defect at birth),Emphysema (COPD, lung disease),Sarcoidosis (inflammatory disease),Coronary artery disease (CAD, heart disease),Obesity,Loffler's syndrome (pulmonary eosinophilia, lung inflammation),Aspiration pneumonia (lung inflammation or infection),Familial dysautonomia (genetic disorder),Food allergy,Friedreich's Ataxia (genetic disorder),Langerhans cell histiocytosis (Histiocytosis X),Large cell lung cancer,Malignant Mesothelioma,Polyarteritis Nodosa (PAN),Post-polio syndrome,Squamous cell lung cancer,Amyloidosis,Hypoparathyroidism,Supraventricular tachycardia (SVT),Thyroid cyst,Beriberi (thiamine (vitamin B1) deficiency),Pancytopenia,Cardiomegaly (enlarged heart)"
89,1.0,Shoulder,1.0,Shoulder ache or pain,19.0,"Bursitis (inflammation of joint cushion),Cholelithiasis (gallstones),Ectopic pregnancy (tubal pregnancy),Humerus fracture (broken upper arm),Impingement syndrome of shoulder (bone rubs again tendon, bursa),Myocardial infarction (heart attack),Pancoast syndrome (apical lung tumor),Rotator cuff syndrome (shoulder injury),Shoulder joint dislocation (dislocated shoulder),Frozen shoulder (adhesive capsulitis of shoulder),Brachial plexus injury (shoulder nerve injury),Clavicle fracture (broken collar bone),Necrotizing fasciitis (life-threatening infection),Contusion (bruise, ecchymosis),Muscle strain (pulled muscle),Herniated disc (slipped disc, ruptured disc),Bone cancer (bone tumor),Sarcoma (soft tissue cancer),Shoulder sprain"
9,3.0,"Abdomen,Other,Head",2.0,"Blood in vomit,Vomiting blood",24.0,"Nose bleed (epistaxis),Esophageal varices (dilation of esophageal veins),Gastritis (stomach inflammation),Hemoptysis (coughing blood),Henoch Schönlein purpura (blood vessel inflammation),Intestinal volvulus (twisting of intestine),Intussusception (telescoping intestine),Kaposi Sarcoma (type of cancer),Mallory Weiss syndrome (esophageal tear),Small bowel lymphoma (intestinal lymph node cancer),Nonsteroidal anti-inflammatory drug overdose (Motrin, Advil),Tonsillitis (tonsil infection),Cirrhosis (liver failure and scarring),Stomach cancer (gastric cancer),Alcoholism,Esophageal cancer (tumor),Esophagitis (esophageal inflammation),Gastroenteritis (intestinal infection),Gastroesophageal reflux (GERD, heartburn),Gastrointestinal bleeding (stomach, intestine bleeding),Hiatal hernia (stomach pushes through diaphragm),Malabsorption syndrome (abnormal intestinal digestion),Thrombocytopenia (low platelet count),Warfarin (Coumadin, Jantoven) overdose"
90,2.0,"Head,Face",1.0,Sinus pain and pressure,7.0,"Allergy,Nasal polyps (growths),Cavernous sinus tumor (head vein cancer),Cavernous sinus aneurysm (head vein dilation),Carotid cavernous fistula (abnormal blood vessel communication),Sinusitis (sinus infection),Squamous cell cancer (common skin cancer)"
91,3.0,"Ear	Nose,Face,Skin",1.0,Skin trauma,6.0,"Abrasions (scrapes),Avulsions (forcible tissue detachment),Burns,Contusion (bruise, ecchymosis),Laceration (skin cut),Scar"
92,1.0,Skin,1.0,Snake bite,3.0,"Elapid (cobra, coral, mamba) venom toxicity,Rattlesnake (pit viper) bite,Non venomous snake bite"
93,3.0,"Neck,Throat,Head",1.0,Sore throat,32.0,"Diphtheria infection (bacterial respiratory infection),Pharyngitis (throat infection),Scarlet fever (post strep inflammation),Streptococcus infection (strep throat bacteria),Tonsillitis (tonsil infection),Upper respiratory tract infection (URI, common cold),Mouth cancer (oropharyngeal cancer),Epiglottitis (severe throat inflammation),Influenza (seasonal flu),Ludwigs angina (severe infection in the floor of the mouth and neck),Allergic rhinitis (allergic reaction in the nose),Aphthous ulcers (mouth stomatitis),Bronchitis (bronchial tube infection),Burning mouth syndrome,Candida albicans (yeast infection),Dental abscess (tooth infection),Enlarged lymph nodes (lymphadenopathy),Esophagitis (esophageal inflammation),Gastroesophageal reflux (GERD, heartburn),Herpes stomatitis (viral mouth infection),Laryngeal carcinoma (throat cancer),Laryngitis (voice box inflammation),Mononucleosis (common viral illness),Thrush (oral candidiasis),Ear infection, middle ear (otitis media),Peritonsillar abscess (collection of pus around tonsils),Sinusitis (sinus infection),Viral infections,Rhinitis (nasal inflammation),Mycoplasma infection (bacteria),Herpangina (mouth blisters),Bacterial tracheitis"
94,1.0,Head,4.0,"Speech problem,Trouble speaking,Aphasia (Trouble speaking),Slurred speech",34.0,"Botulism (bacterial toxin causing muscle weakness),Brain tumor (cancer of the brain),Cerebral contusion (bruise of brain),Cerebral vascular accident (stroke),Encephalitis (brain infection),Epidural hematoma (bleeding around brain or spine),Guillain Barre syndrome (ascending muscle weakness),Laryngitis (voice box inflammation),Meningitis (spinal fluid infection),Multiple sclerosis (MS),Myasthenia gravis (autoimmune disease of the nerves, muscles),Mouth cancer (oropharyngeal cancer),Transient ischemic attack (TIA, reversible stroke),Parkinson's disease (movement disorder),Carotid artery stenosis (neck artery narrowing),Alcohol (ethanol) intoxication,Cerebral palsy (movement disorder),Hypoglycemia (low blood sugar),Drug overdose,Migraine (type of headache),Heat stroke,Subdural hematoma (bleeding on brain),Friedreich's Ataxia (genetic disorder),Hemorrhagic stroke (CVA, cerebrovascular accident),Huntington disease (chorea),Lacunar stroke,Post-polio syndrome,Conversion disorder,Fibromuscular dysplasia (FMD),Head injury in children,Dystonia,Essential thrombocythemia (excessive blood platelets),Stuttering,Cerebellar Ataxia"
95,3.0,"Arms,Face,Skin",1.0,Spider bite,6.0,"Black widow spider bite,Common spider bite,Brown recluse spider bite,Tarantula bite,Methicillin-resistant Staphylococcus aureus (MRSA, type of bacteria),Staphylococcus aureus (type of bacteria)"
96,1.0,Other,2.0,"Substance abuse (Drug abuse),Drug abuse",21.0,"Acid (LSD) abuse,Benzodiazepine (Valium) abuse,Cocaine abuse,Ecstasy (MDMA) abuse,Inhalants abuse (huffing),Marijuana use,Narcotic (morphine, heroin) abuse,Prescription drug abuse,Adjustment disorder (poor adjustment to life stressor),Alcoholism,Amphetamine abuse,Anxiety disorder (generalized anxiety disorder, GAD),Bipolar disorder (manic depressive disorder),Depression (excessive sadness),Drug overuse,Drug reaction,Magic mushroom ingestion (psilocybin),Schizoaffective disorder (features of schizophrenia and mood disorder),Stress,Attention deficit hyperactivity disorder (ADHD),Medication reaction"
97,1.0,Other,1.0,Suicidal tendencies,4.0,"Depression (excessive sadness),Schizophrenia (chronic impaired reality perception),Alcohol (ethanol) abuse,Drug overuse"
98,2.0,"Neck,Throat",1.0,Swallowing problem (Dysphagia),28.0,"Barrett's esophagus (esophagus inflammation),Botulism (bacterial toxin causing muscle weakness),Candida albicans (yeast infection),Cerebral vascular accident (stroke),Diffuse esophageal spasm (painful contractions of the esophagus),Diphtheria infection (bacterial respiratory infection),Epiglottitis (severe throat inflammation),Esophageal cancer (tumor),Esophageal cyst,Esophageal foreign body,Esophageal stricture (narrowing of the esophagus),Esophageal web (Schatzki's ring, constriction of esophagus),Esophagitis (esophageal inflammation),Gastroesophageal reflux (GERD, heartburn),Goiter (enlarged thyroid),Laryngeal carcinoma (throat cancer),Mediastinitis (inner chest inflammation),Myasthenia gravis (autoimmune disease of the nerves, muscles),Peritonsillar abscess (collection of pus around tonsils),Pharyngitis (throat infection),Retropharyngeal abscess (throat abscess),Systemic sclerosis (scleroderma, progressive soft tissue hardening),Tongue cancer (tumor),Tonsillar cancer (tumor),Mouth cancer (oropharyngeal cancer),Zenker's diverticulum (pharyngeal pouch, weakening of the esophageal wall),Tetanus (lockjaw),Food allergy"
99,1.0,Other,1.0,Swelling,16.0,"Abdominal swelling,Ankle swelling,Arm swelling,Ear swelling,Eyelid swelling,Facial swelling,Finger swelling,Foot swelling,Hand swelling,Knee swelling,Leg swelling (leg edema),Lip swelling,Mouth swelling,Scalp swelling,Skin swelling,Toe swelling"
