wise_content_id,wiseable_type,wiseable_id,content,attribution_text,medical_society_id,pdf_url
5,Procedure,86,"Dont perform echocardiography as routine follow-up for mild, asymptomatic native valve disease in adult patients with no change in signs or symptoms.

Patients with native valve disease usually have years without symptoms before the onset of deterioration. An echocardiogram is not recommended yearly unless there is a change in clinical status.","The American College of Cardiology and the ABIM foundation joined forces to develop and distribute evidence based recommendations on when medical tests and procedures may be appropriate. Content was written to help physicians, patients and other health care stakeholders to think, to practice and partake in shared decision making to avoid unnecessary and at times harmful tests and procedures based on your condition or symptoms. Choosing Wisely recommendations should not be used to establish coverage decisions or exclusions. ",3,https://s3.amazonaws.com/itriage/choosing_wisely/5.pdf
7,Procedure,229,"Dont perform stress cardiac imaging or coronary angiography in patients without cardiac symptoms unless high-risk markers are present.

Asymptomatic, low-risk patients account for up to 45 percent of inappropriate stress testing. Testing should be performed only when the following findings are present: diabetes in patients older than 40 years old, peripheral arterial disease, and greater than 2 percent yearly coronary heart disease event rate.","The American Society of Nuclear Cardiology and the ABIM foundation joined forces to develop and distribute evidence based recommendations on when medical tests and procedures may be appropriate. Content was written to help physicians, patients and other health care stakeholders to think, to practice and partake in shared decision making to avoid unnecessary and at times harmful tests and procedures based on your condition or symptoms. Choosing Wisely recommendations should not be used to establish coverage decisions or exclusions. ",5,https://s3.amazonaws.com/itriage/choosing_wisely/7.pdf
9,Procedure,232,"Dont perform annual stress cardiac imaging or advanced non-invasive imaging as part of routine follow-up in asymptomatic patients.

Performing stress cardiac imaging or advanced non-invasive imaging in patients without symptoms on a serial or scheduled pattern (e.g., every one to two years or at a heart procedure anniversary) rarely results in any meaningful change in patient management. This practice may, in fact, lead to unnecessary invasive procedures and excess radiation exposure without any proven impact on patients outcomes. An exception to this rule would be for patients more than five years after a bypass operation.","The American College of Cardiology and the ABIM foundation joined forces to develop and distribute evidence based recommendations on when medical tests and procedures may be appropriate. Content was written to help physicians, patients and other health care stakeholders to think, to practice and partake in shared decision making to avoid unnecessary and at times harmful tests and procedures based on your condition or symptoms. Choosing Wisely recommendations should not be used to establish coverage decisions or exclusions. ",3,https://s3.amazonaws.com/itriage/choosing_wisely/9.pdf
11,Procedure,266,"Dont obtain screening exercise electrocardiogram testing in individuals who are asymptomatic and at low risk for coronary heart disease.

In asymptomatic individuals at low risk for coronary heart disease (10-year risk <10%) screening for coronary heart disease with exercise electrocardiography does not improve patient outcomes.

","The American College of Physicians and the ABIM foundation joined forces to develop and distribute evidence based recommendations on when medical tests and procedures may be appropriate. Content was written to help physicians, patients and other health care stakeholders to think, to practice and partake in shared decision making to avoid unnecessary and at times harmful tests and procedures based on your condition or symptoms. Choosing Wisely recommendations should not be used to establish coverage decisions or exclusions. 
",1,https://s3.amazonaws.com/itriage/choosing_wisely/11.pdf
13,Procedure,551,"Dont obtain imaging studies in patients with non-specific low back pain.

In patients with back pain that cannot be attributed to a specific disease or spinal abnormality following a history and physical examination (e.g., non-specific low back pain), imaging with plain radiography, computed tomography (CT) scan, or magnetic resonance imaging (MRI) does not improve patient outcomes.","The American College of Physicians and the ABIM foundation joined forces to develop and distribute evidence based recommendations on when medical tests and procedures may be appropriate. Content was written to help physicians, patients and other health care stakeholders to think, to practice and partake in shared decision making to avoid unnecessary and at times harmful tests and procedures based on your condition or symptoms. Choosing Wisely recommendations should not be used to establish coverage decisions or exclusions. ",1,https://s3.amazonaws.com/itriage/choosing_wisely/13.pdf
15,Procedure,555,"Dont obtain imaging studies in patients with non-specific low back pain.

In patients with back pain that cannot be attributed to a specific disease or spinal abnormality following a history and physical examination (e.g., non-specific low back pain), imaging with plain radiography, computed tomography (CT) scan, or magnetic resonance imaging (MRI) does not improve patient outcomes.","The American College of Physicians and the ABIM foundation joined forces to develop and distribute evidence based recommendations on when medical tests and procedures may be appropriate. Content was written to help physicians, patients and other health care stakeholders to think, to practice and partake in shared decision making to avoid unnecessary and at times harmful tests and procedures based on your condition or symptoms. Choosing Wisely recommendations should not be used to establish coverage decisions or exclusions. ",1,https://s3.amazonaws.com/itriage/choosing_wisely/15.pdf
17,Procedure,554,"Dont obtain imaging studies in patients with non-specific low back pain.

In patients with back pain that cannot be attributed to a specific disease or spinal abnormality following a history and physical examination (e.g., non-specific low back pain), imaging with plain radiography, computed tomography (CT) scan, or magnetic resonance imaging (MRI) does not improve patient outcomes.","The American College of Physicians and the ABIM foundation joined forces to develop and distribute evidence based recommendations on when medical tests and procedures may be appropriate. Content was written to help physicians, patients and other health care stakeholders to think, to practice and partake in shared decision making to avoid unnecessary and at times harmful tests and procedures based on your condition or symptoms. Choosing Wisely recommendations should not be used to establish coverage decisions or exclusions. ",1,https://s3.amazonaws.com/itriage/choosing_wisely/17.pdf
19,Procedure,548,"Dont obtain imaging studies in patients with non-specific low back pain.

In patients with back pain that cannot be attributed to a specific disease or spinal abnormality following a history and physical examination (e.g., non-specific low back pain), imaging with plain radiography, computed tomography (CT) scan, or magnetic resonance imaging (MRI) does not improve patient outcomes.","The American College of Physicians and the ABIM foundation joined forces to develop and distribute evidence based recommendations on when medical tests and procedures may be appropriate. Content was written to help physicians, patients and other health care stakeholders to think, to practice and partake in shared decision making to avoid unnecessary and at times harmful tests and procedures based on your condition or symptoms. Choosing Wisely recommendations should not be used to establish coverage decisions or exclusions. ",1,https://s3.amazonaws.com/itriage/choosing_wisely/19.pdf
21,Procedure,566,"In the evaluation of simple syncope and a normal neurological examination, dont obtain brain imaging studies (CT or MRI).

In patients with witnessed syncope but with no suggestion of seizure and no report of other neurologic symptoms or signs, the likelihood of a central nervous system (CNS) cause of the event is extremely low and patient outcomes are not improved with brain imaging studies.","The American College of Physicians and the ABIM foundation joined forces to develop and distribute evidence based recommendations on when medical tests and procedures may be appropriate. Content was written to help physicians, patients and other health care stakeholders to think, to practice and partake in shared decision making to avoid unnecessary and at times harmful tests and procedures based on your condition or symptoms. Choosing Wisely recommendations should not be used to establish coverage decisions or exclusions. ",1,
23,Procedure,565,"In the evaluation of simple syncope and a normal neurological examination, dont obtain brain imaging studies (CT or MRI).

In patients with witnessed syncope but with no suggestion of seizure and no report of other neurologic symptoms or signs, the likelihood of a central nervous system (CNS) cause of the event is extremely low and patient outcomes are not improved with brain imaging studies.","The American College of Physicians and the ABIM foundation joined forces to develop and distribute evidence based recommendations on when medical tests and procedures may be appropriate. Content was written to help physicians, patients and other health care stakeholders to think, to practice and partake in shared decision making to avoid unnecessary and at times harmful tests and procedures based on your condition or symptoms. Choosing Wisely recommendations should not be used to establish coverage decisions or exclusions. ",1,
25,Procedure,532,"In the evaluation of simple syncope and a normal neurological examination, dont obtain brain imaging studies (CT or MRI).

In patients with witnessed syncope but with no suggestion of seizure and no report of other neurologic symptoms or signs, the likelihood of a central nervous system (CNS) cause of the event is extremely low and patient outcomes are not improved with brain imaging studies.","The American College of Physicians and the ABIM foundation joined forces to develop and distribute evidence based recommendations on when medical tests and procedures may be appropriate. Content was written to help physicians, patients and other health care stakeholders to think, to practice and partake in shared decision making to avoid unnecessary and at times harmful tests and procedures based on your condition or symptoms. Choosing Wisely recommendations should not be used to establish coverage decisions or exclusions. ",1,
27,Procedure,560,"In the evaluation of simple syncope and a normal neurological examination, dont obtain brain imaging studies (CT or MRI).

In patients with witnessed syncope but with no suggestion of seizure and no report of other neurologic symptoms or signs, the likelihood of a central nervous system (CNS) cause of the event is extremely low and patient outcomes are not improved with brain imaging studies.","The American College of Physicians and the ABIM foundation joined forces to develop and distribute evidence based recommendations on when medical tests and procedures may be appropriate. Content was written to help physicians, patients and other health care stakeholders to think, to practice and partake in shared decision making to avoid unnecessary and at times harmful tests and procedures based on your condition or symptoms. Choosing Wisely recommendations should not be used to establish coverage decisions or exclusions. ",1,
29,Procedure,561,"In the evaluation of simple syncope and a normal neurological examination, dont obtain brain imaging studies (CT or MRI).

In patients with witnessed syncope but with no suggestion of seizure and no report of other neurologic symptoms or signs, the likelihood of a central nervous system (CNS) cause of the event is extremely low and patient outcomes are not improved with brain imaging studies.","The American College of Physicians and the ABIM foundation joined forces to develop and distribute evidence based recommendations on when medical tests and procedures may be appropriate. Content was written to help physicians, patients and other health care stakeholders to think, to practice and partake in shared decision making to avoid unnecessary and at times harmful tests and procedures based on your condition or symptoms. Choosing Wisely recommendations should not be used to establish coverage decisions or exclusions. ",1,
31,Procedure,305,"In patients with low pretest probability of venous thromboembolism (VTE), obtain a high-sensitive D-dimer measurement as the initial diagnostic test; dont obtain imaging studies as the initial diagnostic test.

In patients with low pretest probability of VTE as defined by the Wells prediction rules, a negative high-sensitivity D-dimer measurement effectively excludes VTE and the need for further imaging studies.","The American College of Physicians and the ABIM foundation joined forces to develop and distribute evidence based recommendations on when medical tests and procedures may be appropriate. Content was written to help physicians, patients and other health care stakeholders to think, to practice and partake in shared decision making to avoid unnecessary and at times harmful tests and procedures based on your condition or symptoms. Choosing Wisely recommendations should not be used to establish coverage decisions or exclusions. ",1,
33,Diagnosis,204,"In patients with low pretest probability of venous thromboembolism (VTE), obtain a high-sensitive D-dimer measurement as the initial diagnostic test; dont obtain imaging studies as the initial diagnostic test.

In patients with low pretest probability of VTE as defined by the Wells prediction rules, a negative high-sensitivity D-dimer measurement effectively excludes VTE and the need for further imaging studies.","The American College of Physicians and the ABIM foundation joined forces to develop and distribute evidence based recommendations on when medical tests and procedures may be appropriate. Content was written to help physicians, patients and other health care stakeholders to think, to practice and partake in shared decision making to avoid unnecessary and at times harmful tests and procedures based on your condition or symptoms. Choosing Wisely recommendations should not be used to establish coverage decisions or exclusions. ",1,
35,Procedure,308,"In patients with low pretest probability of venous thromboembolism (VTE), obtain a high-sensitive D-dimer measurement as the initial diagnostic test; dont obtain imaging studies as the initial diagnostic test.

In patients with low pretest probability of VTE as defined by the Wells prediction rules, a negative high-sensitivity D-dimer measurement effectively excludes VTE and the need for further imaging studies.","The American College of Physicians and the ABIM foundation joined forces to develop and distribute evidence based recommendations on when medical tests and procedures may be appropriate. Content was written to help physicians, patients and other health care stakeholders to think, to practice and partake in shared decision making to avoid unnecessary and at times harmful tests and procedures based on your condition or symptoms. Choosing Wisely recommendations should not be used to establish coverage decisions or exclusions. ",1,
37,Procedure,534,"Dont obtain imaging studies in patients with non-specific low back pain.

In patients with back pain that cannot be attributed to a specific disease or spinal abnormality following a history and physical examination (e.g., non-specific low back pain), imaging with plain radiography, computed tomography (CT) scan, or magnetic resonance imaging (MRI) does not improve patient outcomes.","The American College of Physicians and the ABIM foundation joined forces to develop and distribute evidence based recommendations on when medical tests and procedures may be appropriate. Content was written to help physicians, patients and other health care stakeholders to think, to practice and partake in shared decision making to avoid unnecessary and at times harmful tests and procedures based on your condition or symptoms. Choosing Wisely recommendations should not be used to establish coverage decisions or exclusions. ",1,
39,Procedure,213,"Dont perform radionuclide imaging as part of routine follow-up in asymptomatic patients.

Performing stress radionuclide imaging in patients without symptoms on a serial or scheduled pattern (e.g., every one to two years or at a heart procedure anniversary) rarely results in any meaningful change in patient management. This practice may lead to unnecessary invasive procedures and excess radiation exposure without any proven impact on patients outcomes. An exception to this rule would be for patients more than five years after a bypass operation.","The American Society of Nuclear Cardiology and the ABIM foundation joined forces to develop and distribute evidence based recommendations on when medical tests and procedures may be appropriate. Content was written to help physicians, patients and other health care stakeholders to think, to practice and partake in shared decision making to avoid unnecessary and at times harmful tests and procedures based on your condition or symptoms. Choosing Wisely recommendations should not be used to establish coverage decisions or exclusions. 

",5,
41,Procedure,183,"Dont perform radionuclide imaging as part of routine follow-up in asymptomatic patients.

Performing stress radionuclide imaging in patients without symptoms on a serial or scheduled pattern (e.g., every one to two years or at a heart procedure anniversary) rarely results in any meaningful change in patient management. This practice may lead to unnecessary invasive procedures and excess radiation exposure without any proven impact on patients outcomes. An exception to this rule would be for patients more than five years after a bypass operation.","The American Society of Nuclear Cardiology and the ABIM foundation joined forces to develop and distribute evidence based recommendations on when medical tests and procedures may be appropriate. Content was written to help physicians, patients and other health care stakeholders to think, to practice and partake in shared decision making to avoid unnecessary and at times harmful tests and procedures based on your condition or symptoms. Choosing Wisely recommendations should not be used to establish coverage decisions or exclusions. ",5,
43,Procedure,66,"Dont perform stress cardiac imaging or coronary angiography in patients without cardiac symptoms unless high-risk markers are present.

Asymptomatic, low-risk patients account for up to 45 percent of inappropriate stress testing. Testing should be performed only when the following findings are present: diabetes in patients older than 40 years old, peripheral arterial disease, and greater than 2 percent yearly coronary heart disease event rate.","The American Society of Nuclear Cardiology and the ABIM foundation joined forces to develop and distribute evidence based recommendations on when medical tests and procedures may be appropriate. Content was written to help physicians, patients and other health care stakeholders to think, to practice and partake in shared decision making to avoid unnecessary and at times harmful tests and procedures based on your condition or symptoms. Choosing Wisely recommendations should not be used to establish coverage decisions or exclusions. ",5,
45,Procedure,194,"Dont perform stenting of non-culprit lesions during percutaneous coronary intervention (PCI) for uncomplicated hemodynamically stable ST-segment elevation myocardial infarction (STEMI).

Stent placement in a noninfarct artery during primary PCI for STEMI in a hemodynamically stable patient may lead to increased mortality and complications. While potentially beneficial in patients with hemodynamic compromise, intervention beyond the culprit lesion during primary PCI has not demonstrated benefit in clinical trials to date.","The American College of Cardiology and the ABIM foundation joined forces to develop and distribute evidence based recommendations on when medical tests and procedures may be appropriate. Content was written to help physicians, patients and other health care stakeholders to think, to practice and partake in shared decision making to avoid unnecessary and at times harmful tests and procedures based on your condition or symptoms. Choosing Wisely recommendations should not be used to establish coverage decisions or exclusions. ",3,
47,Procedure,38,"Dont perform stenting of non-culprit lesions during percutaneous coronary intervention (PCI) for uncomplicated hemodynamically stable ST-segment elevation myocardial infarction (STEMI).

Stent placement in a noninfarct artery during primary PCI for STEMI in a hemodynamically stable patient may lead to increased mortality and complications. While potentially beneficial in patients with hemodynamic compromise, intervention beyond the culprit lesion during primary PCI has not demonstrated benefit in clinical trials to date.","The American College of Cardiology and the ABIM foundation joined forces to develop and distribute evidence based recommendations on when medical tests and procedures may be appropriate. Content was written to help physicians, patients and other health care stakeholders to think, to practice and partake in shared decision making to avoid unnecessary and at times harmful tests and procedures based on your condition or symptoms. Choosing Wisely recommendations should not be used to establish coverage decisions or exclusions. ",3,
49,Procedure,527,"Dont obtain preoperative chest radiography in the absence of a clinical suspicion for intrathoracic pathology.

In the absence of cardiopulmonary symptoms, preoperative chest radiography rarely provides any meaningful changes in management or improved patient outcomes.","The American College of Physicians and the ABIM foundation joined forces to develop and distribute evidence based recommendations on when medical tests and procedures may be appropriate. Content was written to help physicians, patients and other health care stakeholders to think, to practice and partake in shared decision making to avoid unnecessary and at times harmful tests and procedures based on your condition or symptoms. Choosing Wisely recommendations should not be used to establish coverage decisions or exclusions. 
",1,
51,Procedure,528,"Dont obtain preoperative chest radiography in the absence of a clinical suspicion for intrathoracic pathology.

In the absence of cardiopulmonary symptoms, preoperative chest radiography rarely provides any meaningful changes in management or improved patient outcomes.
","The American College of Physicians and the ABIM foundation joined forces to develop and distribute evidence based recommendations on when medical tests and procedures may be appropriate. Content was written to help physicians, patients and other health care stakeholders to think, to practice and partake in shared decision making to avoid unnecessary and at times harmful tests and procedures based on your condition or symptoms. Choosing Wisely recommendations should not be used to establish coverage decisions or exclusions. ",3,
53,Procedure,87,"Dont perform cardiac imaging for patients who are at low risk.

Chest pain patients at low risk of cardiac death and myocardial infarction (based on history, physical exam, electrocardiograms and cardiac biomarkers) do not merit stress radionuclide myocardial perfusion imaging or stress echocardiography as an initial testing strategy if they have a normal electrocardiogram (without baseline ST-abnormalities, left ventricular hypertrophy, pre-excitation, bundle branch block, intra-ventricular conduction delay, paced rhythm or on digoxin therapy) and are able to exercise.","The American Society of Nuclear Cardiology and the ABIM foundation joined forces to develop and distribute evidence based recommendations on when medical tests and procedures may be appropriate. Content was written to help physicians, patients and other health care stakeholders to think, to practice and partake in shared decision making to avoid unnecessary and at times harmful tests and procedures based on your condition or symptoms. Choosing Wisely recommendations should not be used to establish coverage decisions or exclusions. ",5,
55,Diagnosis,1008,"Dont perform annual stress cardiac imaging or advanced non-invasive imaging as part of routine follow-up in asymptomatic patients.

Performing stress cardiac imaging or advanced non-invasive imaging in patients without symptoms on a serial or scheduled pattern (e.g., every one to two years or at a heart procedure anniversary) rarely results in any meaningful change in patient management. This practice may, in fact, lead to unnecessary invasive procedures and excess radiation exposure without any proven impact on patients outcomes. An exception to this rule would be for patients more than five years after a bypass operation.","The American College of Cardiology and the ABIM foundation joined forces to develop and distribute evidence based recommendations on when medical tests and procedures may be appropriate. Content was written to help physicians, patients and other health care stakeholders to think, to practice and partake in shared decision making to avoid unnecessary and at times harmful tests and procedures based on your condition or symptoms. Choosing Wisely recommendations should not be used to establish coverage decisions or exclusions. ",3,https://s3.amazonaws.com/itriage/choosing_wisely/55.pdf
57,Diagnosis,617,"In patients with low pretest probability of venous thromboembolism (VTE), obtain a high-sensitive D-dimer measurement as the initial diagnostic test; dont obtain imaging studies as the initial diagnostic test.

In patients with low pretest probability of VTE as defined by the Wells prediction rules, a negative high-sensitivity D-dimer measurement effectively excludes VTE and the need for further imaging studies.","The American College of Physicians and the ABIM foundation joined forces to develop and distribute evidence based recommendations on when medical tests and procedures may be appropriate. Content was written to help physicians, patients and other health care stakeholders to think, to practice and partake in shared decision making to avoid unnecessary and at times harmful tests and procedures based on your condition or symptoms. Choosing Wisely recommendations should not be used to establish coverage decisions or exclusions. ",1,
59,Diagnosis,1071,"In the evaluation of simple syncope and a normal neurological examination, dont obtain brain imaging studies (CT or MRI).

In patients with witnessed syncope but with no suggestion of seizure and no report of other neurologic symptoms or signs, the likelihood of a central nervous system (CNS) cause of the event is extremely low and patient outcomes are not improved with brain imaging studies.","The American College of Physicians and the ABIM foundation joined forces to develop and distribute evidence based recommendations on when medical tests and procedures may be appropriate. Content was written to help physicians, patients and other health care stakeholders to think, to practice and partake in shared decision making to avoid unnecessary and at times harmful tests and procedures based on your condition or symptoms. Choosing Wisely recommendations should not be used to establish coverage decisions or exclusions. ",1,
61,Diagnosis,1070,"In the evaluation of simple syncope and a normal neurological examination, dont obtain brain imaging studies (CT or MRI).

In patients with witnessed syncope but with no suggestion of seizure and no report of other neurologic symptoms or signs, the likelihood of a central nervous system (CNS) cause of the event is extremely low and patient outcomes are not improved with brain imaging studies.","The American College of Physicians and the ABIM foundation joined forces to develop and distribute evidence based recommendations on when medical tests and procedures may be appropriate. Content was written to help physicians, patients and other health care stakeholders to think, to practice and partake in shared decision making to avoid unnecessary and at times harmful tests and procedures based on your condition or symptoms. Choosing Wisely recommendations should not be used to establish coverage decisions or exclusions. ",1,
63,Diagnosis,811,"In the evaluation of simple syncope and a normal neurological examination, dont obtain brain imaging studies (CT or MRI).

In patients with witnessed syncope but with no suggestion of seizure and no report of other neurologic symptoms or signs, the likelihood of a central nervous system (CNS) cause of the event is extremely low and patient outcomes are not improved with brain imaging studies.","The American College of Physicians and the ABIM foundation joined forces to develop and distribute evidence based recommendations on when medical tests and procedures may be appropriate. Content was written to help physicians, patients and other health care stakeholders to think, to practice and partake in shared decision making to avoid unnecessary and at times harmful tests and procedures based on your condition or symptoms. Choosing Wisely recommendations should not be used to establish coverage decisions or exclusions. ",1,
65,Diagnosis,1209,"Dont obtain imaging studies in patients with non-specific low back pain.

In patients with back pain that cannot be attributed to a specific disease or spinal abnormality following a history and physical examination (e.g., non-specific low back pain), imaging with plain radiography, computed tomography (CT) scan, or magnetic resonance imaging (MRI) does not improve patient outcomes.","The American College of Physicians and the ABIM foundation joined forces to develop and distribute evidence based recommendations on when medical tests and procedures may be appropriate. Content was written to help physicians, patients and other health care stakeholders to think, to practice and partake in shared decision making to avoid unnecessary and at times harmful tests and procedures based on your condition or symptoms. Choosing Wisely recommendations should not be used to establish coverage decisions or exclusions. ",1,https://s3.amazonaws.com/itriage/choosing_wisely/65.pdf
67,Diagnosis,1018,"Dont perform echocardiography as routine follow-up for mild, asymptomatic native valve disease in adult patients with no change in signs or symptoms.

Patients with native valve disease usually have years without symptoms before the onset of deterioration. An echocardiogram is not recommended yearly unless there is a change in clinical status.","The American College of Cardiology and the ABIM foundation joined forces to develop and distribute evidence based recommendations on when medical tests and procedures may be appropriate. Content was written to help physicians, patients and other health care stakeholders to think, to practice and partake in shared decision making to avoid unnecessary and at times harmful tests and procedures based on your condition or symptoms. Choosing Wisely recommendations should not be used to establish coverage decisions or exclusions. ",3,https://s3.amazonaws.com/itriage/choosing_wisely/67.pdf
69,Diagnosis,52,"Dont perform echocardiography as routine follow-up for mild, asymptomatic native valve disease in adult patients with no change in signs or symptoms.

Patients with native valve disease usually have years without symptoms before the onset of deterioration. An echocardiogram is not recommended yearly unless there is a change in clinical status.","The American College of Cardiology and the ABIM foundation joined forces to develop and distribute evidence based recommendations on when medical tests and procedures may be appropriate. Content was written to help physicians, patients and other health care stakeholders to think, to practice and partake in shared decision making to avoid unnecessary and at times harmful tests and procedures based on your condition or symptoms. Choosing Wisely recommendations should not be used to establish coverage decisions or exclusions. 
",3,https://s3.amazonaws.com/itriage/choosing_wisely/69.pdf
71,Diagnosis,1020,"Dont perform echocardiography as routine follow-up for mild, asymptomatic native valve disease in adult patients with no change in signs or symptoms.

Patients with native valve disease usually have years without symptoms before the onset of deterioration. An echocardiogram is not recommended yearly unless there is a change in clinical status.","The American College of Cardiology and the ABIM foundation joined forces to develop and distribute evidence based recommendations on when medical tests and procedures may be appropriate. Content was written to help physicians, patients and other health care stakeholders to think, to practice and partake in shared decision making to avoid unnecessary and at times harmful tests and procedures based on your condition or symptoms. Choosing Wisely recommendations should not be used to establish coverage decisions or exclusions. ",3,https://s3.amazonaws.com/itriage/choosing_wisely/71.pdf
73,Diagnosis,1019,"Dont perform echocardiography as routine follow-up for mild, asymptomatic native valve disease in adult patients with no change in signs or symptoms.

Patients with native valve disease usually have years without symptoms before the onset of deterioration. An echocardiogram is not recommended yearly unless there is a change in clinical status.","The American College of Cardiology and the ABIM foundation joined forces to develop and distribute evidence based recommendations on when medical tests and procedures may be appropriate. Content was written to help physicians, patients and other health care stakeholders to think, to practice and partake in shared decision making to avoid unnecessary and at times harmful tests and procedures based on your condition or symptoms. Choosing Wisely recommendations should not be used to establish coverage decisions or exclusions. ",3,https://s3.amazonaws.com/itriage/choosing_wisely/73.pdf
75,Diagnosis,471,"Dont perform echocardiography as routine follow-up for mild, asymptomatic native valve disease in adult patients with no change in signs or symptoms.

Patients with native valve disease usually have years without symptoms before the onset of deterioration. An echocardiogram is not recommended yearly unless there is a change in clinical status.","The American College of Cardiology and the ABIM foundation joined forces to develop and distribute evidence based recommendations on when medical tests and procedures may be appropriate. Content was written to help physicians, patients and other health care stakeholders to think, to practice and partake in shared decision making to avoid unnecessary and at times harmful tests and procedures based on your condition or symptoms. Choosing Wisely recommendations should not be used to establish coverage decisions or exclusions. ",3,https://s3.amazonaws.com/itriage/choosing_wisely/75.pdf
77,Diagnosis,492,"Dont perform stenting of non-culprit lesions during percutaneous coronary intervention (PCI) for uncomplicated hemodynamically stable ST-segment elevation myocardial infarction (STEMI).

Stent placement in a noninfarct artery during primary PCI for STEMI in a hemodynamically stable patient may lead to increased mortality and complications. While potentially beneficial in patients with hemodynamic compromise, intervention beyond the culprit lesion during primary PCI has not demonstrated benefit in clinical trials to date.","The American College of Cardiology and the ABIM foundation joined forces to develop and distribute evidence based recommendations on when medical tests and procedures may be appropriate. Content was written to help physicians, patients and other health care stakeholders to think, to practice and partake in shared decision making to avoid unnecessary and at times harmful tests and procedures based on your condition or symptoms. Choosing Wisely recommendations should not be used to establish coverage decisions or exclusions. 
",3,
79,Diagnosis,789,"Dont perform stenting of non-culprit lesions during percutaneous coronary intervention (PCI) for uncomplicated hemodynamically stable ST-segment elevation myocardial infarction (STEMI).

Stent placement in a noninfarct artery during primary PCI for STEMI in a hemodynamically stable patient may lead to increased mortality and complications. While potentially beneficial in patients with hemodynamic compromise, intervention beyond the culprit lesion during primary PCI has not demonstrated benefit in clinical trials to date.","The American College of Cardiology and the ABIM foundation joined forces to develop and distribute evidence based recommendations on when medical tests and procedures may be appropriate. Content was written to help physicians, patients and other health care stakeholders to think, to practice and partake in shared decision making to avoid unnecessary and at times harmful tests and procedures based on your condition or symptoms. Choosing Wisely recommendations should not be used to establish coverage decisions or exclusions. 
",3,
81,Diagnosis,65,"Dont diagnose or manage asthma without spirometry.

Clinicians often rely solely upon symptoms when diagnosing and managing asthma, but these symptoms may be misleading and be from alternate causes. Therefore spirometry is essential to confirm the diagnosis in those patients who can perform this procedure. Recent guidelines highlight spirometrys value in stratifying disease severity and monitoring control. History and physical exam alone may over- or under-estimate asthma control. Beyond the increased costs of care, repercussions of misdiagnosing asthma include delaying a correct diagnosis and treatment.","The American Academy of Allergy Asthma & Immunology and the ABIM foundation joined forces to develop and distribute evidence based recommendations on when medical tests and procedures may be appropriate. Content was written to help physicians, patients and other health care stakeholders to think, to practice and partake in shared decision making to avoid unnecessary and at times harmful tests and procedures based on your condition or symptoms. Choosing Wisely recommendations should not be used to establish coverage decisions or exclusions.",7,https://s3.amazonaws.com/itriage/choosing_wisely/81.pdf
83,Diagnosis,112,"Dont diagnose or manage asthma without spirometry.

Clinicians often rely solely upon symptoms when diagnosing and managing asthma, but these symptoms may be misleading and be from alternate causes. Therefore spirometry is essential to confirm the diagnosis in those patients who can perform this procedure. Recent guidelines highlight spirometrys value in stratifying disease severity and monitoring control. History and physical exam alone may over- or under-estimate asthma control. Beyond the increased costs of care, repercussions of misdiagnosing asthma include delaying a correct diagnosis and treatment.","The American Academy of Allergy Asthma & Immunology and the ABIM foundation joined forces to develop and distribute evidence based recommendations on when medical tests and procedures may be appropriate. Content was written to help physicians, patients and other health care stakeholders to think, to practice and partake in shared decision making to avoid unnecessary and at times harmful tests and procedures based on your condition or symptoms. Choosing Wisely recommendations should not be used to establish coverage decisions or exclusions.",7,https://s3.amazonaws.com/itriage/choosing_wisely/83.pdf
85,Diagnosis,664,"Dont order sinus computed tomography (CT) or indiscriminately prescribe antibiotics for uncomplicated acute rhinosinusitis.

Viral infections cause the majority of acute rhinosinusitis and only 0.5 percent to 2 percent progress to bacterial infections. Most acute rhinosinusitis resolves without treatment in two weeks. Uncomplicated acute rhinosinusitis is generally diagnosed clinically and does not require a sinus CT scan or other imaging. Antibiotics are not recommended for patients with uncomplicated acute rhinosinusitis who have mild illness and assurance of follow-up. If a decision is made to treat, amoxicillin should be first-line antibiotic treatment for most acute rhinosinusitis.","The American Academy of Allergy Asthma & Immunology and the ABIM foundation joined forces to develop and distribute evidence based recommendations on when medical tests and procedures may be appropriate. Content was written to help physicians, patients and other health care stakeholders to think, to practice and partake in shared decision making to avoid unnecessary and at times harmful tests and procedures based on your condition or symptoms. Choosing Wisely recommendations should not be used to establish coverage decisions or exclusions.",7,https://s3.amazonaws.com/itriage/choosing_wisely/85.pdf
87,Diagnosis,704,"Dont order sinus computed tomography (CT) or indiscriminately prescribe antibiotics for uncomplicated acute rhinosinusitis.

Viral infections cause the majority of acute rhinosinusitis and only 0.5 percent to 2 percent progress to bacterial infections. Most acute rhinosinusitis resolves without treatment in two weeks. Uncomplicated acute rhinosinusitis is generally diagnosed clinically and does not require a sinus CT scan or other imaging. Antibiotics are not recommended for patients with uncomplicated acute rhinosinusitis who have mild illness and assurance of follow-up. If a decision is made to treat, amoxicillin should be first-line antibiotic treatment for most acute rhinosinusitis.","The American Academy of Allergy Asthma & Immunology and the ABIM foundation joined forces to develop and distribute evidence based recommendations on when medical tests and procedures may be appropriate. Content was written to help physicians, patients and other health care stakeholders to think, to practice and partake in shared decision making to avoid unnecessary and at times harmful tests and procedures based on your condition or symptoms. Choosing Wisely recommendations should not be used to establish coverage decisions or exclusions.",7,https://s3.amazonaws.com/itriage/choosing_wisely/87.pdf
89,Procedure,274,"Dont perform unproven diagnostic tests, such as immunoglobulin G (IgG) testing or an indiscriminate battery of immunoglobulin E (IgE) tests, in the evaluation of allergy.

Appropriate diagnosis and treatment of allergies requires specific IgE testing (either skin or blood tests) based on the patients clinical history. The use of other tests or methods to diagnose allergies is unproven and can lead to inappropriate diagnosis and treatment. Appropriate diagnosis and treatment is both cost effective and essential for optimal patient care.","The American Academy of Allergy Asthma & Immunology and the ABIM foundation joined forces to develop and distribute evidence based recommendations on when medical tests and procedures may be appropriate. Content was written to help physicians, patients and other health care stakeholders to think, to practice and partake in shared decision making to avoid unnecessary and at times harmful tests and procedures based on your condition or symptoms. Choosing Wisely recommendations should not be used to establish coverage decisions or exclusions.",7,https://s3.amazonaws.com/itriage/choosing_wisely/89.pdf
91,Diagnosis,28,"Dont perform unproven diagnostic tests, such as immunoglobulin G (IgG) testing or an indiscriminate battery of immunoglobulin E (IgE) tests, in the evaluation of allergy.

Appropriate diagnosis and treatment of allergies requires specific IgE testing (either skin or blood tests) based on the patients clinical history. The use of other tests or methods to diagnose allergies is unproven and can lead to inappropriate diagnosis and treatment. Appropriate diagnosis and treatment is both cost effective and essential for optimal patient care.","The American Academy of Allergy Asthma & Immunology and the ABIM foundation joined forces to develop and distribute evidence based recommendations on when medical tests and procedures may be appropriate. Content was written to help physicians, patients and other health care stakeholders to think, to practice and partake in shared decision making to avoid unnecessary and at times harmful tests and procedures based on your condition or symptoms. Choosing Wisely recommendations should not be used to establish coverage decisions or exclusions.",7,https://s3.amazonaws.com/itriage/choosing_wisely/91.pdf
93,Diagnosis,38,"Dont rely on antihistamines as first-line treatment in severe allergic reactions.

Epinephrine is the first-line treatment for anaphylaxis. Data indicate that antihistamines are overused as the first-line treatment of anaphylaxis. By definition, anaphylaxis has cardiovascular and respiratory manifestations, which require treatment with epinephrine. Overuse of antihistamines, which do not treat cardiovascular or respiratory manifestations of anaphylaxis, can delay the effective first-line treatment with epinephrine.

Epinephrine should be administered as soon as the diagnosis of anaphylaxis is suspected. Antihistamines are second-line supportive therapy for cutaneous non-life-threatening symptoms (hives), but do not replace epinephrine as the first-line treatment for anaphylaxis.

Fatalities during anaphylaxis have been associated with delayed administration of epinephrine.","The American Academy of Allergy Asthma & Immunology and the ABIM foundation joined forces to develop and distribute evidence based recommendations on when medical tests and procedures may be appropriate. Content was written to help physicians, patients and other health care stakeholders to think, to practice and partake in shared decision making to avoid unnecessary and at times harmful tests and procedures based on your condition or symptoms. Choosing Wisely recommendations should not be used to establish coverage decisions or exclusions.",7,
95,Diagnosis,26,"Dont rely on antihistamines as first-line treatment in severe allergic reactions.

Epinephrine is the first-line treatment for anaphylaxis. Data indicate that antihistamines are overused as the first-line treatment of anaphylaxis. By definition, anaphylaxis has cardiovascular and respiratory manifestations, which require treatment with epinephrine. Overuse of antihistamines, which do not treat cardiovascular or respiratory manifestations of anaphylaxis, can delay the effective first-line treatment with epinephrine.

Epinephrine should be administered as soon as the diagnosis of anaphylaxis is suspected. Antihistamines are second-line supportive therapy for cutaneous non-life-threatening symptoms (hives), but do not replace epinephrine as the first-line treatment for anaphylaxis.

Fatalities during anaphylaxis have been associated with delayed administration of epinephrine.","The American Academy of Allergy Asthma & Immunology and the ABIM foundation joined forces to develop and distribute evidence based recommendations on when medical tests and procedures may be appropriate. Content was written to help physicians, patients and other health care stakeholders to think, to practice and partake in shared decision making to avoid unnecessary and at times harmful tests and procedures based on your condition or symptoms. Choosing Wisely recommendations should not be used to establish coverage decisions or exclusions.",7,
97,Diagnosis,796,"Dont routinely do diagnostic testing in patients with chronic urticaria.

In the overwhelming majority of patients with chronic urticaria, a definite etiology is not identified. Limited laboratory testing may be warranted to exclude underlying causes. Targeted laboratory testing based on clinical suspicion is appropriate. Routine extensive testing is neither cost effective nor associated with improved clinical outcomes. Skin or serum-specific IgE testing for inhalants or foods is not indicated, unless there is a clear history implicating an allergen as a provoking or perpetuating factor for urticaria.","The American Academy of Allergy Asthma & Immunology and the ABIM foundation joined forces to develop and distribute evidence based recommendations on when medical tests and procedures may be appropriate. Content was written to help physicians, patients and other health care stakeholders to think, to practice and partake in shared decision making to avoid unnecessary and at times harmful tests and procedures based on your condition or symptoms. Choosing Wisely recommendations should not be used to establish coverage decisions or exclusions.",7,
99,Diagnosis,190,"Dont routinely do diagnostic testing in patients with chronic urticaria.

In the overwhelming majority of patients with chronic urticaria, a definite etiology is not identified. Limited laboratory testing may be warranted to exclude underlying causes. Targeted laboratory testing based on clinical suspicion is appropriate. Routine extensive testing is neither cost effective nor associated with improved clinical outcomes. Skin or serum-specific IgE testing for inhalants or foods is not indicated, unless there is a clear history implicating an allergen as a provoking or perpetuating factor for urticaria.","The American Academy of Allergy Asthma & Immunology and the ABIM foundation joined forces to develop and distribute evidence based recommendations on when medical tests and procedures may be appropriate. Content was written to help physicians, patients and other health care stakeholders to think, to practice and partake in shared decision making to avoid unnecessary and at times harmful tests and procedures based on your condition or symptoms. Choosing Wisely recommendations should not be used to establish coverage decisions or exclusions.",7,
101,Procedure,394,"Dont use post-operative splinting of the wrist after carpal tunnel release for long-term relief.

Routine post-operative splinting of the wrist after the carpal tunnel release procedure showed no benefit in grip or lateral pinch strength or bowstringing. In addition, the research showed no effect in complication rates, subjective outcomes or patient satisfaction. Clinicians may wish to provide protection for the wrist in a working environment or for temporary protection. However, objective criteria for their appropriate use do not exist. Clinicians should be aware of the detrimental affects including adhesion formation, stiffness and prevention of nerve and tendon movement.","The American Academy of Orthopaedic Surgeons and the ABIM foundation joined forces to develop and distribute evidence based recommendations on when medical tests and procedures may be appropriate. Content was written to help physicians, patients and other health care stakeholders to think, to practice and partake in shared decision making to avoid unnecessary and at times harmful tests and procedures based on your condition or symptoms. Choosing Wisely recommendations should not be used to establish coverage decisions or exclusions. ",9,
103,Procedure,360,"Dont use post-operative splinting of the wrist after carpal tunnel release for long-term relief.

Routine post-operative splinting of the wrist after the carpal tunnel release procedure showed no benefit in grip or lateral pinch strength or bowstringing. In addition, the research showed no effect in complication rates, subjective outcomes or patient satisfaction. Clinicians may wish to provide protection for the wrist in a working environment or for temporary protection. However, objective criteria for their appropriate use do not exist. Clinicians should be aware of the detrimental affects including adhesion formation, stiffness and prevention of nerve and tendon movement.","The American Academy of Orthopaedic Surgeons and the ABIM foundation joined forces to develop and distribute evidence based recommendations on when medical tests and procedures may be appropriate. Content was written to help physicians, patients and other health care stakeholders to think, to practice and partake in shared decision making to avoid unnecessary and at times harmful tests and procedures based on your condition or symptoms. Choosing Wisely recommendations should not be used to establish coverage decisions or exclusions. ",9,
105,Procedure,402,"Dont use post-operative splinting of the wrist after carpal tunnel release for long-term relief.

Routine post-operative splinting of the wrist after the carpal tunnel release procedure showed no benefit in grip or lateral pinch strength or bowstringing. In addition, the research showed no effect in complication rates, subjective outcomes or patient satisfaction. Clinicians may wish to provide protection for the wrist in a working environment or for temporary protection. However, objective criteria for their appropriate use do not exist. Clinicians should be aware of the detrimental affects including adhesion formation, stiffness and prevention of nerve and tendon movement.","The American Academy of Orthopaedic Surgeons and the ABIM foundation joined forces to develop and distribute evidence based recommendations on when medical tests and procedures may be appropriate. Content was written to help physicians, patients and other health care stakeholders to think, to practice and partake in shared decision making to avoid unnecessary and at times harmful tests and procedures based on your condition or symptoms. Choosing Wisely recommendations should not be used to establish coverage decisions or exclusions.",9,
107,Diagnosis,133,"Dont use post-operative splinting of the wrist after carpal tunnel release for long-term relief.

Routine post-operative splinting of the wrist after the carpal tunnel release procedure showed no benefit in grip or lateral pinch strength or bowstringing. In addition, the research showed no effect in complication rates, subjective outcomes or patient satisfaction. Clinicians may wish to provide protection for the wrist in a working environment or for temporary protection. However, objective criteria for their appropriate use do not exist. Clinicians should be aware of the detrimental affects including adhesion formation, stiffness and prevention of nerve and tendon movement.","The American Academy of Orthopaedic Surgeons and the ABIM foundation joined forces to develop and distribute evidence based recommendations on when medical tests and procedures may be appropriate. Content was written to help physicians, patients and other health care stakeholders to think, to practice and partake in shared decision making to avoid unnecessary and at times harmful tests and procedures based on your condition or symptoms. Choosing Wisely recommendations should not be used to establish coverage decisions or exclusions.",9,
109,Diagnosis,532,"Dont use glucosamine and chondroitin to treat patients with symptomatic osteoarthritis of the knee.

Both glucosamine and chondroitin sulfate do not provide relief for patients with symptomatic osteoarthritis of the knee.","The American Academy of Orthopaedic Surgeons and the ABIM foundation joined forces to develop and distribute evidence based recommendations on when medical tests and procedures may be appropriate. Content was written to help physicians, patients and other health care stakeholders to think, to practice and partake in shared decision making to avoid unnecessary and at times harmful tests and procedures based on your condition or symptoms. Choosing Wisely recommendations should not be used to establish coverage decisions or exclusions.",9,https://s3.amazonaws.com/itriage/choosing_wisely/109.pdf
111,Procedure,399,"Avoid performing routine post-operative deep vein thrombosis ultrasonography screening in patients who undergo elective hip or knee arthroplasty.

Since ultrasound is not effective at diagnosing unsuspected deep vein thrombosis (DVT) and appropriate alternative screening tests do not exist, if there is no change in the patients clinical status, routine post-operative screening for DVT after hip or knee arthroplasty does not change outcomes or clinical management.","The American Academy of Orthopaedic Surgeons and the ABIM foundation joined forces to develop and distribute evidence based recommendations on when medical tests and procedures may be appropriate. Content was written to help physicians, patients and other health care stakeholders to think, to practice and partake in shared decision making to avoid unnecessary and at times harmful tests and procedures based on your condition or symptoms. Choosing Wisely recommendations should not be used to establish coverage decisions or exclusions.",9,
113,Procedure,239,"Avoid performing routine post-operative deep vein thrombosis ultrasonography screening in patients who undergo elective hip or knee arthroplasty.

Since ultrasound is not effective at diagnosing unsuspected deep vein thrombosis (DVT) and appropriate alternative screening tests do not exist, if there is no change in the patients clinical status, routine post-operative screening for DVT after hip or knee arthroplasty does not change outcomes or clinical management.","The American Academy of Orthopaedic Surgeons and the ABIM foundation joined forces to develop and distribute evidence based recommendations on when medical tests and procedures may be appropriate. Content was written to help physicians, patients and other health care stakeholders to think, to practice and partake in shared decision making to avoid unnecessary and at times harmful tests and procedures based on your condition or symptoms. Choosing Wisely recommendations should not be used to establish coverage decisions or exclusions.",9,
115,Procedure,398,"Avoid performing routine post-operative deep vein thrombosis ultrasonography screening in patients who undergo elective hip or knee arthroplasty.

Since ultrasound is not effective at diagnosing unsuspected deep vein thrombosis (DVT) and appropriate alternative screening tests do not exist, if there is no change in the patients clinical status, routine post-operative screening for DVT after hip or knee arthroplasty does not change outcomes or clinical management.","The American Academy of Orthopaedic Surgeons and the ABIM foundation joined forces to develop and distribute evidence based recommendations on when medical tests and procedures may be appropriate. Content was written to help physicians, patients and other health care stakeholders to think, to practice and partake in shared decision making to avoid unnecessary and at times harmful tests and procedures based on your condition or symptoms. Choosing Wisely recommendations should not be used to establish coverage decisions or exclusions.",9,
117,Procedure,240,"Avoid performing routine post-operative deep vein thrombosis ultrasonography screening in patients who undergo elective hip or knee arthroplasty.

Since ultrasound is not effective at diagnosing unsuspected deep vein thrombosis (DVT) and appropriate alternative screening tests do not exist, if there is no change in the patients clinical status, routine post-operative screening for DVT after hip or knee arthroplasty does not change outcomes or clinical management.","The American Academy of Orthopaedic Surgeons and the ABIM foundation joined forces to develop and distribute evidence based recommendations on when medical tests and procedures may be appropriate. Content was written to help physicians, patients and other health care stakeholders to think, to practice and partake in shared decision making to avoid unnecessary and at times harmful tests and procedures based on your condition or symptoms. Choosing Wisely recommendations should not be used to establish coverage decisions or exclusions.",9,
119,Procedure,188,"Dont delay palliative care for a patient with serious illness who has physical, psychological, social or spiritual distress because they are pursuing disease-directed treatment.

Numerous studiesincluding randomized trialsprovide evidence that palliative care improves pain and symptom control, improves family satisfaction with care and reduces costs. Palliative care does not accelerate death, and may prolong life in selected populations.","The American Academy of Hospice and Palliative Medicine and the ABIM foundation joined forces to develop and distribute evidence based recommendations on when medical tests and procedures may be appropriate. Content was written to help physicians, patients and other health care stakeholders to think, to practice and partake in shared decision making to avoid unnecessary and at times harmful tests and procedures based on your condition or symptoms. Choosing Wisely recommendations should not be used to establish coverage decisions or exclusions.",13,
121,Diagnosis,207,"Dont use antipsychotics as first choice to treat behavioral and psychological symptoms of dementia.

People with dementia often exhibit aggression, resistance to care and other challenging or disruptive behaviors. In such instances, antipsychotic medicines are often prescribed, but they provide limited benefit and can cause serious harm, including stroke and premature death. Use of these drugs should be limited to cases where non-pharmacologic measures have failed and patients pose an imminent threat to themselves or others. Identifying and addressing causes of behavior change can make drug treatment unnecessary.","The American Geriatrics Society and the ABIM foundation joined forces to develop and distribute evidence based recommendations on when medical tests and procedures may be appropriate. Content was written to help physicians, patients and other health care stakeholders to think, to practice and partake in shared decision making to avoid unnecessary and at times harmful tests and procedures based on your condition or symptoms. Choosing Wisely recommendations should not be used to establish coverage decisions or exclusions.",11,https://s3.amazonaws.com/itriage/choosing_wisely/121.pdf
123,Diagnosis,969,"Dont recommend percutaneous feeding tubes in patients with advanced dementia; instead offer oral assisted feeding.

Careful hand-feeding for patients with severe dementia is at least as good as tube-feeding for the outcomes of death, aspiration pneumonia, functional status and patient comfort. Food is the preferred nutrient. Tube-feeding is associated with agitation, increased use of physical and chemical restraints and worsening pressure ulcers.","The American Geriatrics Society and the ABIM foundation joined forces to develop and distribute evidence based recommendations on when medical tests and procedures may be appropriate. Content was written to help physicians, patients and other health care stakeholders to think, to practice and partake in shared decision making to avoid unnecessary and at times harmful tests and procedures based on your condition or symptoms. Choosing Wisely recommendations should not be used to establish coverage decisions or exclusions.",11,https://s3.amazonaws.com/itriage/choosing_wisely/123.pdf
125,Diagnosis,538,"Dont screen low risk women with CA-125 or ultrasound for ovarian cancer.

CA-125 and ultrasound in low risk, asymptomatic women have not led to diagnosis of ovarian cancer in earlier stages of disease or reduced ovarian cancer mortality. False positive results of either test can lead to unnecessary procedures, which have risks of complication.","The Society of Gynecologic Oncology and the ABIM foundation joined forces to develop and distribute evidence based recommendations on when medical tests and procedures may be appropriate. Content was written to help physicians, patients and other health care stakeholders to think, to practice and partake in shared decision making to avoid unnecessary and at times harmful tests and procedures based on your condition or symptoms. Choosing Wisely recommendations should not be used to establish coverage decisions or exclusions.",15,
127,Diagnosis,240,"Dont perform Pap tests for surveillance of women with a history of endometrial cancer.

Pap testing of the top of the vagina in women treated for endometrial cancer does not improve detection of local recurrence. False positive Pap smears in this group can lead to unnecessary procedures such as colposcopy and biopsy.","The Society of Gynecologic Oncology and the ABIM foundation joined forces to develop and distribute evidence based recommendations on when medical tests and procedures may be appropriate. Content was written to help physicians, patients and other health care stakeholders to think, to practice and partake in shared decision making to avoid unnecessary and at times harmful tests and procedures based on your condition or symptoms. Choosing Wisely recommendations should not be used to establish coverage decisions or exclusions.",15,
129,Procedure,190,"Dont perform Pap tests for surveillance of women with a history of endometrial cancer.

Pap testing of the top of the vagina in women treated for endometrial cancer does not improve detection of local recurrence. False positive Pap smears in this group can lead to unnecessary procedures such as colposcopy and biopsy.
","The Society of Gynecologic Oncology and the ABIM foundation joined forces to develop and distribute evidence based recommendations on when medical tests and procedures may be appropriate. Content was written to help physicians, patients and other health care stakeholders to think, to practice and partake in shared decision making to avoid unnecessary and at times harmful tests and procedures based on your condition or symptoms. Choosing Wisely recommendations should not be used to establish coverage decisions or exclusions.",15,
131,Procedure,59,"Dont perform colposcopy in patients treated for cervical cancer with Pap tests of low-grade squamous intraepithelial lesion (LGSIL) or less.

Colposcopy for low-grade abnormalities in this group does not detect recurrence unless there is a visible lesion and is not cost effective.","The Society of Gynecologic Oncology and the ABIM foundation joined forces to develop and distribute evidence based recommendations on when medical tests and procedures may be appropriate. Content was written to help physicians, patients and other health care stakeholders to think, to practice and partake in shared decision making to avoid unnecessary and at times harmful tests and procedures based on your condition or symptoms. Choosing Wisely recommendations should not be used to establish coverage decisions or exclusions.",15,
133,Diagnosis,149,"Dont perform colposcopy in patients treated for cervical cancer with Pap tests of low-grade squamous intraepithelial lesion (LGSIL) or less.

Colposcopy for low-grade abnormalities in this group does not detect recurrence unless there is a visible lesion and is not cost effective.","The Society of Gynecologic Oncology and the ABIM foundation joined forces to develop and distribute evidence based recommendations on when medical tests and procedures may be appropriate. Content was written to help physicians, patients and other health care stakeholders to think, to practice and partake in shared decision making to avoid unnecessary and at times harmful tests and procedures based on your condition or symptoms. Choosing Wisely recommendations should not be used to establish coverage decisions or exclusions.",15,
135,Diagnosis,827,"Avoid routine imaging for cancer surveillance in women with gynecologic cancer, specifically ovarian, endometrial, cervical, vulvar and vaginal cancer.

Imaging in the absence of symptoms or rising tumor markers has shown low yield in detecting recurrence or impacting overall survival.","The Society of Gynecologic Oncology and the ABIM foundation joined forces to develop and distribute evidence based recommendations on when medical tests and procedures may be appropriate. Content was written to help physicians, patients and other health care stakeholders to think, to practice and partake in shared decision making to avoid unnecessary and at times harmful tests and procedures based on your condition or symptoms. Choosing Wisely recommendations should not be used to establish coverage decisions or exclusions.",15,
137,Diagnosis,802,"Avoid routine imaging for cancer surveillance in women with gynecologic cancer, specifically ovarian, endometrial, cervical, vulvar and vaginal cancer.

Imaging in the absence of symptoms or rising tumor markers has shown low yield in detecting recurrence or impacting overall survival.","The Society of Gynecologic Oncology and the ABIM foundation joined forces to develop and distribute evidence based recommendations on when medical tests and procedures may be appropriate. Content was written to help physicians, patients and other health care stakeholders to think, to practice and partake in shared decision making to avoid unnecessary and at times harmful tests and procedures based on your condition or symptoms. Choosing Wisely recommendations should not be used to establish coverage decisions or exclusions.",15,
139,Procedure,24,"Dont use dual-energy x-ray absorptiometry (DEXA) screening for osteoporosis in women younger than 65 or men younger than 70 with no risk factors.

DEXA is not cost effective in younger, low-risk patients, but is cost effective in older patients.","The American Academy of Family Physicians and the ABIM foundation joined forces to develop and distribute evidence based recommendations on when medical tests and procedures may be appropriate. Content was written to help physicians, patients and other health care stakeholders to think, to practice and partake in shared decision making to avoid unnecessary and at times harmful tests and procedures based on your condition or symptoms. Choosing Wisely recommendations should not be used to establish coverage decisions or exclusions.",17,https://s3.amazonaws.com/itriage/choosing_wisely/139.pdf
141,Diagnosis,1042,"Dont use dual-energy x-ray absorptiometry (DEXA) screening for osteoporosis in women younger than 65 or men younger than 70 with no risk factors.

DEXA is not cost effective in younger, low-risk patients, but is cost effective in older patients.","The American Academy of Family Physicians and the ABIM foundation joined forces to develop and distribute evidence based recommendations on when medical tests and procedures may be appropriate. Content was written to help physicians, patients and other health care stakeholders to think, to practice and partake in shared decision making to avoid unnecessary and at times harmful tests and procedures based on your condition or symptoms. Choosing Wisely recommendations should not be used to establish coverage decisions or exclusions.",17,https://s3.amazonaws.com/itriage/choosing_wisely/141.pdf
143,Diagnosis,943,"Dont use dual-energy x-ray absorptiometry (DEXA) screening for osteoporosis in women younger than 65 or men younger than 70 with no risk factors.

DEXA is not cost effective in younger, low-risk patients, but is cost effective in older patients.","The American Academy of Family Physicians and the ABIM foundation joined forces to develop and distribute evidence based recommendations on when medical tests and procedures may be appropriate. Content was written to help physicians, patients and other health care stakeholders to think, to practice and partake in shared decision making to avoid unnecessary and at times harmful tests and procedures based on your condition or symptoms. Choosing Wisely recommendations should not be used to establish coverage decisions or exclusions.",17,https://s3.amazonaws.com/itriage/choosing_wisely/143.pdf
145,Procedure,454,"Dont schedule elective, non-medically indicated inductions of labor or Cesarean deliveries before 39 weeks, 0 days gestational age.

Delivery prior to 39 weeks, 0 days has been shown to be associated with an increased risk of learning disabilities and a potential increase in morbidity and mortality. There are clear medical indications for delivery prior to 39 weeks and 0 days based on maternal and/or fetal conditions. A mature fetal lung test, in the absence of appropriate clinical criteria, is not an indication for delivery.","The American Academy of Family Physicians and the ABIM foundation joined forces to develop and distribute evidence based recommendations on when medical tests and procedures may be appropriate. Content was written to help physicians, patients and other health care stakeholders to think, to practice and partake in shared decision making to avoid unnecessary and at times harmful tests and procedures based on your condition or symptoms. Choosing Wisely recommendations should not be used to establish coverage decisions or exclusions.",17,https://s3.amazonaws.com/itriage/choosing_wisely/145.pdf
147,Diagnosis,599,"Dont schedule elective, non-medically indicated inductions of labor or Cesarean deliveries before 39 weeks, 0 days gestational age.

Delivery prior to 39 weeks, 0 days has been shown to be associated with an increased risk of learning disabilities and a potential increase in morbidity and mortality. There are clear medical indications for delivery prior to 39 weeks and 0 days based on maternal and/or fetal conditions. A mature fetal lung test, in the absence of appropriate clinical criteria, is not an indication for delivery.","The American Academy of Family Physicians and the ABIM foundation joined forces to develop and distribute evidence based recommendations on when medical tests and procedures may be appropriate. Content was written to help physicians, patients and other health care stakeholders to think, to practice and partake in shared decision making to avoid unnecessary and at times harmful tests and procedures based on your condition or symptoms. Choosing Wisely recommendations should not be used to establish coverage decisions or exclusions.",17,https://s3.amazonaws.com/itriage/choosing_wisely/147.pdf
149,Diagnosis,867,"Dont screen for carotid artery stenosis (CAS) in asymptomatic adult patients.

There is good evidence that for adult patients with no symptoms of carotid artery stenosis, the harms of screening outweigh the benefits. Screening could lead to non-indicated surgeries that result in serious harms, including death, stroke and myocardial infarction.","The American Academy of Family Physicians and the ABIM foundation joined forces to develop and distribute evidence based recommendations on when medical tests and procedures may be appropriate. Content was written to help physicians, patients and other health care stakeholders to think, to practice and partake in shared decision making to avoid unnecessary and at times harmful tests and procedures based on your condition or symptoms. Choosing Wisely recommendations should not be used to establish coverage decisions or exclusions.",17,
151,Procedure,41,"Dont screen for carotid artery stenosis (CAS) in asymptomatic adult patients.

There is good evidence that for adult patients with no symptoms of carotid artery stenosis, the harms of screening outweigh the benefits. Screening could lead to non-indicated surgeries that result in serious harms, including death, stroke and myocardial infarction.","The American Academy of Family Physicians and the ABIM foundation joined forces to develop and distribute evidence based recommendations on when medical tests and procedures may be appropriate. Content was written to help physicians, patients and other health care stakeholders to think, to practice and partake in shared decision making to avoid unnecessary and at times harmful tests and procedures based on your condition or symptoms. Choosing Wisely recommendations should not be used to establish coverage decisions or exclusions.",17,
153,Diagnosis,536,"Dont prescribe antibiotics for otitis media in children aged 2 to 12 years with non-severe symptoms where the observation option is reasonable.

The observation option refers to deferring antibacterial treatment of selected children for 48 to 72 hours and limiting management to symptomatic relief. The decision to observe or treat is based on the childs age, diagnostic certainty and illness severity. To observe a child without initial antibacterial therapy, it is important that the parent or caregiver has a ready means of communicating with the clinician. There also must be a system in place that permits reevaluation of the child.","The American Academy of Family Physicians and the ABIM foundation joined forces to develop and distribute evidence based recommendations on when medical tests and procedures may be appropriate. Content was written to help physicians, patients and other health care stakeholders to think, to practice and partake in shared decision making to avoid unnecessary and at times harmful tests and procedures based on your condition or symptoms. Choosing Wisely recommendations should not be used to establish coverage decisions or exclusions.",17,https://s3.amazonaws.com/itriage/choosing_wisely/153.pdf
155,Procedure,258,"Dont perform voiding cystourethrogram (VCUG) routinely in first febrile urinary tract infection (UTI) in children aged 224 months.

The risks associated with radiation (plus the discomfort and expense of the procedure) outweigh the risk of delaying the detection of the few children with correctable genitourinary abnormalities until their second UTI.","The American Academy of Family Physicians and the ABIM foundation joined forces to develop and distribute evidence based recommendations on when medical tests and procedures may be appropriate. Content was written to help physicians, patients and other health care stakeholders to think, to practice and partake in shared decision making to avoid unnecessary and at times harmful tests and procedures based on your condition or symptoms. Choosing Wisely recommendations should not be used to establish coverage decisions or exclusions.",17,
157,Procedure,359,"Dont routinely screen for prostate cancer using a prostate-specific antigen (PSA) test or digital rectal exam.

There is convincing evidence that PSA-based screening leads to substantial over-diagnosis of prostate tumors. Many tumors will not harm patients, while the risks of treatment are significant. Physicians should not offer or order PSA screening unless they are prepared to engage in shared decision making that enables an informed choice by patients.","The American Academy of Family Physicians and the ABIM foundation joined forces to develop and distribute evidence based recommendations on when medical tests and procedures may be appropriate. Content was written to help physicians, patients and other health care stakeholders to think, to practice and partake in shared decision making to avoid unnecessary and at times harmful tests and procedures based on your condition or symptoms. Choosing Wisely recommendations should not be used to establish coverage decisions or exclusions.",17,https://s3.amazonaws.com/itriage/choosing_wisely/157.pdf
159,Diagnosis,609,"Dont routinely screen for prostate cancer using a prostate-specific antigen (PSA) test or digital rectal exam.

There is convincing evidence that PSA-based screening leads to substantial over-diagnosis of prostate tumors. Many tumors will not harm patients, while the risks of treatment are significant. Physicians should not offer or order PSA screening unless they are prepared to engage in shared decision making that enables an informed choice by patients.","The American Academy of Family Physicians and the ABIM foundation joined forces to develop and distribute evidence based recommendations on when medical tests and procedures may be appropriate. Content was written to help physicians, patients and other health care stakeholders to think, to practice and partake in shared decision making to avoid unnecessary and at times harmful tests and procedures based on your condition or symptoms. Choosing Wisely recommendations should not be used to establish coverage decisions or exclusions.",17,https://s3.amazonaws.com/itriage/choosing_wisely/159.pdf
161,Procedure,82,"Dont routinely screen for prostate cancer using a prostate-specific antigen (PSA) test or digital rectal exam.

There is convincing evidence that PSA-based screening leads to substantial over-diagnosis of prostate tumors. Many tumors will not harm patients, while the risks of treatment are significant. Physicians should not offer or order PSA screening unless they are prepared to engage in shared decision making that enables an informed choice by patients.","The American Academy of Family Physicians and the ABIM foundation joined forces to develop and distribute evidence based recommendations on when medical tests and procedures may be appropriate. Content was written to help physicians, patients and other health care stakeholders to think, to practice and partake in shared decision making to avoid unnecessary and at times harmful tests and procedures based on your condition or symptoms. Choosing Wisely recommendations should not be used to establish coverage decisions or exclusions.",17,https://s3.amazonaws.com/itriage/choosing_wisely/161.pdf
163,Diagnosis,680,"Dont screen adolescents for scoliosis.

There is no good evidence that screening asymptomatic adolescents detects idiopathic scoliosis at an earlier stage than detection without screening. The potential harms of screening and treating adolescents include unnecessary follow-up visits and evaluations due to false positive test results and psychological adverse effects.","The American Academy of Family Physicians and the ABIM foundation joined forces to develop and distribute evidence based recommendations on when medical tests and procedures may be appropriate. Content was written to help physicians, patients and other health care stakeholders to think, to practice and partake in shared decision making to avoid unnecessary and at times harmful tests and procedures based on your condition or symptoms. Choosing Wisely recommendations should not be used to establish coverage decisions or exclusions.",17,
167,Procedure,389,"Dont perform elective spinal injections without imaging guidance, unless contraindicated.

Elective spinal injections, such as epidural steroid injections, should be performed under imaging guidance using fluoroscopy or CT with contrast enhancement (unless contraindicated) to ensure correct placement of the needle and to maximize diagnostic accuracy and therapeutic efficacy. Failure to use appropriate imaging may result in inappropriate placement of the medication, thereby decreasing the efficacy of the procedure and increasing the need for additional care.","North American Spine Society and the ABIM foundation joined forces to develop and distribute evidence based recommendations on when medical tests and procedures may be appropriate. Content was written to help physicians, patients and other health care stakeholders to think, to practice and partake in shared decision making to avoid unnecessary and at times harmful tests and procedures based on your condition or symptoms. Choosing Wisely recommendations should not be used to establish coverage decisions or exclusions.",25,
169,Procedure,388,"Dont perform elective spinal injections without imaging guidance, unless contraindicated.

Elective spinal injections, such as epidural steroid injections, should be performed under imaging guidance using fluoroscopy or CT with contrast enhancement (unless contraindicated) to ensure correct placement of the needle and to maximize diagnostic accuracy and therapeutic efficacy. Failure to use appropriate imaging may result in inappropriate placement of the medication, thereby decreasing the efficacy of the procedure and increasing the need for additional care.","North American Spine Society and the ABIM foundation joined forces to develop and distribute evidence based recommendations on when medical tests and procedures may be appropriate. Content was written to help physicians, patients and other health care stakeholders to think, to practice and partake in shared decision making to avoid unnecessary and at times harmful tests and procedures based on your condition or symptoms. Choosing Wisely recommendations should not be used to establish coverage decisions or exclusions.",25,
171,Procedure,577,"Dont perform elective spinal injections without imaging guidance, unless contraindicated.

Elective spinal injections, such as epidural steroid injections, should be performed under imaging guidance using fluoroscopy or CT with contrast enhancement (unless contraindicated) to ensure correct placement of the needle and to maximize diagnostic accuracy and therapeutic efficacy. Failure to use appropriate imaging may result in inappropriate placement of the medication, thereby decreasing the efficacy of the procedure and increasing the need for additional care.","North American Spine Society and the ABIM foundation joined forces to develop and distribute evidence based recommendations on when medical tests and procedures may be appropriate. Content was written to help physicians, patients and other health care stakeholders to think, to practice and partake in shared decision making to avoid unnecessary and at times harmful tests and procedures based on your condition or symptoms. Choosing Wisely recommendations should not be used to establish coverage decisions or exclusions.",25,
173,Procedure,576,"Dont perform elective spinal injections without imaging guidance, unless contraindicated.

Elective spinal injections, such as epidural steroid injections, should be performed under imaging guidance using fluoroscopy or CT with contrast enhancement (unless contraindicated) to ensure correct placement of the needle and to maximize diagnostic accuracy and therapeutic efficacy. Failure to use appropriate imaging may result in inappropriate placement of the medication, thereby decreasing the efficacy of the procedure and increasing the need for additional care.","North American Spine Society and the ABIM foundation joined forces to develop and distribute evidence based recommendations on when medical tests and procedures may be appropriate. Content was written to help physicians, patients and other health care stakeholders to think, to practice and partake in shared decision making to avoid unnecessary and at times harmful tests and procedures based on your condition or symptoms. Choosing Wisely recommendations should not be used to establish coverage decisions or exclusions.",25,
175,Procedure,578,"Dont perform elective spinal injections without imaging guidance, unless contraindicated.

Elective spinal injections, such as epidural steroid injections, should be performed under imaging guidance using fluoroscopy or CT with contrast enhancement (unless contraindicated) to ensure correct placement of the needle and to maximize diagnostic accuracy and therapeutic efficacy. Failure to use appropriate imaging may result in inappropriate placement of the medication, thereby decreasing the efficacy of the procedure and increasing the need for additional care.","North American Spine Society and the ABIM foundation joined forces to develop and distribute evidence based recommendations on when medical tests and procedures may be appropriate. Content was written to help physicians, patients and other health care stakeholders to think, to practice and partake in shared decision making to avoid unnecessary and at times harmful tests and procedures based on your condition or symptoms. Choosing Wisely recommendations should not be used to establish coverage decisions or exclusions.",25,
177,Procedure,373,"Dont use Bone Morphogenetic Protein (rhBMP) for routine anterior cervical spine fusion surgery.

Bone Morphogenic Protein is a compound which stimulates bone formation and healing. Life-threatening complications have been reported in the routine use of recombinant human rhBMP in anterior cervical spine fusion surgery, due to swelling of the soft tissues. This may lead to difficulty swallowing or pressure on the airway.","North American Spine Society and the ABIM foundation joined forces to develop and distribute evidence based recommendations on when medical tests and procedures may be appropriate. Content was written to help physicians, patients and other health care stakeholders to think, to practice and partake in shared decision making to avoid unnecessary and at times harmful tests and procedures based on your condition or symptoms. Choosing Wisely recommendations should not be used to establish coverage decisions or exclusions.",25,
179,Procedure,453,"Dont use Bone Morphogenetic Protein (rhBMP) for routine anterior cervical spine fusion surgery.

Bone Morphogenic Protein is a compound which stimulates bone formation and healing. Life-threatening complications have been reported in the routine use of recombinant human rhBMP in anterior cervical spine fusion surgery, due to swelling of the soft tissues. This may lead to difficulty swallowing or pressure on the airway.","North American Spine Society and the ABIM foundation joined forces to develop and distribute evidence based recommendations on when medical tests and procedures may be appropriate. Content was written to help physicians, patients and other health care stakeholders to think, to practice and partake in shared decision making to avoid unnecessary and at times harmful tests and procedures based on your condition or symptoms. Choosing Wisely recommendations should not be used to establish coverage decisions or exclusions.",25,
181,Procedure,369,"Dont use Bone Morphogenetic Protein (rhBMP) for routine anterior cervical spine fusion surgery.

Bone Morphogenic Protein is a compound which stimulates bone formation and healing. Life-threatening complications have been reported in the routine use of recombinant human rhBMP in anterior cervical spine fusion surgery, due to swelling of the soft tissues. This may lead to difficulty swallowing or pressure on the airway.","North American Spine Society and the ABIM foundation joined forces to develop and distribute evidence based recommendations on when medical tests and procedures may be appropriate. Content was written to help physicians, patients and other health care stakeholders to think, to practice and partake in shared decision making to avoid unnecessary and at times harmful tests and procedures based on your condition or symptoms. Choosing Wisely recommendations should not be used to establish coverage decisions or exclusions.",25,
191,Procedure,392,"Dont use electromyography (EMG) and nerve conduction studies (NCS) to determine the cause of axial lumbar, thoracic or cervical spine pain.

Electromyography and nerve conduction studies are measures of nerve and muscle function. They may be indicated when there is concern for a neurologic injury or disorder, such as the presence of leg or arm pain, numbness or weakness associated with compression of a spinal nerve. As spinal nerve injury is not a cause of neck, mid back or low back pain, EMG/NCS have not been found to be helpful in diagnosing the underlying causes of axial lumbar, thoracic and cervical spine pain.","North American Spine Society and the ABIM foundation joined forces to develop and distribute evidence based recommendations on when medical tests and procedures may be appropriate. Content was written to help physicians, patients and other health care stakeholders to think, to practice and partake in shared decision making to avoid unnecessary and at times harmful tests and procedures based on your condition or symptoms. Choosing Wisely recommendations should not be used to establish coverage decisions or exclusions.",25,https://s3.amazonaws.com/itriage/choosing_wisely/191.pdf
193,Diagnosis,605,"Dont routinely prescribe antipsychotic medications as a first-line intervention for insomnia in adults.

There is inadequate evidence for the efficacy of antipsychotic medications to treat insomnia (primary or due to another psychiatric or medical condition), with the few studies that do exist showing mixed results.","The American Psychiatric Association and the ABIM foundation joined forces to develop and distribute evidence based recommendations on when medical tests and procedures may be appropriate. Content was written to help physicians, patients and other health care stakeholders to think, to practice and partake in shared decision making to avoid unnecessary and at times harmful tests and procedures based on your condition or symptoms. Choosing Wisely recommendations should not be used to establish coverage decisions or exclusions.",27,https://s3.amazonaws.com/itriage/choosing_wisely/193.pdf
195,Diagnosis,1216,"Dont prescribe antipsychotic medications to patients for any indication without appropriate initial evaluation and appropriate ongoing monitoring.

Metabolic, neuromuscular and cardiovascular side effects are common in patients receiving antipsychotic medications for any indication, so thorough initial evaluation to ensure that their use is clinically warranted, and ongoing monitoring to ensure that side effects are identified, are essential. Appropriate initial evaluation includes the following: (a) thorough assessment of possible underlying causes of target symptoms including general medical, psychiatric, environmental or psychosocial problems; (b) consideration of general medical conditions; and (c) assessment of family history of general medical conditions, especially of metabolic and cardiovascular disorders. Appropriate ongoing monitoring includes re-evaluation and documentation of dose, efficacy and adverse effects; and targeted assessment, including assessment of movement disorder or neurological symptoms; weight, waist circumference and/or BMI; blood pressure; heart rate; blood glucose level; and lipid profile at periodic intervals.
","The American Psychiatric Association and the ABIM foundation joined forces to develop and distribute evidence based recommendations on when medical tests and procedures may be appropriate. Content was written to help physicians, patients and other health care stakeholders to think, to practice and partake in shared decision making to avoid unnecessary and at times harmful tests and procedures based on your condition or symptoms. Choosing Wisely recommendations should not be used to establish coverage decisions or exclusions.",27,
197,Diagnosis,676,"Dont prescribe antipsychotic medications to patients for any indication without appropriate initial evaluation and appropriate ongoing monitoring.

Metabolic, neuromuscular and cardiovascular side effects are common in patients receiving antipsychotic medications for any indication, so thorough initial evaluation to ensure that their use is clinically warranted, and ongoing monitoring to ensure that side effects are identified, are essential. Appropriate initial evaluation includes the following: (a) thorough assessment of possible underlying causes of target symptoms including general medical, psychiatric, environmental or psychosocial problems; (b) consideration of general medical conditions; and (c) assessment of family history of general medical conditions, especially of metabolic and cardiovascular disorders. Appropriate ongoing monitoring includes re-evaluation and documentation of dose, efficacy and adverse effects; and targeted assessment, including assessment of movement disorder or neurological symptoms; weight, waist circumference and/or BMI; blood pressure; heart rate; blood glucose level; and lipid profile at periodic intervals.","The American Psychiatric Association and the ABIM foundation joined forces to develop and distribute evidence based recommendations on when medical tests and procedures may be appropriate. Content was written to help physicians, patients and other health care stakeholders to think, to practice and partake in shared decision making to avoid unnecessary and at times harmful tests and procedures based on your condition or symptoms. Choosing Wisely recommendations should not be used to establish coverage decisions or exclusions.",27,
199,Diagnosis,677,"Dont routinely prescribe two or more antipsychotic medications concurrently.

Research shows that use of two or more antipsychotic medications occurs in 4 to 35% of outpatients and 30 to 50% of inpatients. However, evidence for the efficacy and safety of using multiple antipsychotic medications is limited, and risk for drug interactions, noncompliance and medication errors is increased. Generally, the use of two or more antipsychotic medications concurrently should be avoided except in cases of three failed trials of monotherapy, which included one failed trial of Clozapine where possible, or where a second antipsychotic medication is added with a plan to cross-taper to monotherapy.","The American Psychiatric Association and the ABIM foundation joined forces to develop and distribute evidence based recommendations on when medical tests and procedures may be appropriate. Content was written to help physicians, patients and other health care stakeholders to think, to practice and partake in shared decision making to avoid unnecessary and at times harmful tests and procedures based on your condition or symptoms. Choosing Wisely recommendations should not be used to establish coverage decisions or exclusions.",27,
200,Diagnosis,331,"Dont do imaging for uncomplicated headache. 

Imaging headache patients absent specific risk factors for structural disease is not likely to change management or improve outcome. Those patients with a significant likelihood of structural disease requiring immediate attention are detected by clinical screens that have been validated in many settings. Many studies and clinical practice guidelines concur. Also, incidental findings lead to additional medical procedures and expense that do not improve patient well-being.","The American College of Radiology and the ABIM foundation joined forces to develop and distribute evidence based recommendations on when medical tests and procedures may be appropriate. Content was written to help physicians, patients and other health care stakeholders to think, to practice and partake in shared decision making to avoid unnecessary and at times harmful tests and procedures based on your condition or symptoms. Choosing Wisely recommendations should not be used to establish coverage decisions or exclusions.",,https://s3.amazonaws.com/itriage/choosing_wisely/.
202,Diagnosis,1155,"Dont do imaging for uncomplicated headache. Imaging headache patients absent specific risk factors for structural disease is not likely to change management or improve outcome. Those patients with a significant likelihood of structural disease requiring immediate attention are detected by clinical screens that have been validated in many settings. Many studies and clinical practice guidelines concur. Also, incidental findings lead to additional medical procedures and expense that do not improve patient well-being.","The American College of Radiology and the ABIM foundation joined forces to develop and distribute evidence based recommendations on when medical tests and procedures may be appropriate. Content was written to help physicians, patients and other health care stakeholders to think, to practice and partake in shared decision making to avoid unnecessary and at times harmful tests and procedures based on your condition or symptoms. Choosing Wisely recommendations should not be used to establish coverage decisions or exclusions.",,https://s3.amazonaws.com/itriage/choosing_wisely/.
204,Diagnosis,173,"Dont do imaging for uncomplicated headache. Imaging headache patients absent specific risk factors for structural disease is not likely to change management or improve outcome. Those patients with a significant likelihood of structural disease requiring immediate attention are detected by clinical screens that have been validated in many settings. Many studies and clinical practice guidelines concur. Also, incidental findings lead to additional medical procedures and expense that do not improve patient well-being.","The American College of Radiology and the ABIM foundation joined forces to develop and distribute evidence based recommendations on when medical tests and procedures may be appropriate. Content was written to help physicians, patients and other health care stakeholders to think, to practice and partake in shared decision making to avoid unnecessary and at times harmful tests and procedures based on your condition or symptoms. Choosing Wisely recommendations should not be used to establish coverage decisions or exclusions.",,https://s3.amazonaws.com/itriage/choosing_wisely/.
206,Diagnosis,733,"Dont do imaging for uncomplicated headache. Imaging headache patients absent specific risk factors for structural disease is not likely to change management or improve outcome. Those patients with a significant likelihood of structural disease requiring immediate attention are detected by clinical screens that have been validated in many settings. Many studies and clinical practice guidelines concur. Also, incidental findings lead to additional medical procedures and expense that do not improve patient well-being.","The American College of Radiology and the ABIM foundation joined forces to develop and distribute evidence based recommendations on when medical tests and procedures may be appropriate. Content was written to help physicians, patients and other health care stakeholders to think, to practice and partake in shared decision making to avoid unnecessary and at times harmful tests and procedures based on your condition or symptoms. Choosing Wisely recommendations should not be used to establish coverage decisions or exclusions.",,https://s3.amazonaws.com/itriage/choosing_wisely/.
208,Diagnosis,469,"Dont do imaging for uncomplicated headache. Imaging headache patients absent specific risk factors for structural disease is not likely to change management or improve outcome. Those patients with a significant likelihood of structural disease requiring immediate attention are detected by clinical screens that have been validated in many settings. Many studies and clinical practice guidelines concur. Also, incidental findings lead to additional medical procedures and expense that do not improve patient well-being.","The American College of Radiology and the ABIM foundation joined forces to develop and distribute evidence based recommendations on when medical tests and procedures may be appropriate. Content was written to help physicians, patients and other health care stakeholders to think, to practice and partake in shared decision making to avoid unnecessary and at times harmful tests and procedures based on your condition or symptoms. Choosing Wisely recommendations should not be used to establish coverage decisions or exclusions.",,https://s3.amazonaws.com/itriage/choosing_wisely/.
210,Diagnosis,808,"Dont do imaging for uncomplicated headache. Imaging headache patients absent specific risk factors for structural disease is not likely to change management or improve outcome. Those patients with a significant likelihood of structural disease requiring immediate attention are detected by clinical screens that have been validated in many settings. Many studies and clinical practice guidelines concur. Also, incidental findings lead to additional medical procedures and expense that do not improve patient well-being.","The American College of Radiology and the ABIM foundation joined forces to develop and distribute evidence based recommendations on when medical tests and procedures may be appropriate. Content was written to help physicians, patients and other health care stakeholders to think, to practice and partake in shared decision making to avoid unnecessary and at times harmful tests and procedures based on your condition or symptoms. Choosing Wisely recommendations should not be used to establish coverage decisions or exclusions.",,https://s3.amazonaws.com/itriage/choosing_wisely/.
212,Procedure,526,"Dont do imaging for uncomplicated headache. Imaging headache patients absent specific risk factors for structural disease is not likely to change management or improve outcome. Those patients with a significant likelihood of structural disease requiring immediate attention are detected by clinical screens that have been validated in many settings. Many studies and clinical practice guidelines concur. Also, incidental findings lead to additional medical procedures and expense that do not improve patient well-being.","The American College of Radiology and the ABIM foundation joined forces to develop and distribute evidence based recommendations on when medical tests and procedures may be appropriate. Content was written to help physicians, patients and other health care stakeholders to think, to practice and partake in shared decision making to avoid unnecessary and at times harmful tests and procedures based on your condition or symptoms. Choosing Wisely recommendations should not be used to establish coverage decisions or exclusions.",,https://s3.amazonaws.com/itriage/choosing_wisely/212.pdf
214,Procedure,72,"Dont do imaging for uncomplicated headache. Imaging headache patients absent specific risk factors for structural disease is not likely to change management or improve outcome. Those patients with a significant likelihood of structural disease requiring immediate attention are detected by clinical screens that have been validated in many settings. Many studies and clinical practice guidelines concur. Also, incidental findings lead to additional medical procedures and expense that do not improve patient well-being.","The American College of Radiology and the ABIM foundation joined forces to develop and distribute evidence based recommendations on when medical tests and procedures may be appropriate. Content was written to help physicians, patients and other health care stakeholders to think, to practice and partake in shared decision making to avoid unnecessary and at times harmful tests and procedures based on your condition or symptoms. Choosing Wisely recommendations should not be used to establish coverage decisions or exclusions.",,https://s3.amazonaws.com/itriage/choosing_wisely/214.pdf
216,Procedure,63,"Dont do imaging for uncomplicated headache. Imaging headache patients absent specific risk factors for structural disease is not likely to change management or improve outcome. Those patients with a significant likelihood of structural disease requiring immediate attention are detected by clinical screens that have been validated in many settings. Many studies and clinical practice guidelines concur. Also, incidental findings lead to additional medical procedures and expense that do not improve patient well-being.","The American College of Radiology and the ABIM foundation joined forces to develop and distribute evidence based recommendations on when medical tests and procedures may be appropriate. Content was written to help physicians, patients and other health care stakeholders to think, to practice and partake in shared decision making to avoid unnecessary and at times harmful tests and procedures based on your condition or symptoms. Choosing Wisely recommendations should not be used to establish coverage decisions or exclusions.",,https://s3.amazonaws.com/itriage/choosing_wisely/216.pdf
218,Diagnosis,56,"Dont do computed tomography (CT) for the evaluation of suspected appendicitis in children until after ultrasound has been considered as an option. Although CT is accurate in the evaluation of suspected appendicitis in the pediatric population, ultrasound is nearly as good in experienced hands. Since ultrasound will reduce radiation exposure, ultrasound is the preferred initial consideration for imaging examination in children. If the results of the ultrasound exam are equivocal, it may be followed by CT. This approach is cost-effective, reduces potential radiation risks and has excellent accuracy, with reported sensitivity and specificity of 94 percent.","The American College of Radiology and the ABIM foundation joined forces to develop and distribute evidence based recommendations on when medical tests and procedures may be appropriate. Content was written to help physicians, patients and other health care stakeholders to think, to practice and partake in shared decision making to avoid unnecessary and at times harmful tests and procedures based on your condition or symptoms. Choosing Wisely recommendations should not be used to establish coverage decisions or exclusions.",,https://s3.amazonaws.com/itriage/choosing_wisely/.
220,Procedure,2,"Dont do computed tomography (CT) for the evaluation of suspected appendicitis in children until after ultrasound has been considered as an option. Although CT is accurate in the evaluation of suspected appendicitis in the pediatric population, ultrasound is nearly as good in experienced hands. Since ultrasound will reduce radiation exposure, ultrasound is the preferred initial consideration for imaging examination in children. If the results of the ultrasound exam are equivocal, it may be followed by CT. This approach is cost-effective, reduces potential radiation risks and has excellent accuracy, with reported sensitivity and specificity of 94 percent.","The American College of Radiology and the ABIM foundation joined forces to develop and distribute evidence based recommendations on when medical tests and procedures may be appropriate. Content was written to help physicians, patients and other health care stakeholders to think, to practice and partake in shared decision making to avoid unnecessary and at times harmful tests and procedures based on your condition or symptoms. Choosing Wisely recommendations should not be used to establish coverage decisions or exclusions.",,https://s3.amazonaws.com/itriage/choosing_wisely/220.pdf
222,Procedure,530,"Dont do computed tomography (CT) for the evaluation of suspected appendicitis in children until after ultrasound has been considered as an option. Although CT is accurate in the evaluation of suspected appendicitis in the pediatric population, ultrasound is nearly as good in experienced hands. Since ultrasound will reduce radiation exposure, ultrasound is the preferred initial consideration for imaging examination in children. If the results of the ultrasound exam are equivocal, it may be followed by CT. This approach is cost-effective, reduces potential radiation risks and has excellent accuracy, with reported sensitivity and specificity of 94 percent.","The American College of Radiology and the ABIM foundation joined forces to develop and distribute evidence based recommendations on when medical tests and procedures may be appropriate. Content was written to help physicians, patients and other health care stakeholders to think, to practice and partake in shared decision making to avoid unnecessary and at times harmful tests and procedures based on your condition or symptoms. Choosing Wisely recommendations should not be used to establish coverage decisions or exclusions.",,https://s3.amazonaws.com/itriage/choosing_wisely/222.pdf
224,Procedure,529,"Dont do computed tomography (CT) for the evaluation of suspected appendicitis in children until after ultrasound has been considered as an option. Although CT is accurate in the evaluation of suspected appendicitis in the pediatric population, ultrasound is nearly as good in experienced hands. Since ultrasound will reduce radiation exposure, ultrasound is the preferred initial consideration for imaging examination in children. If the results of the ultrasound exam are equivocal, it may be followed by CT. This approach is cost-effective, reduces potential radiation risks and has excellent accuracy, with reported sensitivity and specificity of 94 percent.","The American College of Radiology and the ABIM foundation joined forces to develop and distribute evidence based recommendations on when medical tests and procedures may be appropriate. Content was written to help physicians, patients and other health care stakeholders to think, to practice and partake in shared decision making to avoid unnecessary and at times harmful tests and procedures based on your condition or symptoms. Choosing Wisely recommendations should not be used to establish coverage decisions or exclusions.",,https://s3.amazonaws.com/itriage/choosing_wisely/224.pdf
226,Procedure,633,Avoid admission or preoperative chest x-rays for ambulatory patients with unremarkable history and physical exam. Performing routine admission or preoperative chest x-rays is not recommended for ambulatory patients without specific reasons suggested by the history and/or physical examination findings. Only 2 percent of such images lead to a change in management. Obtaining a chest radiograph is reasonable if acute cardiopulmonary disease is suspected or there is a history of chronic stable cardiopulmonary disease in a patient older than age 70 who has not had chest radiography within six months. ,"The American College of Radiology and the ABIM foundation joined forces to develop and distribute evidence based recommendations on when medical tests and procedures may be appropriate. Content was written to help physicians, patients and other health care stakeholders to think, to practice and partake in shared decision making to avoid unnecessary and at times harmful tests and procedures based on your condition or symptoms. Choosing Wisely recommendations should not be used to establish coverage decisions or exclusions.",,https://s3.amazonaws.com/itriage/choosing_wisely/226.pdf
228,Diagnosis,539,"Dont recommend follow-up imaging for clinically inconsequential adnexal cysts. Simple cysts and hemorrhagic cysts in women of reproductive age are almost always physiologic. Small simple cysts in postmenopausal women are common, and clinically inconsequential. Ovarian cancer, while typically cystic, does not arise from these benign-appearing cysts. After a good quality ultrasound in women of reproductive age, dont recommend follow-up for a classic corpus luteum or simple cyst <5 cm in greatest diameter. Use 1 cm as a threshold for simple cysts in postmenopausal women. ","The American College of Radiology and the ABIM foundation joined forces to develop and distribute evidence based recommendations on when medical tests and procedures may be appropriate. Content was written to help physicians, patients and other health care stakeholders to think, to practice and partake in shared decision making to avoid unnecessary and at times harmful tests and procedures based on your condition or symptoms. Choosing Wisely recommendations should not be used to establish coverage decisions or exclusions.",,https://s3.amazonaws.com/itriage/choosing_wisely/.
230,Diagnosis,590,"Dont recommend follow-up imaging for clinically inconsequential adnexal cysts. Simple cysts and hemorrhagic cysts in women of reproductive age are almost always physiologic. Small simple cysts in postmenopausal women are common, and clinically inconsequential. Ovarian cancer, while typically cystic, does not arise from these benign-appearing cysts. After a good quality ultrasound in women of reproductive age, dont recommend follow-up for a classic corpus luteum or simple cyst <5 cm in greatest diameter. Use 1 cm as a threshold for simple cysts in postmenopausal women. ","The American College of Radiology and the ABIM foundation joined forces to develop and distribute evidence based recommendations on when medical tests and procedures may be appropriate. Content was written to help physicians, patients and other health care stakeholders to think, to practice and partake in shared decision making to avoid unnecessary and at times harmful tests and procedures based on your condition or symptoms. Choosing Wisely recommendations should not be used to establish coverage decisions or exclusions.",,https://s3.amazonaws.com/itriage/choosing_wisely/.
232,Procedure,43,"Dont perform preoperative medical tests for eye surgery unless there are specific medical indications. For many, preoperative tests are not necessary because eye surgeries are not lengthy and dont pose serious risks. An EKG should be ordered if patients have heart disease. A blood glucose test should be ordered if patients have diabetes. A potassium test should be ordered if patients are on diuretics. In general, patients scheduled for surgery do not need medical tests unless the history or physical examination indicate the need for a test, e.g., the existence of conditions noted above. Institutional policies should consider these issues.","The American Academy of Ophthalmology and the ABIM foundation joined forces to develop and distribute evidence based recommendations on when medical tests and procedures may be appropriate. Content was written to help physicians, patients and other health care stakeholders to think, to practice and partake in shared decision making to avoid unnecessary and at times harmful tests and procedures based on your condition or symptoms. Choosing Wisely recommendations should not be used to establish coverage decisions or exclusions.",30,https://s3.amazonaws.com/itriage/choosing_wisely/.
234,Procedure,215,"Dont perform preoperative medical tests for eye surgery unless there are specific medical indications. For many, preoperative tests are not necessary because eye surgeries are not lengthy and dont pose serious risks. An EKG should be ordered if patients have heart disease. A blood glucose test should be ordered if patients have diabetes. A potassium test should be ordered if patients are on diuretics. In general, patients scheduled for surgery do not need medical tests unless the history or physical examination indicate the need for a test, e.g., the existence of conditions noted above. Institutional policies should consider these issues.","The American Academy of Ophthalmology and the ABIM foundation joined forces to develop and distribute evidence based recommendations on when medical tests and procedures may be appropriate. Content was written to help physicians, patients and other health care stakeholders to think, to practice and partake in shared decision making to avoid unnecessary and at times harmful tests and procedures based on your condition or symptoms. Choosing Wisely recommendations should not be used to establish coverage decisions or exclusions.",30,https://s3.amazonaws.com/itriage/choosing_wisely/.
236,Diagnosis,186,"Dont order antibiotics for adenoviral conjunctivitis (pink eye). Adenoviral conjunctivitis and bacterial conjunctivitis are different forms of infection that can be diagnosed by the ophthalmologist by clinical signs and symptoms, and if needed, by cultures. Antibiotics are useful for patients with bacterial conjunctivitis, particularly those with moderate to severe bacterial conjunctivitis. However, they are not useful for adenoviral conjunctivitis, and the overuse of antibiotics can lead to the emergence of bacteria that dont respond readily to available treatments. In cases of diagnostic uncertainty, patients may be followed closely to see if their
condition resolves on its own, or if further treatment is required.","The American Academy of Ophthalmology and the ABIM foundation joined forces to develop and distribute evidence based recommendations on when medical tests and procedures may be appropriate. Content was written to help physicians, patients and other health care stakeholders to think, to practice and partake in shared decision making to avoid unnecessary and at times harmful tests and procedures based on your condition or symptoms. Choosing Wisely recommendations should not be used to establish coverage decisions or exclusions.",30,https://s3.amazonaws.com/itriage/choosing_wisely/.
238,Diagnosis,17,"Dont order antibiotics for adenoviral conjunctivitis (pink eye). Adenoviral conjunctivitis and bacterial conjunctivitis are different forms of infection that can be diagnosed by the ophthalmologist by clinical signs and symptoms, and if needed, by cultures. Antibiotics are useful for patients with bacterial conjunctivitis, particularly those with moderate to severe bacterial conjunctivitis. However, they are not useful for adenoviral conjunctivitis, and the overuse of antibiotics can lead to the emergence of bacteria that dont respond readily to available treatments. In cases of diagnostic uncertainty, patients may be followed closely to see if their
condition resolves on its own, or if further treatment is required.","The American Academy of Ophthalmology and the ABIM foundation joined forces to develop and distribute evidence based recommendations on when medical tests and procedures may be appropriate. Content was written to help physicians, patients and other health care stakeholders to think, to practice and partake in shared decision making to avoid unnecessary and at times harmful tests and procedures based on your condition or symptoms. Choosing Wisely recommendations should not be used to establish coverage decisions or exclusions.",30,https://s3.amazonaws.com/itriage/choosing_wisely/238.pdf
240,Diagnosis,1102,"Dont routinely provide antibiotics before or after intravitreal injections. The routine use of antibiotics before or after intravitreal injections is unnecessary because research has shown that topical antibiotics dont prevent
the occurrence of eye infection. The risks of antibiotic eye drops include allergic reactions. The overuse and repeated exposure to antibiotics can lead to the emergence of bacteria that dont respond readily to available treatments. Routine antisepsis is appropriate and important for prevention of eye infection. ","The American Academy of Ophthalmology and the ABIM foundation joined forces to develop and distribute evidence based recommendations on when medical tests and procedures may be appropriate. Content was written to help physicians, patients and other health care stakeholders to think, to practice and partake in shared decision making to avoid unnecessary and at times harmful tests and procedures based on your condition or symptoms. Choosing Wisely recommendations should not be used to establish coverage decisions or exclusions.",30,https://s3.amazonaws.com/itriage/choosing_wisely/.
242,Diagnosis,1108,"Dont routinely provide antibiotics before or after intravitreal injections. The routine use of antibiotics before or after intravitreal injections is unnecessary because research has shown that topical antibiotics dont prevent
the occurrence of eye infection. The risks of antibiotic eye drops include allergic reactions. The overuse and repeated exposure to antibiotics can lead to the emergence of bacteria that dont respond readily to available treatments. Routine antisepsis is appropriate and important for prevention of eye infection. ","The American Academy of Ophthalmology and the ABIM foundation joined forces to develop and distribute evidence based recommendations on when medical tests and procedures may be appropriate. Content was written to help physicians, patients and other health care stakeholders to think, to practice and partake in shared decision making to avoid unnecessary and at times harmful tests and procedures based on your condition or symptoms. Choosing Wisely recommendations should not be used to establish coverage decisions or exclusions.",30,https://s3.amazonaws.com/itriage/choosing_wisely/.
244,Diagnosis,1159,"Dont routinely provide antibiotics before or after intravitreal injections. The routine use of antibiotics before or after intravitreal injections is unnecessary because research has shown that topical antibiotics dont prevent
the occurrence of eye infection. The risks of antibiotic eye drops include allergic reactions. The overuse and repeated exposure to antibiotics can lead to the emergence of bacteria that dont respond readily to available treatments. Routine antisepsis is appropriate and important for prevention of eye infection. ","The American Academy of Ophthalmology and the ABIM foundation joined forces to develop and distribute evidence based recommendations on when medical tests and procedures may be appropriate. Content was written to help physicians, patients and other health care stakeholders to think, to practice and partake in shared decision making to avoid unnecessary and at times harmful tests and procedures based on your condition or symptoms. Choosing Wisely recommendations should not be used to establish coverage decisions or exclusions.",30,https://s3.amazonaws.com/itriage/choosing_wisely/.
246,Diagnosis,1150,"Dont place punctal plugs for mild dry eye before trying other medical treatments. Medical treatments to address dry eye are available, such as artificial tears, lubrication and hot, moist compresses. These medical methods, as well as ways to modify the environment, should be tried first to improve dry eye and normalize the tear film before using punctal plugs. If the patients tear film and eyelids have been treated and dry eye symptoms persist, then punctal plugs can be added.","The American Academy of Ophthalmology and the ABIM foundation joined forces to develop and distribute evidence based recommendations on when medical tests and procedures may be appropriate. Content was written to help physicians, patients and other health care stakeholders to think, to practice and partake in shared decision making to avoid unnecessary and at times harmful tests and procedures based on your condition or symptoms. Choosing Wisely recommendations should not be used to establish coverage decisions or exclusions.",30,https://s3.amazonaws.com/itriage/choosing_wisely/.
252,Diagnosis,309,"For pharmacological treatment of patients with gastroesophageal reflux disease (GERD), long-term acid suppression therapy (proton pump inhibitors or histamine2 receptor antagonists) should be titrated to the lowest effective dose needed to achieve therapeutic goals.  The main identifiable risk associated with reducing or discontinuing acid suppression therapy is an increased symptom burden. It follows that the decision regarding the need for (and dosage of) maintenance therapy is driven by the impact of those residual symptoms on the patients quality of life rather than as a disease control measure.","The American Gastroenterological Association and the ABIM foundation joined forces to develop and distribute evidence based recommendations on when medical tests and procedures may be appropriate. Content was written to help physicians, patients and other health care stakeholders to think, to practice and partake in shared decision making to avoid unnecessary and at times harmful tests and procedures based on your condition or symptoms. Choosing Wisely recommendations should not be used to establish coverage decisions or exclusions.",28,https://s3.amazonaws.com/itriage/choosing_wisely/252.pdf
254,Diagnosis,306,"For pharmacological treatment of patients with gastroesophageal reflux disease (GERD), long-term acid suppression therapy (proton pump inhibitors or histamine2 receptor antagonists) should be titrated to the lowest effective dose needed to achieve therapeutic goals.  The main identifiable risk associated with reducing or discontinuing acid suppression therapy is an increased symptom burden. It follows that the decision regarding the need for (and dosage of) maintenance therapy is driven by the impact of those residual symptoms on the patients quality of life rather than as a disease control measure.","The American Gastroenterological Association and the ABIM foundation joined forces to develop and distribute evidence based recommendations on when medical tests and procedures may be appropriate. Content was written to help physicians, patients and other health care stakeholders to think, to practice and partake in shared decision making to avoid unnecessary and at times harmful tests and procedures based on your condition or symptoms. Choosing Wisely recommendations should not be used to establish coverage decisions or exclusions.",28,https://s3.amazonaws.com/itriage/choosing_wisely/254.pdf
256,Diagnosis,265,"For pharmacological treatment of patients with gastroesophageal reflux disease (GERD), long-term acid suppression therapy (proton pump inhibitors or histamine2 receptor antagonists) should be titrated to the lowest effective dose needed to achieve therapeutic goals.  The main identifiable risk associated with reducing or discontinuing acid suppression therapy is an increased symptom burden. It follows that the decision regarding the need for (and dosage of) maintenance therapy is driven by the impact of those residual symptoms on the patients quality of life rather than as a disease control measure.","The American Gastroenterological Association and the ABIM foundation joined forces to develop and distribute evidence based recommendations on when medical tests and procedures may be appropriate. Content was written to help physicians, patients and other health care stakeholders to think, to practice and partake in shared decision making to avoid unnecessary and at times harmful tests and procedures based on your condition or symptoms. Choosing Wisely recommendations should not be used to establish coverage decisions or exclusions.",28,https://s3.amazonaws.com/itriage/choosing_wisely/.
258,Diagnosis,1171,"For pharmacological treatment of patients with gastroesophageal reflux disease (GERD), long-term acid suppression therapy (proton pump inhibitors or histamine2 receptor antagonists) should be titrated to the lowest effective dose needed to achieve therapeutic goals.  The main identifiable risk associated with reducing or discontinuing acid suppression therapy is an increased symptom burden. It follows that the decision regarding the need for (and dosage of) maintenance therapy is driven by the impact of those residual symptoms on the patients quality of life rather than as a disease control measure.","The American Gastroenterological Association and the ABIM foundation joined forces to develop and distribute evidence based recommendations on when medical tests and procedures may be appropriate. Content was written to help physicians, patients and other health care stakeholders to think, to practice and partake in shared decision making to avoid unnecessary and at times harmful tests and procedures based on your condition or symptoms. Choosing Wisely recommendations should not be used to establish coverage decisions or exclusions.",28,https://s3.amazonaws.com/itriage/choosing_wisely/258.pdf
260,Diagnosis,307,"For pharmacological treatment of patients with gastroesophageal reflux disease (GERD), long-term acid suppression therapy (proton pump inhibitors or histamine2 receptor antagonists) should be titrated to the lowest effective dose needed to achieve therapeutic goals.  The main identifiable risk associated with reducing or discontinuing acid suppression therapy is an increased symptom burden. It follows that the decision regarding the need for (and dosage of) maintenance therapy is driven by the impact of those residual symptoms on the patients quality of life rather than as a disease control measure.","The American Gastroenterological Association and the ABIM foundation joined forces to develop and distribute evidence based recommendations on when medical tests and procedures may be appropriate. Content was written to help physicians, patients and other health care stakeholders to think, to practice and partake in shared decision making to avoid unnecessary and at times harmful tests and procedures based on your condition or symptoms. Choosing Wisely recommendations should not be used to establish coverage decisions or exclusions.",28,https://s3.amazonaws.com/itriage/choosing_wisely/.
262,Diagnosis,310,"For pharmacological treatment of patients with gastroesophageal reflux disease (GERD), long-term acid suppression therapy (proton pump inhibitors or histamine2 receptor antagonists) should be titrated to the lowest effective dose needed to achieve therapeutic goals.  The main identifiable risk associated with reducing or discontinuing acid suppression therapy is an increased symptom burden. It follows that the decision regarding the need for (and dosage of) maintenance therapy is driven by the impact of those residual symptoms on the patients quality of life rather than as a disease control measure.","The American Gastroenterological Association and the ABIM foundation joined forces to develop and distribute evidence based recommendations on when medical tests and procedures may be appropriate. Content was written to help physicians, patients and other health care stakeholders to think, to practice and partake in shared decision making to avoid unnecessary and at times harmful tests and procedures based on your condition or symptoms. Choosing Wisely recommendations should not be used to establish coverage decisions or exclusions.",28,https://s3.amazonaws.com/itriage/choosing_wisely/.
264,Diagnosis,1046,"For pharmacological treatment of patients with gastroesophageal reflux disease (GERD), long-term acid suppression therapy (proton pump inhibitors or histamine2 receptor antagonists) should be titrated to the lowest effective dose needed to achieve therapeutic goals.  The main identifiable risk associated with reducing or discontinuing acid suppression therapy is an increased symptom burden. It follows that the decision regarding the need for (and dosage of) maintenance therapy is driven by the impact of those residual symptoms on the patients quality of life rather than as a disease control measure.","The American Gastroenterological Association and the ABIM foundation joined forces to develop and distribute evidence based recommendations on when medical tests and procedures may be appropriate. Content was written to help physicians, patients and other health care stakeholders to think, to practice and partake in shared decision making to avoid unnecessary and at times harmful tests and procedures based on your condition or symptoms. Choosing Wisely recommendations should not be used to establish coverage decisions or exclusions.",28,https://s3.amazonaws.com/itriage/choosing_wisely/.
266,Diagnosis,975,"For pharmacological treatment of patients with gastroesophageal reflux disease (GERD), long-term acid suppression therapy (proton pump inhibitors or histamine2 receptor antagonists) should be titrated to the lowest effective dose needed to achieve therapeutic goals.  The main identifiable risk associated with reducing or discontinuing acid suppression therapy is an increased symptom burden. It follows that the decision regarding the need for (and dosage of) maintenance therapy is driven by the impact of those residual symptoms on the patients quality of life rather than as a disease control measure.","The American Gastroenterological Association and the ABIM foundation joined forces to develop and distribute evidence based recommendations on when medical tests and procedures may be appropriate. Content was written to help physicians, patients and other health care stakeholders to think, to practice and partake in shared decision making to avoid unnecessary and at times harmful tests and procedures based on your condition or symptoms. Choosing Wisely recommendations should not be used to establish coverage decisions or exclusions.",28,https://s3.amazonaws.com/itriage/choosing_wisely/.
270,Diagnosis,354,"For pharmacological treatment of patients with gastroesophageal reflux disease (GERD), long-term acid suppression therapy (proton pump inhibitors or histamine2 receptor antagonists) should be titrated to the lowest effective dose needed to achieve therapeutic goals.  The main identifiable risk associated with reducing or discontinuing acid suppression therapy is an increased symptom burden. It follows that the decision regarding the need for (and dosage of) maintenance therapy is driven by the impact of those residual symptoms on the patients quality of life rather than as a disease control measure.","The American Gastroenterological Association and the ABIM foundation joined forces to develop and distribute evidence based recommendations on when medical tests and procedures may be appropriate. Content was written to help physicians, patients and other health care stakeholders to think, to practice and partake in shared decision making to avoid unnecessary and at times harmful tests and procedures based on your condition or symptoms. Choosing Wisely recommendations should not be used to establish coverage decisions or exclusions.",28,https://s3.amazonaws.com/itriage/choosing_wisely/.
272,Procedure,652,"For pharmacological treatment of patients with gastroesophageal reflux disease (GERD), long-term acid suppression therapy (proton pump inhibitors or histamine2 receptor antagonists) should be titrated to the lowest effective dose needed to achieve therapeutic goals.  The main identifiable risk associated with reducing or discontinuing acid suppression therapy is an increased symptom burden. It follows that the decision regarding the need for (and dosage of) maintenance therapy is driven by the impact of those residual symptoms on the patients quality of life rather than as a disease control measure.","The American Gastroenterological Association and the ABIM foundation joined forces to develop and distribute evidence based recommendations on when medical tests and procedures may be appropriate. Content was written to help physicians, patients and other health care stakeholders to think, to practice and partake in shared decision making to avoid unnecessary and at times harmful tests and procedures based on your condition or symptoms. Choosing Wisely recommendations should not be used to establish coverage decisions or exclusions.",28,https://s3.amazonaws.com/itriage/choosing_wisely/272.pdf
274,Procedure,654,"For pharmacological treatment of patients with gastroesophageal reflux disease (GERD), long-term acid suppression therapy (proton pump inhibitors or histamine2 receptor antagonists) should be titrated to the lowest effective dose needed to achieve therapeutic goals.  The main identifiable risk associated with reducing or discontinuing acid suppression therapy is an increased symptom burden. It follows that the decision regarding the need for (and dosage of) maintenance therapy is driven by the impact of those residual symptoms on the patients quality of life rather than as a disease control measure.","The American Gastroenterological Association and the ABIM foundation joined forces to develop and distribute evidence based recommendations on when medical tests and procedures may be appropriate. Content was written to help physicians, patients and other health care stakeholders to think, to practice and partake in shared decision making to avoid unnecessary and at times harmful tests and procedures based on your condition or symptoms. Choosing Wisely recommendations should not be used to establish coverage decisions or exclusions.",28,https://s3.amazonaws.com/itriage/choosing_wisely/274.pdf
276,Diagnosis,180,"Do not repeat colorectal cancer screening (by any method) for 10 years after a high-quality colonoscopy is negative in average-risk individuals. A screening colonoscopy every 10 years is the recommended interval for adults without increased risk for colorectal cancer, beginning at age 50 years. Published studies indicate the risk of cancer is low for 10 years after a high-quality colonoscopy fails to detect neoplasia in this population.  Therefore, following a high-quality colonoscopy with normal results the next interval for any colorectal screening should be 10 years following that normal colonoscopy.","The American Gastroenterological Association and the ABIM foundation joined forces to develop and distribute evidence based recommendations on when medical tests and procedures may be appropriate. Content was written to help physicians, patients and other health care stakeholders to think, to practice and partake in shared decision making to avoid unnecessary and at times harmful tests and procedures based on your condition or symptoms. Choosing Wisely recommendations should not be used to establish coverage decisions or exclusions.",28,https://s3.amazonaws.com/itriage/choosing_wisely/.
278,Procedure,57,"Do not repeat colorectal cancer screening (by any method) for 10 years after a high-quality colonoscopy is negative in average-risk individuals. A screening colonoscopy every 10 years is the recommended interval for adults without increased risk for colorectal cancer, beginning at age 50 years. Published studies indicate the risk of cancer is low for 10 years after a high-quality colonoscopy fails to detect neoplasia in this population.  Therefore, following a high-quality colonoscopy with normal results the next interval for any colorectal screening should be 10 years following that normal colonoscopy.","The American Gastroenterological Association and the ABIM foundation joined forces to develop and distribute evidence based recommendations on when medical tests and procedures may be appropriate. Content was written to help physicians, patients and other health care stakeholders to think, to practice and partake in shared decision making to avoid unnecessary and at times harmful tests and procedures based on your condition or symptoms. Choosing Wisely recommendations should not be used to establish coverage decisions or exclusions.",28,https://s3.amazonaws.com/itriage/choosing_wisely/278.pdf
280,Diagnosis,1049,"Do not repeat colonoscopy for at least five years for patients who have one or two small (< 1 cm) adenomatous polyps, without high grade dysplasia, completely removed via a high-quality colonoscopy. The timing of a follow-up surveillance colonoscopy should be determined based on the results of a previous high-quality colonoscopy. Evidence based (published) guidelines provide recommendations that patients with one or two small tubular adenomas with low grade dysplasia have surveillance colonoscopy five to 10 years after initial polypectomy. The precise timing within this interval should be based on other clinical factors (such as prior colonoscopy findings, family history, and the preferences of the patient and judgment of the physician).","The American Gastroenterological Association and the ABIM foundation joined forces to develop and distribute evidence based recommendations on when medical tests and procedures may be appropriate. Content was written to help physicians, patients and other health care stakeholders to think, to practice and partake in shared decision making to avoid unnecessary and at times harmful tests and procedures based on your condition or symptoms. Choosing Wisely recommendations should not be used to establish coverage decisions or exclusions.",28,https://s3.amazonaws.com/itriage/choosing_wisely/.
282,Diagnosis,991,"Do not repeat colonoscopy for at least five years for patients who have one or two small (< 1 cm) adenomatous polyps, without high grade dysplasia, completely removed via a high-quality colonoscopy. The timing of a follow-up surveillance colonoscopy should be determined based on the results of a previous high-quality colonoscopy. Evidence based (published) guidelines provide recommendations that patients with one or two small tubular adenomas with low grade dysplasia have surveillance colonoscopy five to 10 years after initial polypectomy. The precise timing within this interval should be based on other clinical factors (such as prior colonoscopy findings, family history, and the preferences of the patient and judgment of the physician).","The American Gastroenterological Association and the ABIM foundation joined forces to develop and distribute evidence based recommendations on when medical tests and procedures may be appropriate. Content was written to help physicians, patients and other health care stakeholders to think, to practice and partake in shared decision making to avoid unnecessary and at times harmful tests and procedures based on your condition or symptoms. Choosing Wisely recommendations should not be used to establish coverage decisions or exclusions.",28,https://s3.amazonaws.com/itriage/choosing_wisely/.
284,Diagnosis,179,"Do not repeat colonoscopy for at least five years for patients who have one or two small (< 1 cm) adenomatous polyps, without high grade dysplasia, completely removed via a high-quality colonoscopy. The timing of a follow-up surveillance colonoscopy should be determined based on the results of a previous high-quality colonoscopy. Evidence based (published) guidelines provide recommendations that patients with one or two small tubular adenomas with low grade dysplasia have surveillance colonoscopy five to 10 years after initial polypectomy. The precise timing within this interval should be based on other clinical factors (such as prior colonoscopy findings, family history, and the preferences of the patient and judgment of the physician).","The American Gastroenterological Association and the ABIM foundation joined forces to develop and distribute evidence based recommendations on when medical tests and procedures may be appropriate. Content was written to help physicians, patients and other health care stakeholders to think, to practice and partake in shared decision making to avoid unnecessary and at times harmful tests and procedures based on your condition or symptoms. Choosing Wisely recommendations should not be used to establish coverage decisions or exclusions.",28,https://s3.amazonaws.com/itriage/choosing_wisely/.
286,Diagnosis,788,"Do not repeat colonoscopy for at least five years for patients who have one or two small (< 1 cm) adenomatous polyps, without high grade dysplasia, completely removed via a high-quality colonoscopy. The timing of a follow-up surveillance colonoscopy should be determined based on the results of a previous high-quality colonoscopy. Evidence based (published) guidelines provide recommendations that patients with one or two small tubular adenomas with low grade dysplasia have surveillance colonoscopy five to 10 years after initial polypectomy. The precise timing within this interval should be based on other clinical factors (such as prior colonoscopy findings, family history, and the preferences of the patient and judgment of the physician).","The American Gastroenterological Association and the ABIM foundation joined forces to develop and distribute evidence based recommendations on when medical tests and procedures may be appropriate. Content was written to help physicians, patients and other health care stakeholders to think, to practice and partake in shared decision making to avoid unnecessary and at times harmful tests and procedures based on your condition or symptoms. Choosing Wisely recommendations should not be used to establish coverage decisions or exclusions.",28,https://s3.amazonaws.com/itriage/choosing_wisely/.
288,Diagnosis,178,"Do not repeat colonoscopy for at least five years for patients who have one or two small (< 1 cm) adenomatous polyps, without high grade dysplasia, completely removed via a high-quality colonoscopy. The timing of a follow-up surveillance colonoscopy should be determined based on the results of a previous high-quality colonoscopy. Evidence based (published) guidelines provide recommendations that patients with one or two small tubular adenomas with low grade dysplasia have surveillance colonoscopy five to 10 years after initial polypectomy. The precise timing within this interval should be based on other clinical factors (such as prior colonoscopy findings, family history, and the preferences of the patient and judgment of the physician).","The American Gastroenterological Association and the ABIM foundation joined forces to develop and distribute evidence based recommendations on when medical tests and procedures may be appropriate. Content was written to help physicians, patients and other health care stakeholders to think, to practice and partake in shared decision making to avoid unnecessary and at times harmful tests and procedures based on your condition or symptoms. Choosing Wisely recommendations should not be used to establish coverage decisions or exclusions.",28,https://s3.amazonaws.com/itriage/choosing_wisely/.
290,Diagnosis,197,"Do not repeat colonoscopy for at least five years for patients who have one or two small (< 1 cm) adenomatous polyps, without high grade dysplasia, completely removed via a high-quality colonoscopy. The timing of a follow-up surveillance colonoscopy should be determined based on the results of a previous high-quality colonoscopy. Evidence based (published) guidelines provide recommendations that patients with one or two small tubular adenomas with low grade dysplasia have surveillance colonoscopy five to 10 years after initial polypectomy. The precise timing within this interval should be based on other clinical factors (such as prior colonoscopy findings, family history, and the preferences of the patient and judgment of the physician).","The American Gastroenterological Association and the ABIM foundation joined forces to develop and distribute evidence based recommendations on when medical tests and procedures may be appropriate. Content was written to help physicians, patients and other health care stakeholders to think, to practice and partake in shared decision making to avoid unnecessary and at times harmful tests and procedures based on your condition or symptoms. Choosing Wisely recommendations should not be used to establish coverage decisions or exclusions.",28,https://s3.amazonaws.com/itriage/choosing_wisely/.
292,Diagnosis,385,"Do not repeat colonoscopy for at least five years for patients who have one or two small (< 1 cm) adenomatous polyps, without high grade dysplasia, completely removed via a high-quality colonoscopy. The timing of a follow-up surveillance colonoscopy should be determined based on the results of a previous high-quality colonoscopy. Evidence based (published) guidelines provide recommendations that patients with one or two small tubular adenomas with low grade dysplasia have surveillance colonoscopy five to 10 years after initial polypectomy. The precise timing within this interval should be based on other clinical factors (such as prior colonoscopy findings, family history, and the preferences of the patient and judgment of the physician).","The American Gastroenterological Association and the ABIM foundation joined forces to develop and distribute evidence based recommendations on when medical tests and procedures may be appropriate. Content was written to help physicians, patients and other health care stakeholders to think, to practice and partake in shared decision making to avoid unnecessary and at times harmful tests and procedures based on your condition or symptoms. Choosing Wisely recommendations should not be used to establish coverage decisions or exclusions.",28,https://s3.amazonaws.com/itriage/choosing_wisely/.
294,Procedure,300,"Do not repeat colonoscopy for at least five years for patients who have one or two small (< 1 cm) adenomatous polyps, without high grade dysplasia, completely removed via a high-quality colonoscopy. The timing of a follow-up surveillance colonoscopy should be determined based on the results of a previous high-quality colonoscopy. Evidence based (published) guidelines provide recommendations that patients with one or two small tubular adenomas with low grade dysplasia have surveillance colonoscopy five to 10 years after initial polypectomy. The precise timing within this interval should be based on other clinical factors (such as prior colonoscopy findings, family history, and the preferences of the patient and judgment of the physician).","The American Gastroenterological Association and the ABIM foundation joined forces to develop and distribute evidence based recommendations on when medical tests and procedures may be appropriate. Content was written to help physicians, patients and other health care stakeholders to think, to practice and partake in shared decision making to avoid unnecessary and at times harmful tests and procedures based on your condition or symptoms. Choosing Wisely recommendations should not be used to establish coverage decisions or exclusions.",28,https://s3.amazonaws.com/itriage/choosing_wisely/294.pdf
296,Diagnosis,80,"For a patient who is diagnosed with Barretts esophagus, who has undergone a second endoscopy that confirms the absence of dysplasia on biopsy, a follow-up surveillance examination should not be performed in less than three years as per published guidelines.  In patients with Barretts esophagus without dysplasia (cellular changes) the risk of cancer is very low. In these patients, it is appropriate and safe to exam the esophagus and check for dysplasia no more often than every three years because if these cellular changes occur, they do so very slowly.","The American Gastroenterological Association and the ABIM foundation joined forces to develop and distribute evidence based recommendations on when medical tests and procedures may be appropriate. Content was written to help physicians, patients and other health care stakeholders to think, to practice and partake in shared decision making to avoid unnecessary and at times harmful tests and procedures based on your condition or symptoms. Choosing Wisely recommendations should not be used to establish coverage decisions or exclusions.",28,https://s3.amazonaws.com/itriage/choosing_wisely/.
298,Procedure,97,"For a patient who is diagnosed with Barretts esophagus, who has undergone a second endoscopy that confirms the absence of dysplasia on biopsy, a follow-up surveillance examination should not be performed in less than three years as per published guidelines.  In patients with Barretts esophagus without dysplasia (cellular changes) the risk of cancer is very low. In these patients, it is appropriate and safe to exam the esophagus and check for dysplasia no more often than every three years because if these cellular changes occur, they do so very slowly.","The American Gastroenterological Association and the ABIM foundation joined forces to develop and distribute evidence based recommendations on when medical tests and procedures may be appropriate. Content was written to help physicians, patients and other health care stakeholders to think, to practice and partake in shared decision making to avoid unnecessary and at times harmful tests and procedures based on your condition or symptoms. Choosing Wisely recommendations should not be used to establish coverage decisions or exclusions.",28,https://s3.amazonaws.com/itriage/choosing_wisely/298.pdf
300,Procedure,101,"For a patient who is diagnosed with Barretts esophagus, who has undergone a second endoscopy that confirms the absence of dysplasia on biopsy, a follow-up surveillance examination should not be performed in less than three years as per published guidelines.  In patients with Barretts esophagus without dysplasia (cellular changes) the risk of cancer is very low. In these patients, it is appropriate and safe to exam the esophagus and check for dysplasia no more often than every three years because if these cellular changes occur, they do so very slowly.","The American Gastroenterological Association and the ABIM foundation joined forces to develop and distribute evidence based recommendations on when medical tests and procedures may be appropriate. Content was written to help physicians, patients and other health care stakeholders to think, to practice and partake in shared decision making to avoid unnecessary and at times harmful tests and procedures based on your condition or symptoms. Choosing Wisely recommendations should not be used to establish coverage decisions or exclusions.",28,https://s3.amazonaws.com/itriage/choosing_wisely/300.pdf
326,Procedure,499,Don't use nuclear medicine thyroid scans to evaluate thyroid nodules in patients with normal thyroid gland function.  Nuclear medicine thyroid scanning does not conclusively determine whether thyroid nodules are benign or malignant.  Cold nodules on thyroid scans will still require biopsy.  Nuclear medicine thyroid scans are useful to evaluate the functional status of thyroid nodules in patients who are hyperthyroid.,"The Society of Nuclear Medicine and Molecular Imaging and the ABIM foundation joined forces to develop and distribute evidence based recommendations on when medical tests and procedures may be appropriate. Content was written to help physicians, patients and other health care stakeholders to think, to practice and partake in shared decision making to avoid unnecessary and at times harmful tests and procedures based on your condition or symptoms. Choosing Wisely recommendations should not be used to establish coverage decisions or exclusions.",32,https://s3.amazonaws.com/itriage/choosing_wisely/326.pdf
328,Procedure,459,"Avoid using a computed tomography angiogram to diagnose pulmonary embolism in young women with a normal chest radiograph; consider a radionuclide lung study (""V/Q study"") instead.  When the clinical question is whether or not pulmonary emboli are present, a V/Q study can provide the answer with lower overall radiation dose to the breast than can a CTA, even when performed with a breast shield. ","The Society of Nuclear Medicine and Molecular Imaging and the ABIM foundation joined forces to develop and distribute evidence based recommendations on when medical tests and procedures may be appropriate. Content was written to help physicians, patients and other health care stakeholders to think, to practice and partake in shared decision making to avoid unnecessary and at times harmful tests and procedures based on your condition or symptoms. Choosing Wisely recommendations should not be used to establish coverage decisions or exclusions.",32,https://s3.amazonaws.com/itriage/choosing_wisely/328.pdf
330,Diagnosis,1099,"Don't use PET imaging in the evaluation of patients with dementia unless the patient has been assessed by a specialist in this field.  Without objective evidence of dementia, the potential benefit of PET is unlikely to justify the cost of radiation risk.  Dementia subtypes have overlapping patterns in PET imaging.  Clinical evaluation and imaging often provide additive information and should be assessed together to make a reliable diagnosis and to plan care.  For Beta-amyloid PET imaging, it is not currently known what a positive PET result in a cognitively normal person means; this method is not established for an individual prediction.","The Society of Nuclear Medicine and Molecular Imaging and the ABIM foundation joined forces to develop and distribute evidence based recommendations on when medical tests and procedures may be appropriate. Content was written to help physicians, patients and other health care stakeholders to think, to practice and partake in shared decision making to avoid unnecessary and at times harmful tests and procedures based on your condition or symptoms. Choosing Wisely recommendations should not be used to establish coverage decisions or exclusions.",32,https://s3.amazonaws.com/itriage/choosing_wisely/330.pdf
340,Procedure,201,"Don't use PET imaging in the evaluation of patients with dementia unless the patient has been assessed by a specialist in this field.  Without objective evidence of dementia, the potential benefit of PET is unlikely to justify the cost of radiation risk.  Dementia subtypes have overlapping patterns in PET imaging.  Clinical evaluation and imaging often provide additive information and should be assessed together to make a reliable diagnosis and to plan care.  For Beta-amyloid PET imaging, it is not currently known what a positive PET result in a cognitively normal person means; this method is not established for an individual prediction.","The Society of Nuclear Medicine and Molecular Imaging and the ABIM foundation joined forces to develop and distribute evidence based recommendations on when medical tests and procedures may be appropriate. Content was written to help physicians, patients and other health care stakeholders to think, to practice and partake in shared decision making to avoid unnecessary and at times harmful tests and procedures based on your condition or symptoms. Choosing Wisely recommendations should not be used to establish coverage decisions or exclusions.",32,https://s3.amazonaws.com/itriage/choosing_wisely/340.pdf
342,Procedure,658,"Avoid using a computed tomography angiogram to diagnose pulmonary embolism in young women with a normal chest radiograph; consider a radionuclide lung study (""V/Q study"") instead.  When the clinical question is whether or not pulmonary emboli are present, a V/Q study can provide the answer with lower overall radiation dose to the breast than can a CTA, even when performed with a breast shield.","The Society of Nuclear Medicine and Molecular imaging and the ABIM foundation joined forces to develop and distribute evidence based recommendations on when medical tests and procedures may be appropriate. Content was written to help physicians, patients and other health care stakeholders to think, to practice and partake in shared decision making to avoid unnecessary and at times harmful tests and procedures based on your condition or symptoms. Choosing Wisely recommendations should not be used to establish coverage decisions or exclusions. ",32,https://s3.amazonaws.com/itriage/choosing_wisely/342.pdf
344,Diagnosis,126,"Don't use PET/CT for cancer screening in health individuals.  The likelihood of finding cancer in healthy adults is extremely low (around 1%), based on studies using PET/CT for screening.   Imaging without clear clinical indication is likely to identify harmless findings that lead to more tests, biopsy or unnecessary surgery. ","The Society of Nuclear Medicine and Molecular Imaging and the ABIM foundation joined forces to develop and distribute evidence based recommendations on when medical tests and procedures may be appropriate. Content was written to help physicians, patients and other health care stakeholders to think, to practice and partake in shared decision making to avoid unnecessary and at times harmful tests and procedures based on your condition or symptoms. Choosing Wisely recommendations should not be used to establish coverage decisions or exclusions.",32,https://s3.amazonaws.com/itriage/choosing_wisely/.
346,Diagnosis,551,"Don't use PET imaging in the evaluation of patients with dementia unless the patient has been assessed by a specialist in this field.  Without objective evidence of dementia, the potential benefit of PET is unlikely to justify the cost of radiation risk.  Dementia subtypes have overlapping patterns in PET imaging.  Clinical evaluation and imaging often provide additive information and should be assessed together to make a reliable diagnosis and to plan care.  For Beta-amyloid PET imaging, it is not currently known what a positive PET result in a cognitively normal person means; this method is not established for an individual prediction.","The Society of Nuclear Medicine and Molecular Imaging and the ABIM foundation joined forces to develop and distribute evidence based recommendations on when medical tests and procedures may be appropriate. Content was written to help physicians, patients and other health care stakeholders to think, to practice and partake in shared decision making to avoid unnecessary and at times harmful tests and procedures based on your condition or symptoms. Choosing Wisely recommendations should not be used to establish coverage decisions or exclusions.",32,https://s3.amazonaws.com/itriage/choosing_wisely/.
348,Diagnosis,184,"Avoid ordering a brain CT or brain MRI to evaluate an acute concussion unless there are progressive neurological symptoms, focal neurological findings on exam or there is concern for a skull fracture. Concussion is a clinical diagnosis. Concussion is not associated with clinically relevant abnormalities on standard neuroimaging with CT or MRI.
These studies should be ordered if more severe brain injury is suspected. CT is best utilized for skull fracture and intracranial bleeding, whereas
MRI may be ordered for prolonged symptoms, worsening symptoms or other suspected structural pathology.","The American Academy of Family Physicians and the ABIM foundation joined forces to develop and distribute evidence based recommendations on when medical tests and procedures may be appropriate. Content was written to help physicians, patients and other health care stakeholders to think, to practice and partake in shared decision making to avoid unnecessary and at times harmful tests and procedures based on your condition or symptoms. Choosing Wisely recommendations should not be used to establish coverage decisions or exclusions.",34,https://s3.amazonaws.com/itriage/choosing_wisely/.
350,Diagnosis,384,"Avoid ordering an abdominal ultrasound examination routinely in athletes with infectious mononucleosis. Splenic enlargement is common in patients with infectious mononucleosis. The spleen is at increased risk for splenic rupture in the first 34 weeks of infection. This has led many clinicians to utilize ultrasound to determine if splenic enlargement is present. However, because individual splenic diameters vary greatly, comparing splenic size to population norms is not a valid method to assess splenic enlargement.","The American Academy of Family Physicians and the ABIM foundation joined forces to develop and distribute evidence based recommendations on when medical tests and procedures may be appropriate. Content was written to help physicians, patients and other health care stakeholders to think, to practice and partake in shared decision making to avoid unnecessary and at times harmful tests and procedures based on your condition or symptoms. Choosing Wisely recommendations should not be used to establish coverage decisions or exclusions.",34,https://s3.amazonaws.com/itriage/choosing_wisely/.
352,Diagnosis,1011,"Dont prescribe oral contraceptive pills as initial treatment for patients with amenorrhea or menstrual dysfunction due to the female athlete triad (defined as low energy availability with or without disordered eating, menstrual dysfunction and low bone mineral density). The cause of female athlete triad is an imbalance between energy intake and energy expenditure that leads to menstrual dysfunction (abnormal or loss of periods) and low bone mineral density. Historically, some physicians have used oral contraceptive pills (OCPs) to regulate the menstrual cycle in this disorder. However, the underlying cause for the menstrual dysfunction is energy imbalance. Treatment includes increasing caloric intake and/or decreasing energy expenditure (exercise) to restore normal menses, which can take up to 12 months or longer. Additionally, OCPs do not increase bone density in females affected by the triad. By restoring menses, OCPs can mask energy imbalance and delay appropriate treatment. We recommend a multi-disciplinary approach to treatment that includes a physician, dietitian, mental health professional (when appropriate) and support from coaches, family members and friends.","The American Academy of Family Physicians and the ABIM foundation joined forces to develop and distribute evidence based recommendations on when medical tests and procedures may be appropriate. Content was written to help physicians, patients and other health care stakeholders to think, to practice and partake in shared decision making to avoid unnecessary and at times harmful tests and procedures based on your condition or symptoms. Choosing Wisely recommendations should not be used to establish coverage decisions or exclusions.",34,https://s3.amazonaws.com/itriage/choosing_wisely/.
354,Diagnosis,463,"Avoid recommending knee arthroscopy as initial management for patients with degenerative meniscal tears and no mechanical symptoms. Degenerative meniscal tears may respond to non-operative treatments such as exercise to improve muscle strength, endurance and flexibility. Other treatment options include mild analgesics, anti-inflammatory medication, activity modification or corticosteroid injection. If mechanical symptoms such as locking, painful clicking or recurrent swelling are present, or if pain relief is not obtained after a trial of non-operative treatment, arthroscopy may be warranted. If significant osteoarthritis is also present, other surgical options should be considered.","The American Academy of Family Physicians and the ABIM foundation joined forces to develop and distribute evidence based recommendations on when medical tests and procedures may be appropriate. Content was written to help physicians, patients and other health care stakeholders to think, to practice and partake in shared decision making to avoid unnecessary and at times harmful tests and procedures based on your condition or symptoms. Choosing Wisely recommendations should not be used to establish coverage decisions or exclusions.",34,https://s3.amazonaws.com/itriage/choosing_wisely/.
356,Procedure,568,"Avoid ordering a knee MRI for a patient with anterior knee pain without mechanical symptoms or effusion unless the patient has not improved following completion of an appropriate functional rehabilitation program. The most common cause of anterior knee pain is patellofemoral pain syndrome. Magnetic resonance imaging (MRI) is rarely helpful in managing this syndrome. Treatment should focus on a guided exercise program to correct lumbopelvic and lower limb strength and flexibility imbalances. If pain persists, if there is recurrent swelling or if mechanical symptoms such as locking and painful clicking are present, and radiographs are non-diagnostic, an MRI may be useful.","The American Academy of Family Physicians and the ABIM foundation joined forces to develop and distribute evidence based recommendations on when medical tests and procedures may be appropriate. Content was written to help physicians, patients and other health care stakeholders to think, to practice and partake in shared decision making to avoid unnecessary and at times harmful tests and procedures based on your condition or symptoms. Choosing Wisely recommendations should not be used to establish coverage decisions or exclusions.",34,https://s3.amazonaws.com/itriage/choosing_wisely/.
358,Procedure,535,"Avoid ordering a knee MRI for a patient with anterior knee pain without mechanical symptoms or effusion unless the patient has not improved following completion of an appropriate functional rehabilitation program. The most common cause of anterior knee pain is patellofemoral pain syndrome. Magnetic resonance imaging (MRI) is rarely helpful in managing this syndrome. Treatment should focus on a guided exercise program to correct lumbopelvic and lower limb strength and flexibility imbalances. If pain persists, if there is recurrent swelling or if mechanical symptoms such as locking and painful clicking are present, and radiographs are non-diagnostic, an MRI may be useful.","The American Academy of Family Physicians and the ABIM foundation joined forces to develop and distribute evidence based recommendations on when medical tests and procedures may be appropriate. Content was written to help physicians, patients and other health care stakeholders to think, to practice and partake in shared decision making to avoid unnecessary and at times harmful tests and procedures based on your condition or symptoms. Choosing Wisely recommendations should not be used to establish coverage decisions or exclusions.",34,https://s3.amazonaws.com/itriage/choosing_wisely/.
360,Diagnosis,1431,"Dont perform population based screening for 25-OH-Vitamin D deficiency. Vitamin D deficiency is common in many populations, particularly in patients at higher latitudes, during winter months and in those with limited sun exposure. Over the counter Vitamin D supplements and increased summer sun exposure are sufficient for most otherwise healthy patients. Laboratory testing is appropriate in higher risk patients when results will be used to institute more aggressive therapy (e.g., osteoporosis, chronic kidney disease, malabsorption, some infections, obese individuals).","The American Society for Clinical Pathology and the ABIM foundation joined forces to develop and distribute evidence based recommendations on when medical tests and procedures may be appropriate. Content was written to help physicians, patients and other health care stakeholders to think, to practice and partake in shared decision making to avoid unnecessary and at times harmful tests and procedures based on your condition or symptoms. Choosing Wisely recommendations should not be used to establish coverage decisions or exclusions.",36,https://s3.amazonaws.com/itriage/choosing_wisely/.
362,Diagnosis,971,"Dont perform low-risk HPV testing. National guidelines provide for HPV testing in patients with certain abnormal Pap smears and in other select clinical indications. The presence of high risk HPV leads to more frequent examination or more aggressive investigation (e.g., colposcopy and biopsy). There is no medical indication for low risk HPV testing (HPV types that cause genital warts or very minor cell changes on the cervix) because the infection is not associated with disease progression and there is no treatment or therapy change indicated when low risk HPV is identified.","The American Society for Clinical Pathology and the ABIM foundation joined forces to develop and distribute evidence based recommendations on when medical tests and procedures may be appropriate. Content was written to help physicians, patients and other health care stakeholders to think, to practice and partake in shared decision making to avoid unnecessary and at times harmful tests and procedures based on your condition or symptoms. Choosing Wisely recommendations should not be used to establish coverage decisions or exclusions.",36,https://s3.amazonaws.com/itriage/choosing_wisely/.
364,Diagnosis,314,"Dont perform low-risk HPV testing. National guidelines provide for HPV testing in patients with certain abnormal Pap smears and in other select clinical indications. The presence of high risk HPV leads to more frequent examination or more aggressive investigation (e.g., colposcopy and biopsy). There is no medical indication for low risk HPV testing (HPV types that cause genital warts or very minor cell changes on the cervix) because the infection is not associated with disease progression and there is no treatment or therapy change indicated when low risk HPV is identified.","The American Society for Clinical Pathology and the ABIM foundation joined forces to develop and distribute evidence based recommendations on when medical tests and procedures may be appropriate. Content was written to help physicians, patients and other health care stakeholders to think, to practice and partake in shared decision making to avoid unnecessary and at times harmful tests and procedures based on your condition or symptoms. Choosing Wisely recommendations should not be used to establish coverage decisions or exclusions.",36,https://s3.amazonaws.com/itriage/choosing_wisely/.
366,Diagnosis,1032,"Dont test for myoglobin or CK-MB in the diagnosis of acute myocardial infarction (AMI). Instead, use troponin I or T. Unlike CK-MB and myoglobin, the release of troponin I or T is specific to cardiac injury. Troponin is released before CK-MB and appears in the blood as early as, if not earlier than, myoglobin after AMI. Approximately 30% of patients experiencing chest discomfort at rest with a normal CK-MB will be diagnosed with AMI when evaluated using troponins. Single-point troponin measurements equate to infarct size for the determination of the AMI severity. Accordingly, there is much support for relying solely on troponin and discontinuing the use of CK-MB and other markers.","The American Society for Clinical Pathology and the ABIM foundation joined forces to develop and distribute evidence based recommendations on when medical tests and procedures may be appropriate. Content was written to help physicians, patients and other health care stakeholders to think, to practice and partake in shared decision making to avoid unnecessary and at times harmful tests and procedures based on your condition or symptoms. Choosing Wisely recommendations should not be used to establish coverage decisions or exclusions.",36,https://s3.amazonaws.com/itriage/choosing_wisely/.
378,Procedure,362,"Dont test for myoglobin or CK-MB in the diagnosis of acute myocardial infarction (AMI). Instead, use troponin I or T. Unlike CK-MB and myoglobin, the release of troponin I or T is specific to cardiac injury. Troponin is released before CK-MB and appears in the blood as early as, if not earlier than, myoglobin after AMI. Approximately 30% of patients experiencing chest discomfort at rest with a normal CK-MB will be diagnosed with AMI when evaluated using troponins. Single-point troponin measurements equate to infarct size for the determination of the AMI severity. Accordingly, there is much support for relying solely on troponin and discontinuing the use of CK-MB and other markers.","The American Society for Clinical Pathology and the ABIM foundation joined forces to develop and distribute evidence based recommendations on when medical tests and procedures may be appropriate. Content was written to help physicians, patients and other health care stakeholders to think, to practice and partake in shared decision making to avoid unnecessary and at times harmful tests and procedures based on your condition or symptoms. Choosing Wisely recommendations should not be used to establish coverage decisions or exclusions.",36,https://s3.amazonaws.com/itriage/choosing_wisely/378.pdf
380,Diagnosis,377,"Dont order multiple tests in the initial evaluation of a patient with suspected thyroid disease. Order thyroid-stimulating hormone (TSH), and if abnormal, follow up with additional evaluation or treatment depending on the findings. The TSH test can detect subclinical thyroid disease in patients without symptoms of thyroid dysfunction. A TSH value within the reference interval excludes the majority of cases of primary overt thyroid disease. If the TSH is abnormal, confirm the diagnosis with free thyroxine (T4).","The American Society for Clinical Pathology and the ABIM foundation joined forces to develop and distribute evidence based recommendations on when medical tests and procedures may be appropriate. Content was written to help physicians, patients and other health care stakeholders to think, to practice and partake in shared decision making to avoid unnecessary and at times harmful tests and procedures based on your condition or symptoms. Choosing Wisely recommendations should not be used to establish coverage decisions or exclusions.",36,https://s3.amazonaws.com/itriage/choosing_wisely/.
382,Diagnosis,367,"Dont order multiple tests in the initial evaluation of a patient with suspected thyroid disease. Order thyroid-stimulating hormone (TSH), and if abnormal, follow up with additional evaluation or treatment depending on the findings. The TSH test can detect subclinical thyroid disease in patients without symptoms of thyroid dysfunction. A TSH value within the reference interval excludes the majority of cases of primary overt thyroid disease. If the TSH is abnormal, confirm the diagnosis with free thyroxine (T4).","The American Society for Clinical Pathology and the ABIM foundation joined forces to develop and distribute evidence based recommendations on when medical tests and procedures may be appropriate. Content was written to help physicians, patients and other health care stakeholders to think, to practice and partake in shared decision making to avoid unnecessary and at times harmful tests and procedures based on your condition or symptoms. Choosing Wisely recommendations should not be used to establish coverage decisions or exclusions.",36,https://s3.amazonaws.com/itriage/choosing_wisely/.
384,Diagnosis,992,"Dont order multiple tests in the initial evaluation of a patient with suspected thyroid disease. Order thyroid-stimulating hormone (TSH), and if abnormal, follow up with additional evaluation or treatment depending on the findings. The TSH test can detect subclinical thyroid disease in patients without symptoms of thyroid dysfunction. A TSH value within the reference interval excludes the majority of cases of primary overt thyroid disease. If the TSH is abnormal, confirm the diagnosis with free thyroxine (T4).","The American Society for Clinical Pathology and the ABIM foundation joined forces to develop and distribute evidence based recommendations on when medical tests and procedures may be appropriate. Content was written to help physicians, patients and other health care stakeholders to think, to practice and partake in shared decision making to avoid unnecessary and at times harmful tests and procedures based on your condition or symptoms. Choosing Wisely recommendations should not be used to establish coverage decisions or exclusions.",36,https://s3.amazonaws.com/itriage/choosing_wisely/.
386,Procedure,286,"Dont use bleeding time test to guide patient care. The bleeding time test is an older assay that has been replaced by alternative coagulation tests. The relationship between the bleeding time test and the risk of a patients actually bleeding has not been established. Further, the test leaves a scar on the forearm. There are other reliable tests of coagulation available to evaluate the risks of bleeding in appropriate patient populations.","The American Society for Clinical Pathology and the ABIM foundation joined forces to develop and distribute evidence based recommendations on when medical tests and procedures may be appropriate. Content was written to help physicians, patients and other health care stakeholders to think, to practice and partake in shared decision making to avoid unnecessary and at times harmful tests and procedures based on your condition or symptoms. Choosing Wisely recommendations should not be used to establish coverage decisions or exclusions.",36,https://s3.amazonaws.com/itriage/choosing_wisely/.
388,Procedure,312,"Dont order an erythrocyte sedimentation rate (ESR) to look for inflammation in patients with undiagnosed conditions. Order a C-reactive protein (CRP) to detect acute phase inflammation.
CRP is a more sensitive and specific reflection of the acute phase of inflammation than is the ESR. In the first 24 hours of a disease process, the CRP will be elevated, while the ESR may be normal. If the source of inflammation is removed, the CRP will return to normal within a day or so, while the ESR will remain elevated for several days until excess fibrinogen is removed from the serum.","The American Society for Clinical Pathology and the ABIM foundation joined forces to develop and distribute evidence based recommendations on when medical tests and procedures may be appropriate. Content was written to help physicians, patients and other health care stakeholders to think, to practice and partake in shared decision making to avoid unnecessary and at times harmful tests and procedures based on your condition or symptoms. Choosing Wisely recommendations should not be used to establish coverage decisions or exclusions.",36,https://s3.amazonaws.com/itriage/choosing_wisely/.
390,Procedure,490,"Dont test vitamin K levels unless the patient has an abnormal international normalized ratio (INR) and does not respond to vitamin K therapy. Measurements of the level of vitamin K in the blood are rarely used to determine if a deficiency exists. Vitamin K deficiency is very rare, but when it does occur, a prolonged prothrombin time (PT) and elevated INR will result. A diagnosis is typically made by observing the PT correction following administration of vitamin K, plus the presence of clinical risk factors for vitamin K deficiency.","The American Society for Clinical Pathology and the ABIM foundation joined forces to develop and distribute evidence based recommendations on when medical tests and procedures may be appropriate. Content was written to help physicians, patients and other health care stakeholders to think, to practice and partake in shared decision making to avoid unnecessary and at times harmful tests and procedures based on your condition or symptoms. Choosing Wisely recommendations should not be used to establish coverage decisions or exclusions.",36,https://s3.amazonaws.com/itriage/choosing_wisely/.
392,Procedure,500,"Dont order multiple tests in the initial evaluation of a patient with suspected thyroid disease. Order thyroid-stimulating hormone (TSH), and if abnormal, follow up with additional evaluation or treatment depending on the findings. The TSH test can detect subclinical thyroid disease in patients without symptoms of thyroid dysfunction. A TSH value within the reference interval excludes the majority of cases of primary overt thyroid disease. If the TSH is abnormal, confirm the diagnosis with free thyroxine (T4).","The American Society for Clinical Pathology and the ABIM foundation joined forces to develop and distribute evidence based recommendations on when medical tests and procedures may be appropriate. Content was written to help physicians, patients and other health care stakeholders to think, to practice and partake in shared decision making to avoid unnecessary and at times harmful tests and procedures based on your condition or symptoms. Choosing Wisely recommendations should not be used to establish coverage decisions or exclusions.",36,https://s3.amazonaws.com/itriage/choosing_wisely/.
